===================================================
Timestamp: 2025-01-30T12:07:22.222264100
Client Info: Username: krisi, Address: /127.0.0.1:53615
Log Level: ERROR
Message: Error occurred while handling client: Username: krisi, Address: /127.0.0.1:53615
Stacktrace:
java.net.SocketException: Connection reset
	at java.base/sun.nio.ch.SocketChannelImpl.throwConnectionReset(SocketChannelImpl.java:403)
	at java.base/sun.nio.ch.SocketChannelImpl.implRead(SocketChannelImpl.java:419)
	at java.base/sun.nio.ch.SocketChannelImpl.read(SocketChannelImpl.java:493)
	at bg.sofia.uni.fmi.mjt.uno.server.ClientHandler.readMessageFromClient(ClientHandler.java:54)
	at bg.sofia.uni.fmi.mjt.uno.server.ClientHandler.run(ClientHandler.java:29)
	at java.base/java.lang.Thread.run(Thread.java:1575)
===================================================
Timestamp: 2025-01-30T12:07:22.223275900
Client Info: Username: krisi, Address: /127.0.0.1:53615
Log Level: ERROR
Message: Error occurred while handling client: Username: krisi, Address: /127.0.0.1:53615
Stacktrace:
java.net.SocketException: Connection reset
	at java.base/sun.nio.ch.SocketChannelImpl.throwConnectionReset(SocketChannelImpl.java:403)
	at java.base/sun.nio.ch.SocketChannelImpl.implRead(SocketChannelImpl.java:419)
	at java.base/sun.nio.ch.SocketChannelImpl.read(SocketChannelImpl.java:493)
	at bg.sofia.uni.fmi.mjt.uno.server.ClientHandler.readMessageFromClient(ClientHandler.java:54)
	at bg.sofia.uni.fmi.mjt.uno.server.ClientHandler.run(ClientHandler.java:29)
	at java.base/java.lang.Thread.run(Thread.java:1575)
===================================================
Timestamp: 2025-01-30T12:07:22.213739900
Client Info: Username: krisi, Address: /127.0.0.1:53615
Log Level: ERROR
Message: Error occurred while handling client: Username: krisi, Address: /127.0.0.1:53615
Stacktrace:
java.net.SocketException: Connection reset
	at java.base/sun.nio.ch.SocketChannelImpl.throwConnectionReset(SocketChannelImpl.java:403)
	at java.base/sun.nio.ch.SocketChannelImpl.implRead(SocketChannelImpl.java:419)
	at java.base/sun.nio.ch.SocketChannelImpl.read(SocketChannelImpl.java:493)
	at bg.sofia.uni.fmi.mjt.uno.server.ClientHandler.readMessageFromClient(ClientHandler.java:54)
	at bg.sofia.uni.fmi.mjt.uno.server.ClientHandler.run(ClientHandler.java:29)
	at java.base/java.lang.Thread.run(Thread.java:1575)
===================================================
Timestamp: 2025-01-30T12:07:22.222264100
Client Info: Username: krisi, Address: /127.0.0.1:53615
Log Level: ERROR
Message: Error occurred while handling client: Username: krisi, Address: /127.0.0.1:53615
Stacktrace:
java.net.SocketException: Connection reset
	at java.base/sun.nio.ch.SocketChannelImpl.throwConnectionReset(SocketChannelImpl.java:403)
	at java.base/sun.nio.ch.SocketChannelImpl.implRead(SocketChannelImpl.java:419)
	at java.base/sun.nio.ch.SocketChannelImpl.read(SocketChannelImpl.java:493)
	at bg.sofia.uni.fmi.mjt.uno.server.ClientHandler.readMessageFromClient(ClientHandler.java:54)
	at bg.sofia.uni.fmi.mjt.uno.server.ClientHandler.run(ClientHandler.java:29)
	at java.base/java.lang.Thread.run(Thread.java:1575)
===================================================
Timestamp: 2025-01-30T12:07:22.215739100
Client Info: Username: krisi, Address: /127.0.0.1:53615
Log Level: ERROR
Message: Error occurred while handling client: Username: krisi, Address: /127.0.0.1:53615
Stacktrace:
java.net.SocketException: Connection reset
	at java.base/sun.nio.ch.SocketChannelImpl.throwConnectionReset(SocketChannelImpl.java:403)
	at java.base/sun.nio.ch.SocketChannelImpl.implRead(SocketChannelImpl.java:419)
	at java.base/sun.nio.ch.SocketChannelImpl.read(SocketChannelImpl.java:493)
	at bg.sofia.uni.fmi.mjt.uno.server.ClientHandler.readMessageFromClient(ClientHandler.java:54)
	at bg.sofia.uni.fmi.mjt.uno.server.ClientHandler.run(ClientHandler.java:29)
	at java.base/java.lang.Thread.run(Thread.java:1575)
===================================================
Timestamp: 2025-01-30T12:07:22.224274200
Client Info: Username: krisi, Address: /127.0.0.1:53615
Log Level: ERROR
Message: Error occurred while handling client: Username: krisi, Address: /127.0.0.1:53615
Stacktrace:
java.net.SocketException: Connection reset
	at java.base/sun.nio.ch.SocketChannelImpl.throwConnectionReset(SocketChannelImpl.java:403)
	at java.base/sun.nio.ch.SocketChannelImpl.implRead(SocketChannelImpl.java:419)
	at java.base/sun.nio.ch.SocketChannelImpl.read(SocketChannelImpl.java:493)
	at bg.sofia.uni.fmi.mjt.uno.server.ClientHandler.readMessageFromClient(ClientHandler.java:54)
	at bg.sofia.uni.fmi.mjt.uno.server.ClientHandler.run(ClientHandler.java:29)
	at java.base/java.lang.Thread.run(Thread.java:1575)
===================================================
Timestamp: 2025-01-30T12:07:22.220739600
Client Info: Username: krisi, Address: /127.0.0.1:53615
Log Level: ERROR
Message: Error occurred while handling client: Username: krisi, Address: /127.0.0.1:53615
Stacktrace:
java.net.SocketException: Connection reset
	at java.base/sun.nio.ch.SocketChannelImpl.throwConnectionReset(SocketChannelImpl.java:403)
	at java.base/sun.nio.ch.SocketChannelImpl.implRead(SocketChannelImpl.java:419)
	at java.base/sun.nio.ch.SocketChannelImpl.read(SocketChannelImpl.java:493)
	at bg.sofia.uni.fmi.mjt.uno.server.ClientHandler.readMessageFromClient(ClientHandler.java:54)
	at bg.sofia.uni.fmi.mjt.uno.server.ClientHandler.run(ClientHandler.java:29)
	at java.base/java.lang.Thread.run(Thread.java:1575)
===================================================
Timestamp: 2025-01-30T12:07:22.217739700
Client Info: Username: krisi, Address: /127.0.0.1:53615
Log Level: ERROR
Message: Error occurred while handling client: Username: krisi, Address: /127.0.0.1:53615
Stacktrace:
java.net.SocketException: Connection reset
	at java.base/sun.nio.ch.SocketChannelImpl.throwConnectionReset(SocketChannelImpl.java:403)
	at java.base/sun.nio.ch.SocketChannelImpl.implRead(SocketChannelImpl.java:419)
	at java.base/sun.nio.ch.SocketChannelImpl.read(SocketChannelImpl.java:493)
	at bg.sofia.uni.fmi.mjt.uno.server.ClientHandler.readMessageFromClient(ClientHandler.java:54)
	at bg.sofia.uni.fmi.mjt.uno.server.ClientHandler.run(ClientHandler.java:29)
	at java.base/java.lang.Thread.run(Thread.java:1575)
===================================================
Timestamp: 2025-01-30T12:07:22.219740100
Client Info: Username: krisi, Address: /127.0.0.1:53615
Log Level: ERROR
Message: Error occurred while handling client: Username: krisi, Address: /127.0.0.1:53615
Stacktrace:
java.net.SocketException: Connection reset
	at java.base/sun.nio.ch.SocketChannelImpl.throwConnectionReset(SocketChannelImpl.java:403)
	at java.base/sun.nio.ch.SocketChannelImpl.implRead(SocketChannelImpl.java:419)
	at java.base/sun.nio.ch.SocketChannelImpl.read(SocketChannelImpl.java:493)
	at bg.sofia.uni.fmi.mjt.uno.server.ClientHandler.readMessageFromClient(ClientHandler.java:54)
	at bg.sofia.uni.fmi.mjt.uno.server.ClientHandler.run(ClientHandler.java:29)
	at java.base/java.lang.Thread.run(Thread.java:1575)
===================================================
Timestamp: 2025-01-30T12:07:22.221740500
Client Info: Username: krisi, Address: /127.0.0.1:53615
Log Level: ERROR
Message: Error occurred while handling client: Username: krisi, Address: /127.0.0.1:53615
Stacktrace:
java.net.SocketException: Connection reset
	at java.base/sun.nio.ch.SocketChannelImpl.throwConnectionReset(SocketChannelImpl.java:403)
	at java.base/sun.nio.ch.SocketChannelImpl.implRead(SocketChannelImpl.java:419)
	at java.base/sun.nio.ch.SocketChannelImpl.read(SocketChannelImpl.java:493)
	at bg.sofia.uni.fmi.mjt.uno.server.ClientHandler.readMessageFromClient(ClientHandler.java:54)
	at bg.sofia.uni.fmi.mjt.uno.server.ClientHandler.run(ClientHandler.java:29)
	at java.base/java.lang.Thread.run(Thread.java:1575)
===================================================
Timestamp: 2025-01-30T12:07:22.216741
Client Info: Username: krisi, Address: /127.0.0.1:53615
Log Level: ERROR
Message: Error occurred while handling client: Username: krisi, Address: /127.0.0.1:53615
Stacktrace:
java.net.SocketException: Connection reset
	at java.base/sun.nio.ch.SocketChannelImpl.throwConnectionReset(SocketChannelImpl.java:403)
	at java.base/sun.nio.ch.SocketChannelImpl.implRead(SocketChannelImpl.java:419)
	at java.base/sun.nio.ch.SocketChannelImpl.read(SocketChannelImpl.java:493)
	at bg.sofia.uni.fmi.mjt.uno.server.ClientHandler.readMessageFromClient(ClientHandler.java:54)
	at bg.sofia.uni.fmi.mjt.uno.server.ClientHandler.run(ClientHandler.java:29)
	at java.base/java.lang.Thread.run(Thread.java:1575)
===================================================
Timestamp: 2025-01-30T12:07:22.218739500
Client Info: Username: krisi, Address: /127.0.0.1:53615
Log Level: ERROR
Message: Error occurred while handling client: Username: krisi, Address: /127.0.0.1:53615
Stacktrace:
java.net.SocketException: Connection reset
	at java.base/sun.nio.ch.SocketChannelImpl.throwConnectionReset(SocketChannelImpl.java:403)
	at java.base/sun.nio.ch.SocketChannelImpl.implRead(SocketChannelImpl.java:419)
	at java.base/sun.nio.ch.SocketChannelImpl.read(SocketChannelImpl.java:493)
	at bg.sofia.uni.fmi.mjt.uno.server.ClientHandler.readMessageFromClient(ClientHandler.java:54)
	at bg.sofia.uni.fmi.mjt.uno.server.ClientHandler.run(ClientHandler.java:29)
	at java.base/java.lang.Thread.run(Thread.java:1575)
===================================================
Timestamp: 2025-01-30T12:07:22.219740100
Client Info: Username: krisi, Address: /127.0.0.1:53615
Log Level: ERROR
Message: Error occurred while handling client: Username: krisi, Address: /127.0.0.1:53615
Stacktrace:
java.net.SocketException: Connection reset
	at java.base/sun.nio.ch.SocketChannelImpl.throwConnectionReset(SocketChannelImpl.java:403)
	at java.base/sun.nio.ch.SocketChannelImpl.implRead(SocketChannelImpl.java:419)
	at java.base/sun.nio.ch.SocketChannelImpl.read(SocketChannelImpl.java:493)
	at bg.sofia.uni.fmi.mjt.uno.server.ClientHandler.readMessageFromClient(ClientHandler.java:54)
	at bg.sofia.uni.fmi.mjt.uno.server.ClientHandler.run(ClientHandler.java:29)
	at java.base/java.lang.Thread.run(Thread.java:1575)
===================================================
Timestamp: 2025-01-30T12:07:22.217739700
Client Info: Username: krisi, Address: /127.0.0.1:53615
Log Level: ERROR
Message: Error occurred while handling client: Username: krisi, Address: /127.0.0.1:53615
Stacktrace:
java.net.SocketException: Connection reset
	at java.base/sun.nio.ch.SocketChannelImpl.throwConnectionReset(SocketChannelImpl.java:403)
	at java.base/sun.nio.ch.SocketChannelImpl.implRead(SocketChannelImpl.java:419)
	at java.base/sun.nio.ch.SocketChannelImpl.read(SocketChannelImpl.java:493)
	at bg.sofia.uni.fmi.mjt.uno.server.ClientHandler.readMessageFromClient(ClientHandler.java:54)
	at bg.sofia.uni.fmi.mjt.uno.server.ClientHandler.run(ClientHandler.java:29)
	at java.base/java.lang.Thread.run(Thread.java:1575)
===================================================
Timestamp: 2025-01-30T12:07:22.214740700
Client Info: Username: krisi, Address: /127.0.0.1:53615
Log Level: ERROR
Message: Error occurred while handling client: Username: krisi, Address: /127.0.0.1:53615
Stacktrace:
java.net.SocketException: Connection reset
	at java.base/sun.nio.ch.SocketChannelImpl.throwConnectionReset(SocketChannelImpl.java:403)
	at java.base/sun.nio.ch.SocketChannelImpl.implRead(SocketChannelImpl.java:419)
	at java.base/sun.nio.ch.SocketChannelImpl.read(SocketChannelImpl.java:493)
	at bg.sofia.uni.fmi.mjt.uno.server.ClientHandler.readMessageFromClient(ClientHandler.java:54)
	at bg.sofia.uni.fmi.mjt.uno.server.ClientHandler.run(ClientHandler.java:29)
	at java.base/java.lang.Thread.run(Thread.java:1575)
===================================================
Timestamp: 2025-01-30T12:07:22.220739600
Client Info: Username: krisi, Address: /127.0.0.1:53615
Log Level: ERROR
Message: Error occurred while handling client: Username: krisi, Address: /127.0.0.1:53615
Stacktrace:
java.net.SocketException: Connection reset
	at java.base/sun.nio.ch.SocketChannelImpl.throwConnectionReset(SocketChannelImpl.java:403)
	at java.base/sun.nio.ch.SocketChannelImpl.implRead(SocketChannelImpl.java:419)
	at java.base/sun.nio.ch.SocketChannelImpl.read(SocketChannelImpl.java:493)
	at bg.sofia.uni.fmi.mjt.uno.server.ClientHandler.readMessageFromClient(ClientHandler.java:54)
	at bg.sofia.uni.fmi.mjt.uno.server.ClientHandler.run(ClientHandler.java:29)
	at java.base/java.lang.Thread.run(Thread.java:1575)
===================================================
Timestamp: 2025-01-30T12:07:22.223275900
Client Info: Username: krisi, Address: /127.0.0.1:53615
Log Level: ERROR
Message: Error occurred while handling client: Username: krisi, Address: /127.0.0.1:53615
Stacktrace:
java.net.SocketException: Connection reset
	at java.base/sun.nio.ch.SocketChannelImpl.throwConnectionReset(SocketChannelImpl.java:403)
	at java.base/sun.nio.ch.SocketChannelImpl.implRead(SocketChannelImpl.java:419)
	at java.base/sun.nio.ch.SocketChannelImpl.read(SocketChannelImpl.java:493)
	at bg.sofia.uni.fmi.mjt.uno.server.ClientHandler.readMessageFromClient(ClientHandler.java:54)
	at bg.sofia.uni.fmi.mjt.uno.server.ClientHandler.run(ClientHandler.java:29)
	at java.base/java.lang.Thread.run(Thread.java:1575)
===================================================
Timestamp: 2025-01-30T12:07:22.221740500
Client Info: Username: krisi, Address: /127.0.0.1:53615
Log Level: ERROR
Message: Error occurred while handling client: Username: krisi, Address: /127.0.0.1:53615
Stacktrace:
java.net.SocketException: Connection reset
	at java.base/sun.nio.ch.SocketChannelImpl.throwConnectionReset(SocketChannelImpl.java:403)
	at java.base/sun.nio.ch.SocketChannelImpl.implRead(SocketChannelImpl.java:419)
	at java.base/sun.nio.ch.SocketChannelImpl.read(SocketChannelImpl.java:493)
	at bg.sofia.uni.fmi.mjt.uno.server.ClientHandler.readMessageFromClient(ClientHandler.java:54)
	at bg.sofia.uni.fmi.mjt.uno.server.ClientHandler.run(ClientHandler.java:29)
	at java.base/java.lang.Thread.run(Thread.java:1575)
===================================================
Timestamp: 2025-01-30T12:07:22.282663700
Client Info: Username: krisi, Address: /127.0.0.1:53615
Log Level: ERROR
Message: Error occurred while handling client: Username: krisi, Address: /127.0.0.1:53615
Stacktrace:
java.net.SocketException: Connection reset
	at java.base/sun.nio.ch.SocketChannelImpl.throwConnectionReset(SocketChannelImpl.java:403)
	at java.base/sun.nio.ch.SocketChannelImpl.implRead(SocketChannelImpl.java:419)
	at java.base/sun.nio.ch.SocketChannelImpl.read(SocketChannelImpl.java:493)
	at bg.sofia.uni.fmi.mjt.uno.server.ClientHandler.readMessageFromClient(ClientHandler.java:54)
	at bg.sofia.uni.fmi.mjt.uno.server.ClientHandler.run(ClientHandler.java:29)
	at java.base/java.lang.Thread.run(Thread.java:1575)
===================================================
Timestamp: 2025-01-30T12:07:22.299900
Client Info: Username: krisi, Address: /127.0.0.1:53615
Log Level: ERROR
Message: Error occurred while handling client: Username: krisi, Address: /127.0.0.1:53615
Stacktrace:
java.net.SocketException: Connection reset
	at java.base/sun.nio.ch.SocketChannelImpl.throwConnectionReset(SocketChannelImpl.java:403)
	at java.base/sun.nio.ch.SocketChannelImpl.implRead(SocketChannelImpl.java:419)
	at java.base/sun.nio.ch.SocketChannelImpl.read(SocketChannelImpl.java:493)
	at bg.sofia.uni.fmi.mjt.uno.server.ClientHandler.readMessageFromClient(ClientHandler.java:54)
	at bg.sofia.uni.fmi.mjt.uno.server.ClientHandler.run(ClientHandler.java:29)
	at java.base/java.lang.Thread.run(Thread.java:1575)
===================================================
Timestamp: 2025-01-30T12:07:22.273663600
Client Info: Username: krisi, Address: /127.0.0.1:53615
Log Level: ERROR
Message: Error occurred while handling client: Username: krisi, Address: /127.0.0.1:53615
Stacktrace:
java.net.SocketException: Connection reset
	at java.base/sun.nio.ch.SocketChannelImpl.throwConnectionReset(SocketChannelImpl.java:403)
	at java.base/sun.nio.ch.SocketChannelImpl.implRead(SocketChannelImpl.java:419)
	at java.base/sun.nio.ch.SocketChannelImpl.read(SocketChannelImpl.java:493)
	at bg.sofia.uni.fmi.mjt.uno.server.ClientHandler.readMessageFromClient(ClientHandler.java:54)
	at bg.sofia.uni.fmi.mjt.uno.server.ClientHandler.run(ClientHandler.java:29)
	at java.base/java.lang.Thread.run(Thread.java:1575)
===================================================
Timestamp: 2025-01-30T12:07:22.217739700
Client Info: Username: krisi, Address: /127.0.0.1:53615
Log Level: ERROR
Message: Error occurred while handling client: Username: krisi, Address: /127.0.0.1:53615
Stacktrace:
java.net.SocketException: Connection reset
	at java.base/sun.nio.ch.SocketChannelImpl.throwConnectionReset(SocketChannelImpl.java:403)
	at java.base/sun.nio.ch.SocketChannelImpl.implRead(SocketChannelImpl.java:419)
	at java.base/sun.nio.ch.SocketChannelImpl.read(SocketChannelImpl.java:493)
	at bg.sofia.uni.fmi.mjt.uno.server.ClientHandler.readMessageFromClient(ClientHandler.java:54)
	at bg.sofia.uni.fmi.mjt.uno.server.ClientHandler.run(ClientHandler.java:29)
	at java.base/java.lang.Thread.run(Thread.java:1575)
===================================================
Timestamp: 2025-01-30T12:07:22.219740100
Client Info: Username: krisi, Address: /127.0.0.1:53615
Log Level: ERROR
Message: Error occurred while handling client: Username: krisi, Address: /127.0.0.1:53615
Stacktrace:
java.net.SocketException: Connection reset
	at java.base/sun.nio.ch.SocketChannelImpl.throwConnectionReset(SocketChannelImpl.java:403)
	at java.base/sun.nio.ch.SocketChannelImpl.implRead(SocketChannelImpl.java:419)
	at java.base/sun.nio.ch.SocketChannelImpl.read(SocketChannelImpl.java:493)
	at bg.sofia.uni.fmi.mjt.uno.server.ClientHandler.readMessageFromClient(ClientHandler.java:54)
	at bg.sofia.uni.fmi.mjt.uno.server.ClientHandler.run(ClientHandler.java:29)
	at java.base/java.lang.Thread.run(Thread.java:1575)
===================================================
Timestamp: 2025-01-30T12:07:22.222264100
Client Info: Username: krisi, Address: /127.0.0.1:53615
Log Level: ERROR
Message: Error occurred while handling client: Username: krisi, Address: /127.0.0.1:53615
Stacktrace:
java.net.SocketException: Connection reset
	at java.base/sun.nio.ch.SocketChannelImpl.throwConnectionReset(SocketChannelImpl.java:403)
	at java.base/sun.nio.ch.SocketChannelImpl.implRead(SocketChannelImpl.java:419)
	at java.base/sun.nio.ch.SocketChannelImpl.read(SocketChannelImpl.java:493)
	at bg.sofia.uni.fmi.mjt.uno.server.ClientHandler.readMessageFromClient(ClientHandler.java:54)
	at bg.sofia.uni.fmi.mjt.uno.server.ClientHandler.run(ClientHandler.java:29)
	at java.base/java.lang.Thread.run(Thread.java:1575)
===================================================
Timestamp: 2025-01-30T12:07:22.289058600
Client Info: Username: krisi, Address: /127.0.0.1:53615
Log Level: ERROR
Message: Error occurred while handling client: Username: krisi, Address: /127.0.0.1:53615
Stacktrace:
java.net.SocketException: Connection reset
	at java.base/sun.nio.ch.SocketChannelImpl.throwConnectionReset(SocketChannelImpl.java:403)
	at java.base/sun.nio.ch.SocketChannelImpl.implRead(SocketChannelImpl.java:419)
	at java.base/sun.nio.ch.SocketChannelImpl.read(SocketChannelImpl.java:493)
	at bg.sofia.uni.fmi.mjt.uno.server.ClientHandler.readMessageFromClient(ClientHandler.java:54)
	at bg.sofia.uni.fmi.mjt.uno.server.ClientHandler.run(ClientHandler.java:29)
	at java.base/java.lang.Thread.run(Thread.java:1575)
===================================================
Timestamp: 2025-01-30T12:07:22.299900
Client Info: Username: krisi, Address: /127.0.0.1:53615
Log Level: ERROR
Message: Error occurred while handling client: Username: krisi, Address: /127.0.0.1:53615
Stacktrace:
java.net.SocketException: Connection reset
	at java.base/sun.nio.ch.SocketChannelImpl.throwConnectionReset(SocketChannelImpl.java:403)
	at java.base/sun.nio.ch.SocketChannelImpl.implRead(SocketChannelImpl.java:419)
	at java.base/sun.nio.ch.SocketChannelImpl.read(SocketChannelImpl.java:493)
	at bg.sofia.uni.fmi.mjt.uno.server.ClientHandler.readMessageFromClient(ClientHandler.java:54)
	at bg.sofia.uni.fmi.mjt.uno.server.ClientHandler.run(ClientHandler.java:29)
	at java.base/java.lang.Thread.run(Thread.java:1575)
===================================================
Timestamp: 2025-01-30T12:07:22.215739100
Client Info: Username: krisi, Address: /127.0.0.1:53615
Log Level: ERROR
Message: Error occurred while handling client: Username: krisi, Address: /127.0.0.1:53615
Stacktrace:
java.net.SocketException: Connection reset
	at java.base/sun.nio.ch.SocketChannelImpl.throwConnectionReset(SocketChannelImpl.java:403)
	at java.base/sun.nio.ch.SocketChannelImpl.implRead(SocketChannelImpl.java:419)
	at java.base/sun.nio.ch.SocketChannelImpl.read(SocketChannelImpl.java:493)
	at bg.sofia.uni.fmi.mjt.uno.server.ClientHandler.readMessageFromClient(ClientHandler.java:54)
	at bg.sofia.uni.fmi.mjt.uno.server.ClientHandler.run(ClientHandler.java:29)
	at java.base/java.lang.Thread.run(Thread.java:1575)
===================================================
Timestamp: 2025-01-30T12:07:22.220739600
Client Info: Username: krisi, Address: /127.0.0.1:53615
Log Level: ERROR
Message: Error occurred while handling client: Username: krisi, Address: /127.0.0.1:53615
Stacktrace:
java.net.SocketException: Connection reset
	at java.base/sun.nio.ch.SocketChannelImpl.throwConnectionReset(SocketChannelImpl.java:403)
	at java.base/sun.nio.ch.SocketChannelImpl.implRead(SocketChannelImpl.java:419)
	at java.base/sun.nio.ch.SocketChannelImpl.read(SocketChannelImpl.java:493)
	at bg.sofia.uni.fmi.mjt.uno.server.ClientHandler.readMessageFromClient(ClientHandler.java:54)
	at bg.sofia.uni.fmi.mjt.uno.server.ClientHandler.run(ClientHandler.java:29)
	at java.base/java.lang.Thread.run(Thread.java:1575)
===================================================
Timestamp: 2025-01-30T12:07:22.221740500
Client Info: Username: krisi, Address: /127.0.0.1:53615
Log Level: ERROR
Message: Error occurred while handling client: Username: krisi, Address: /127.0.0.1:53615
Stacktrace:
java.net.SocketException: Connection reset
	at java.base/sun.nio.ch.SocketChannelImpl.throwConnectionReset(SocketChannelImpl.java:403)
	at java.base/sun.nio.ch.SocketChannelImpl.implRead(SocketChannelImpl.java:419)
	at java.base/sun.nio.ch.SocketChannelImpl.read(SocketChannelImpl.java:493)
	at bg.sofia.uni.fmi.mjt.uno.server.ClientHandler.readMessageFromClient(ClientHandler.java:54)
	at bg.sofia.uni.fmi.mjt.uno.server.ClientHandler.run(ClientHandler.java:29)
	at java.base/java.lang.Thread.run(Thread.java:1575)
===================================================
Timestamp: 2025-01-30T12:07:22.224274200
Client Info: Username: krisi, Address: /127.0.0.1:53615
Log Level: ERROR
Message: Error occurred while handling client: Username: krisi, Address: /127.0.0.1:53615
Stacktrace:
java.net.SocketException: Connection reset
	at java.base/sun.nio.ch.SocketChannelImpl.throwConnectionReset(SocketChannelImpl.java:403)
	at java.base/sun.nio.ch.SocketChannelImpl.implRead(SocketChannelImpl.java:419)
	at java.base/sun.nio.ch.SocketChannelImpl.read(SocketChannelImpl.java:493)
	at bg.sofia.uni.fmi.mjt.uno.server.ClientHandler.readMessageFromClient(ClientHandler.java:54)
	at bg.sofia.uni.fmi.mjt.uno.server.ClientHandler.run(ClientHandler.java:29)
	at java.base/java.lang.Thread.run(Thread.java:1575)
===================================================
Timestamp: 2025-01-30T12:07:22.222264100
Client Info: Username: krisi, Address: /127.0.0.1:53615
Log Level: ERROR
Message: Error occurred while handling client: Username: krisi, Address: /127.0.0.1:53615
Stacktrace:
java.net.SocketException: Connection reset
	at java.base/sun.nio.ch.SocketChannelImpl.throwConnectionReset(SocketChannelImpl.java:403)
	at java.base/sun.nio.ch.SocketChannelImpl.implRead(SocketChannelImpl.java:419)
	at java.base/sun.nio.ch.SocketChannelImpl.read(SocketChannelImpl.java:493)
	at bg.sofia.uni.fmi.mjt.uno.server.ClientHandler.readMessageFromClient(ClientHandler.java:54)
	at bg.sofia.uni.fmi.mjt.uno.server.ClientHandler.run(ClientHandler.java:29)
	at java.base/java.lang.Thread.run(Thread.java:1575)
===================================================
Timestamp: 2025-01-30T12:07:22.221740500
Client Info: Username: krisi, Address: /127.0.0.1:53615
Log Level: ERROR
Message: Error occurred while handling client: Username: krisi, Address: /127.0.0.1:53615
Stacktrace:
java.net.SocketException: Connection reset
	at java.base/sun.nio.ch.SocketChannelImpl.throwConnectionReset(SocketChannelImpl.java:403)
	at java.base/sun.nio.ch.SocketChannelImpl.implRead(SocketChannelImpl.java:419)
	at java.base/sun.nio.ch.SocketChannelImpl.read(SocketChannelImpl.java:493)
	at bg.sofia.uni.fmi.mjt.uno.server.ClientHandler.readMessageFromClient(ClientHandler.java:54)
	at bg.sofia.uni.fmi.mjt.uno.server.ClientHandler.run(ClientHandler.java:29)
	at java.base/java.lang.Thread.run(Thread.java:1575)
===================================================
Timestamp: 2025-01-30T12:07:22.303899200
Client Info: Username: krisi, Address: /127.0.0.1:53615
Log Level: ERROR
Message: Error occurred while handling client: Username: krisi, Address: /127.0.0.1:53615
Stacktrace:
java.net.SocketException: Connection reset
	at java.base/sun.nio.ch.SocketChannelImpl.throwConnectionReset(SocketChannelImpl.java:403)
	at java.base/sun.nio.ch.SocketChannelImpl.implRead(SocketChannelImpl.java:419)
	at java.base/sun.nio.ch.SocketChannelImpl.read(SocketChannelImpl.java:493)
	at bg.sofia.uni.fmi.mjt.uno.server.ClientHandler.readMessageFromClient(ClientHandler.java:54)
	at bg.sofia.uni.fmi.mjt.uno.server.ClientHandler.run(ClientHandler.java:29)
	at java.base/java.lang.Thread.run(Thread.java:1575)
===================================================
Timestamp: 2025-01-30T12:07:22.222264100
Client Info: Username: krisi, Address: /127.0.0.1:53615
Log Level: ERROR
Message: Error occurred while handling client: Username: krisi, Address: /127.0.0.1:53615
Stacktrace:
java.net.SocketException: Connection reset
	at java.base/sun.nio.ch.SocketChannelImpl.throwConnectionReset(SocketChannelImpl.java:403)
	at java.base/sun.nio.ch.SocketChannelImpl.implRead(SocketChannelImpl.java:419)
	at java.base/sun.nio.ch.SocketChannelImpl.read(SocketChannelImpl.java:493)
	at bg.sofia.uni.fmi.mjt.uno.server.ClientHandler.readMessageFromClient(ClientHandler.java:54)
	at bg.sofia.uni.fmi.mjt.uno.server.ClientHandler.run(ClientHandler.java:29)
	at java.base/java.lang.Thread.run(Thread.java:1575)
===================================================
Timestamp: 2025-01-30T12:07:22.303899200
Client Info: Username: krisi, Address: /127.0.0.1:53615
Log Level: ERROR
Message: Error occurred while handling client: Username: krisi, Address: /127.0.0.1:53615
Stacktrace:
java.net.SocketException: Connection reset
	at java.base/sun.nio.ch.SocketChannelImpl.throwConnectionReset(SocketChannelImpl.java:403)
	at java.base/sun.nio.ch.SocketChannelImpl.implRead(SocketChannelImpl.java:419)
	at java.base/sun.nio.ch.SocketChannelImpl.read(SocketChannelImpl.java:493)
	at bg.sofia.uni.fmi.mjt.uno.server.ClientHandler.readMessageFromClient(ClientHandler.java:54)
	at bg.sofia.uni.fmi.mjt.uno.server.ClientHandler.run(ClientHandler.java:29)
	at java.base/java.lang.Thread.run(Thread.java:1575)
===================================================
Timestamp: 2025-01-30T12:07:22.213739900
Client Info: Username: krisi, Address: /127.0.0.1:53615
Log Level: ERROR
Message: Error occurred while handling client: Username: krisi, Address: /127.0.0.1:53615
Stacktrace:
java.net.SocketException: Connection reset
	at java.base/sun.nio.ch.SocketChannelImpl.throwConnectionReset(SocketChannelImpl.java:403)
	at java.base/sun.nio.ch.SocketChannelImpl.implRead(SocketChannelImpl.java:419)
	at java.base/sun.nio.ch.SocketChannelImpl.read(SocketChannelImpl.java:493)
	at bg.sofia.uni.fmi.mjt.uno.server.ClientHandler.readMessageFromClient(ClientHandler.java:54)
	at bg.sofia.uni.fmi.mjt.uno.server.ClientHandler.run(ClientHandler.java:29)
	at java.base/java.lang.Thread.run(Thread.java:1575)
===================================================
Timestamp: 2025-01-30T12:07:22.214740700
Client Info: Username: krisi, Address: /127.0.0.1:53615
Log Level: ERROR
Message: Error occurred while handling client: Username: krisi, Address: /127.0.0.1:53615
Stacktrace:
java.net.SocketException: Connection reset
	at java.base/sun.nio.ch.SocketChannelImpl.throwConnectionReset(SocketChannelImpl.java:403)
	at java.base/sun.nio.ch.SocketChannelImpl.implRead(SocketChannelImpl.java:419)
	at java.base/sun.nio.ch.SocketChannelImpl.read(SocketChannelImpl.java:493)
	at bg.sofia.uni.fmi.mjt.uno.server.ClientHandler.readMessageFromClient(ClientHandler.java:54)
	at bg.sofia.uni.fmi.mjt.uno.server.ClientHandler.run(ClientHandler.java:29)
	at java.base/java.lang.Thread.run(Thread.java:1575)
===================================================
Timestamp: 2025-01-30T12:07:22.220739600
Client Info: Username: krisi, Address: /127.0.0.1:53615
Log Level: ERROR
Message: Error occurred while handling client: Username: krisi, Address: /127.0.0.1:53615
Stacktrace:
java.net.SocketException: Connection reset
	at java.base/sun.nio.ch.SocketChannelImpl.throwConnectionReset(SocketChannelImpl.java:403)
	at java.base/sun.nio.ch.SocketChannelImpl.implRead(SocketChannelImpl.java:419)
	at java.base/sun.nio.ch.SocketChannelImpl.read(SocketChannelImpl.java:493)
	at bg.sofia.uni.fmi.mjt.uno.server.ClientHandler.readMessageFromClient(ClientHandler.java:54)
	at bg.sofia.uni.fmi.mjt.uno.server.ClientHandler.run(ClientHandler.java:29)
	at java.base/java.lang.Thread.run(Thread.java:1575)
===================================================
Timestamp: 2025-01-30T12:07:22.218739500
Client Info: Username: krisi, Address: /127.0.0.1:53615
Log Level: ERROR
Message: Error occurred while handling client: Username: krisi, Address: /127.0.0.1:53615
Stacktrace:
java.net.SocketException: Connection reset
	at java.base/sun.nio.ch.SocketChannelImpl.throwConnectionReset(SocketChannelImpl.java:403)
	at java.base/sun.nio.ch.SocketChannelImpl.implRead(SocketChannelImpl.java:419)
	at java.base/sun.nio.ch.SocketChannelImpl.read(SocketChannelImpl.java:493)
	at bg.sofia.uni.fmi.mjt.uno.server.ClientHandler.readMessageFromClient(ClientHandler.java:54)
	at bg.sofia.uni.fmi.mjt.uno.server.ClientHandler.run(ClientHandler.java:29)
	at java.base/java.lang.Thread.run(Thread.java:1575)
===================================================
Timestamp: 2025-01-30T12:07:22.214740700
Client Info: Username: krisi, Address: /127.0.0.1:53615
Log Level: ERROR
Message: Error occurred while handling client: Username: krisi, Address: /127.0.0.1:53615
Stacktrace:
java.net.SocketException: Connection reset
	at java.base/sun.nio.ch.SocketChannelImpl.throwConnectionReset(SocketChannelImpl.java:403)
	at java.base/sun.nio.ch.SocketChannelImpl.implRead(SocketChannelImpl.java:419)
	at java.base/sun.nio.ch.SocketChannelImpl.read(SocketChannelImpl.java:493)
	at bg.sofia.uni.fmi.mjt.uno.server.ClientHandler.readMessageFromClient(ClientHandler.java:54)
	at bg.sofia.uni.fmi.mjt.uno.server.ClientHandler.run(ClientHandler.java:29)
	at java.base/java.lang.Thread.run(Thread.java:1575)
===================================================
Timestamp: 2025-01-30T12:07:22.297725900
Client Info: Username: krisi, Address: /127.0.0.1:53615
Log Level: ERROR
Message: Error occurred while handling client: Username: krisi, Address: /127.0.0.1:53615
Stacktrace:
java.net.SocketException: Connection reset
	at java.base/sun.nio.ch.SocketChannelImpl.throwConnectionReset(SocketChannelImpl.java:403)
	at java.base/sun.nio.ch.SocketChannelImpl.implRead(SocketChannelImpl.java:419)
	at java.base/sun.nio.ch.SocketChannelImpl.read(SocketChannelImpl.java:493)
	at bg.sofia.uni.fmi.mjt.uno.server.ClientHandler.readMessageFromClient(ClientHandler.java:54)
	at bg.sofia.uni.fmi.mjt.uno.server.ClientHandler.run(ClientHandler.java:29)
	at java.base/java.lang.Thread.run(Thread.java:1575)
===================================================
Timestamp: 2025-01-30T12:07:22.215739100
Client Info: Username: krisi, Address: /127.0.0.1:53615
Log Level: ERROR
Message: Error occurred while handling client: Username: krisi, Address: /127.0.0.1:53615
Stacktrace:
java.net.SocketException: Connection reset
	at java.base/sun.nio.ch.SocketChannelImpl.throwConnectionReset(SocketChannelImpl.java:403)
	at java.base/sun.nio.ch.SocketChannelImpl.implRead(SocketChannelImpl.java:419)
	at java.base/sun.nio.ch.SocketChannelImpl.read(SocketChannelImpl.java:493)
	at bg.sofia.uni.fmi.mjt.uno.server.ClientHandler.readMessageFromClient(ClientHandler.java:54)
	at bg.sofia.uni.fmi.mjt.uno.server.ClientHandler.run(ClientHandler.java:29)
	at java.base/java.lang.Thread.run(Thread.java:1575)
===================================================
Timestamp: 2025-01-30T12:07:22.233743400
Client Info: Username: krisi, Address: /127.0.0.1:53615
Log Level: ERROR
Message: Error occurred while handling client: Username: krisi, Address: /127.0.0.1:53615
Stacktrace:
java.net.SocketException: Connection reset
	at java.base/sun.nio.ch.SocketChannelImpl.throwConnectionReset(SocketChannelImpl.java:403)
	at java.base/sun.nio.ch.SocketChannelImpl.implRead(SocketChannelImpl.java:419)
	at java.base/sun.nio.ch.SocketChannelImpl.read(SocketChannelImpl.java:493)
	at bg.sofia.uni.fmi.mjt.uno.server.ClientHandler.readMessageFromClient(ClientHandler.java:54)
	at bg.sofia.uni.fmi.mjt.uno.server.ClientHandler.run(ClientHandler.java:29)
	at java.base/java.lang.Thread.run(Thread.java:1575)
===================================================
Timestamp: 2025-01-30T12:07:22.219740100
Client Info: Username: krisi, Address: /127.0.0.1:53615
Log Level: ERROR
Message: Error occurred while handling client: Username: krisi, Address: /127.0.0.1:53615
Stacktrace:
java.net.SocketException: Connection reset
	at java.base/sun.nio.ch.SocketChannelImpl.throwConnectionReset(SocketChannelImpl.java:403)
	at java.base/sun.nio.ch.SocketChannelImpl.implRead(SocketChannelImpl.java:419)
	at java.base/sun.nio.ch.SocketChannelImpl.read(SocketChannelImpl.java:493)
	at bg.sofia.uni.fmi.mjt.uno.server.ClientHandler.readMessageFromClient(ClientHandler.java:54)
	at bg.sofia.uni.fmi.mjt.uno.server.ClientHandler.run(ClientHandler.java:29)
	at java.base/java.lang.Thread.run(Thread.java:1575)
===================================================
Timestamp: 2025-01-30T12:07:22.214740700
Client Info: Username: krisi, Address: /127.0.0.1:53615
Log Level: ERROR
Message: Error occurred while handling client: Username: krisi, Address: /127.0.0.1:53615
Stacktrace:
java.net.SocketException: Connection reset
	at java.base/sun.nio.ch.SocketChannelImpl.throwConnectionReset(SocketChannelImpl.java:403)
	at java.base/sun.nio.ch.SocketChannelImpl.implRead(SocketChannelImpl.java:419)
	at java.base/sun.nio.ch.SocketChannelImpl.read(SocketChannelImpl.java:493)
	at bg.sofia.uni.fmi.mjt.uno.server.ClientHandler.readMessageFromClient(ClientHandler.java:54)
	at bg.sofia.uni.fmi.mjt.uno.server.ClientHandler.run(ClientHandler.java:29)
	at java.base/java.lang.Thread.run(Thread.java:1575)
===================================================
Timestamp: 2025-01-30T12:07:22.219740100
Client Info: Username: krisi, Address: /127.0.0.1:53615
Log Level: ERROR
Message: Error occurred while handling client: Username: krisi, Address: /127.0.0.1:53615
Stacktrace:
java.net.SocketException: Connection reset
	at java.base/sun.nio.ch.SocketChannelImpl.throwConnectionReset(SocketChannelImpl.java:403)
	at java.base/sun.nio.ch.SocketChannelImpl.implRead(SocketChannelImpl.java:419)
	at java.base/sun.nio.ch.SocketChannelImpl.read(SocketChannelImpl.java:493)
	at bg.sofia.uni.fmi.mjt.uno.server.ClientHandler.readMessageFromClient(ClientHandler.java:54)
	at bg.sofia.uni.fmi.mjt.uno.server.ClientHandler.run(ClientHandler.java:29)
	at java.base/java.lang.Thread.run(Thread.java:1575)
===================================================
Timestamp: 2025-01-30T12:07:22.223275900
Client Info: Username: krisi, Address: /127.0.0.1:53615
Log Level: ERROR
Message: Error occurred while handling client: Username: krisi, Address: /127.0.0.1:53615
Stacktrace:
java.net.SocketException: Connection reset
	at java.base/sun.nio.ch.SocketChannelImpl.throwConnectionReset(SocketChannelImpl.java:403)
	at java.base/sun.nio.ch.SocketChannelImpl.implRead(SocketChannelImpl.java:419)
	at java.base/sun.nio.ch.SocketChannelImpl.read(SocketChannelImpl.java:493)
	at bg.sofia.uni.fmi.mjt.uno.server.ClientHandler.readMessageFromClient(ClientHandler.java:54)
	at bg.sofia.uni.fmi.mjt.uno.server.ClientHandler.run(ClientHandler.java:29)
	at java.base/java.lang.Thread.run(Thread.java:1575)
===================================================
Timestamp: 2025-01-30T12:07:22.222264100
Client Info: Username: krisi, Address: /127.0.0.1:53615
Log Level: ERROR
Message: Error occurred while handling client: Username: krisi, Address: /127.0.0.1:53615
Stacktrace:
java.net.SocketException: Connection reset
	at java.base/sun.nio.ch.SocketChannelImpl.throwConnectionReset(SocketChannelImpl.java:403)
	at java.base/sun.nio.ch.SocketChannelImpl.implRead(SocketChannelImpl.java:419)
	at java.base/sun.nio.ch.SocketChannelImpl.read(SocketChannelImpl.java:493)
	at bg.sofia.uni.fmi.mjt.uno.server.ClientHandler.readMessageFromClient(ClientHandler.java:54)
	at bg.sofia.uni.fmi.mjt.uno.server.ClientHandler.run(ClientHandler.java:29)
	at java.base/java.lang.Thread.run(Thread.java:1575)
===================================================
Timestamp: 2025-01-30T12:07:22.291715100
Client Info: Username: krisi, Address: /127.0.0.1:53615
Log Level: ERROR
Message: Error occurred while handling client: Username: krisi, Address: /127.0.0.1:53615
Stacktrace:
java.net.SocketException: Connection reset
	at java.base/sun.nio.ch.SocketChannelImpl.throwConnectionReset(SocketChannelImpl.java:403)
	at java.base/sun.nio.ch.SocketChannelImpl.implRead(SocketChannelImpl.java:419)
	at java.base/sun.nio.ch.SocketChannelImpl.read(SocketChannelImpl.java:493)
	at bg.sofia.uni.fmi.mjt.uno.server.ClientHandler.readMessageFromClient(ClientHandler.java:54)
	at bg.sofia.uni.fmi.mjt.uno.server.ClientHandler.run(ClientHandler.java:29)
	at java.base/java.lang.Thread.run(Thread.java:1575)
===================================================
Timestamp: 2025-01-30T12:07:22.222264100
Client Info: Username: krisi, Address: /127.0.0.1:53615
Log Level: ERROR
Message: Error occurred while handling client: Username: krisi, Address: /127.0.0.1:53615
Stacktrace:
java.net.SocketException: Connection reset
	at java.base/sun.nio.ch.SocketChannelImpl.throwConnectionReset(SocketChannelImpl.java:403)
	at java.base/sun.nio.ch.SocketChannelImpl.implRead(SocketChannelImpl.java:419)
	at java.base/sun.nio.ch.SocketChannelImpl.read(SocketChannelImpl.java:493)
	at bg.sofia.uni.fmi.mjt.uno.server.ClientHandler.readMessageFromClient(ClientHandler.java:54)
	at bg.sofia.uni.fmi.mjt.uno.server.ClientHandler.run(ClientHandler.java:29)
	at java.base/java.lang.Thread.run(Thread.java:1575)
===================================================
Timestamp: 2025-01-30T12:07:22.222264100
Client Info: Username: krisi, Address: /127.0.0.1:53615
Log Level: ERROR
Message: Error occurred while handling client: Username: krisi, Address: /127.0.0.1:53615
Stacktrace:
java.net.SocketException: Connection reset
	at java.base/sun.nio.ch.SocketChannelImpl.throwConnectionReset(SocketChannelImpl.java:403)
	at java.base/sun.nio.ch.SocketChannelImpl.implRead(SocketChannelImpl.java:419)
	at java.base/sun.nio.ch.SocketChannelImpl.read(SocketChannelImpl.java:493)
	at bg.sofia.uni.fmi.mjt.uno.server.ClientHandler.readMessageFromClient(ClientHandler.java:54)
	at bg.sofia.uni.fmi.mjt.uno.server.ClientHandler.run(ClientHandler.java:29)
	at java.base/java.lang.Thread.run(Thread.java:1575)
===================================================
Timestamp: 2025-01-30T12:07:22.213739900
Client Info: Username: krisi, Address: /127.0.0.1:53615
Log Level: ERROR
Message: Error occurred while handling client: Username: krisi, Address: /127.0.0.1:53615
Stacktrace:
java.net.SocketException: Connection reset
	at java.base/sun.nio.ch.SocketChannelImpl.throwConnectionReset(SocketChannelImpl.java:403)
	at java.base/sun.nio.ch.SocketChannelImpl.implRead(SocketChannelImpl.java:419)
	at java.base/sun.nio.ch.SocketChannelImpl.read(SocketChannelImpl.java:493)
	at bg.sofia.uni.fmi.mjt.uno.server.ClientHandler.readMessageFromClient(ClientHandler.java:54)
	at bg.sofia.uni.fmi.mjt.uno.server.ClientHandler.run(ClientHandler.java:29)
	at java.base/java.lang.Thread.run(Thread.java:1575)
===================================================
Timestamp: 2025-01-30T12:07:22.219740100
Client Info: Username: krisi, Address: /127.0.0.1:53615
Log Level: ERROR
Message: Error occurred while handling client: Username: krisi, Address: /127.0.0.1:53615
Stacktrace:
java.net.SocketException: Connection reset
	at java.base/sun.nio.ch.SocketChannelImpl.throwConnectionReset(SocketChannelImpl.java:403)
	at java.base/sun.nio.ch.SocketChannelImpl.implRead(SocketChannelImpl.java:419)
	at java.base/sun.nio.ch.SocketChannelImpl.read(SocketChannelImpl.java:493)
	at bg.sofia.uni.fmi.mjt.uno.server.ClientHandler.readMessageFromClient(ClientHandler.java:54)
	at bg.sofia.uni.fmi.mjt.uno.server.ClientHandler.run(ClientHandler.java:29)
	at java.base/java.lang.Thread.run(Thread.java:1575)
===================================================
Timestamp: 2025-01-30T12:07:22.221740500
Client Info: Username: krisi, Address: /127.0.0.1:53615
Log Level: ERROR
Message: Error occurred while handling client: Username: krisi, Address: /127.0.0.1:53615
Stacktrace:
java.net.SocketException: Connection reset
	at java.base/sun.nio.ch.SocketChannelImpl.throwConnectionReset(SocketChannelImpl.java:403)
	at java.base/sun.nio.ch.SocketChannelImpl.implRead(SocketChannelImpl.java:419)
	at java.base/sun.nio.ch.SocketChannelImpl.read(SocketChannelImpl.java:493)
	at bg.sofia.uni.fmi.mjt.uno.server.ClientHandler.readMessageFromClient(ClientHandler.java:54)
	at bg.sofia.uni.fmi.mjt.uno.server.ClientHandler.run(ClientHandler.java:29)
	at java.base/java.lang.Thread.run(Thread.java:1575)
===================================================
Timestamp: 2025-01-30T12:07:22.251664900
Client Info: Username: krisi, Address: /127.0.0.1:53615
Log Level: ERROR
Message: Error occurred while handling client: Username: krisi, Address: /127.0.0.1:53615
Stacktrace:
java.net.SocketException: Connection reset
	at java.base/sun.nio.ch.SocketChannelImpl.throwConnectionReset(SocketChannelImpl.java:403)
	at java.base/sun.nio.ch.SocketChannelImpl.implRead(SocketChannelImpl.java:419)
	at java.base/sun.nio.ch.SocketChannelImpl.read(SocketChannelImpl.java:493)
	at bg.sofia.uni.fmi.mjt.uno.server.ClientHandler.readMessageFromClient(ClientHandler.java:54)
	at bg.sofia.uni.fmi.mjt.uno.server.ClientHandler.run(ClientHandler.java:29)
	at java.base/java.lang.Thread.run(Thread.java:1575)
===================================================
Timestamp: 2025-01-30T12:07:22.215739100
Client Info: Username: krisi, Address: /127.0.0.1:53615
Log Level: ERROR
Message: Error occurred while handling client: Username: krisi, Address: /127.0.0.1:53615
Stacktrace:
java.net.SocketException: Connection reset
	at java.base/sun.nio.ch.SocketChannelImpl.throwConnectionReset(SocketChannelImpl.java:403)
	at java.base/sun.nio.ch.SocketChannelImpl.implRead(SocketChannelImpl.java:419)
	at java.base/sun.nio.ch.SocketChannelImpl.read(SocketChannelImpl.java:493)
	at bg.sofia.uni.fmi.mjt.uno.server.ClientHandler.readMessageFromClient(ClientHandler.java:54)
	at bg.sofia.uni.fmi.mjt.uno.server.ClientHandler.run(ClientHandler.java:29)
	at java.base/java.lang.Thread.run(Thread.java:1575)
===================================================
Timestamp: 2025-01-30T12:07:22.214740700
Client Info: Username: krisi, Address: /127.0.0.1:53615
Log Level: ERROR
Message: Error occurred while handling client: Username: krisi, Address: /127.0.0.1:53615
Stacktrace:
java.net.SocketException: Connection reset
	at java.base/sun.nio.ch.SocketChannelImpl.throwConnectionReset(SocketChannelImpl.java:403)
	at java.base/sun.nio.ch.SocketChannelImpl.implRead(SocketChannelImpl.java:419)
	at java.base/sun.nio.ch.SocketChannelImpl.read(SocketChannelImpl.java:493)
	at bg.sofia.uni.fmi.mjt.uno.server.ClientHandler.readMessageFromClient(ClientHandler.java:54)
	at bg.sofia.uni.fmi.mjt.uno.server.ClientHandler.run(ClientHandler.java:29)
	at java.base/java.lang.Thread.run(Thread.java:1575)
===================================================
Timestamp: 2025-01-30T12:07:22.220739600
Client Info: Username: krisi, Address: /127.0.0.1:53615
Log Level: ERROR
Message: Error occurred while handling client: Username: krisi, Address: /127.0.0.1:53615
Stacktrace:
java.net.SocketException: Connection reset
	at java.base/sun.nio.ch.SocketChannelImpl.throwConnectionReset(SocketChannelImpl.java:403)
	at java.base/sun.nio.ch.SocketChannelImpl.implRead(SocketChannelImpl.java:419)
	at java.base/sun.nio.ch.SocketChannelImpl.read(SocketChannelImpl.java:493)
	at bg.sofia.uni.fmi.mjt.uno.server.ClientHandler.readMessageFromClient(ClientHandler.java:54)
	at bg.sofia.uni.fmi.mjt.uno.server.ClientHandler.run(ClientHandler.java:29)
	at java.base/java.lang.Thread.run(Thread.java:1575)
===================================================
Timestamp: 2025-01-30T12:07:22.221740500
Client Info: Username: krisi, Address: /127.0.0.1:53615
Log Level: ERROR
Message: Error occurred while handling client: Username: krisi, Address: /127.0.0.1:53615
Stacktrace:
java.net.SocketException: Connection reset
	at java.base/sun.nio.ch.SocketChannelImpl.throwConnectionReset(SocketChannelImpl.java:403)
	at java.base/sun.nio.ch.SocketChannelImpl.implRead(SocketChannelImpl.java:419)
	at java.base/sun.nio.ch.SocketChannelImpl.read(SocketChannelImpl.java:493)
	at bg.sofia.uni.fmi.mjt.uno.server.ClientHandler.readMessageFromClient(ClientHandler.java:54)
	at bg.sofia.uni.fmi.mjt.uno.server.ClientHandler.run(ClientHandler.java:29)
	at java.base/java.lang.Thread.run(Thread.java:1575)
===================================================
Timestamp: 2025-01-30T12:07:22.295725700
Client Info: Username: krisi, Address: /127.0.0.1:53615
Log Level: ERROR
Message: Error occurred while handling client: Username: krisi, Address: /127.0.0.1:53615
Stacktrace:
java.net.SocketException: Connection reset
	at java.base/sun.nio.ch.SocketChannelImpl.throwConnectionReset(SocketChannelImpl.java:403)
	at java.base/sun.nio.ch.SocketChannelImpl.implRead(SocketChannelImpl.java:419)
	at java.base/sun.nio.ch.SocketChannelImpl.read(SocketChannelImpl.java:493)
	at bg.sofia.uni.fmi.mjt.uno.server.ClientHandler.readMessageFromClient(ClientHandler.java:54)
	at bg.sofia.uni.fmi.mjt.uno.server.ClientHandler.run(ClientHandler.java:29)
	at java.base/java.lang.Thread.run(Thread.java:1575)
===================================================
Timestamp: 2025-01-30T12:07:22.221740500
Client Info: Username: krisi, Address: /127.0.0.1:53615
Log Level: ERROR
Message: Error occurred while handling client: Username: krisi, Address: /127.0.0.1:53615
Stacktrace:
java.net.SocketException: Connection reset
	at java.base/sun.nio.ch.SocketChannelImpl.throwConnectionReset(SocketChannelImpl.java:403)
	at java.base/sun.nio.ch.SocketChannelImpl.implRead(SocketChannelImpl.java:419)
	at java.base/sun.nio.ch.SocketChannelImpl.read(SocketChannelImpl.java:493)
	at bg.sofia.uni.fmi.mjt.uno.server.ClientHandler.readMessageFromClient(ClientHandler.java:54)
	at bg.sofia.uni.fmi.mjt.uno.server.ClientHandler.run(ClientHandler.java:29)
	at java.base/java.lang.Thread.run(Thread.java:1575)
===================================================
Timestamp: 2025-01-30T12:07:22.285063500
Client Info: Username: krisi, Address: /127.0.0.1:53615
Log Level: ERROR
Message: Error occurred while handling client: Username: krisi, Address: /127.0.0.1:53615
Stacktrace:
java.net.SocketException: Connection reset
	at java.base/sun.nio.ch.SocketChannelImpl.throwConnectionReset(SocketChannelImpl.java:403)
	at java.base/sun.nio.ch.SocketChannelImpl.implRead(SocketChannelImpl.java:419)
	at java.base/sun.nio.ch.SocketChannelImpl.read(SocketChannelImpl.java:493)
	at bg.sofia.uni.fmi.mjt.uno.server.ClientHandler.readMessageFromClient(ClientHandler.java:54)
	at bg.sofia.uni.fmi.mjt.uno.server.ClientHandler.run(ClientHandler.java:29)
	at java.base/java.lang.Thread.run(Thread.java:1575)
===================================================
Timestamp: 2025-01-30T12:07:22.217739700
Client Info: Username: krisi, Address: /127.0.0.1:53615
Log Level: ERROR
Message: Error occurred while handling client: Username: krisi, Address: /127.0.0.1:53615
Stacktrace:
java.net.SocketException: Connection reset
	at java.base/sun.nio.ch.SocketChannelImpl.throwConnectionReset(SocketChannelImpl.java:403)
	at java.base/sun.nio.ch.SocketChannelImpl.implRead(SocketChannelImpl.java:419)
	at java.base/sun.nio.ch.SocketChannelImpl.read(SocketChannelImpl.java:493)
	at bg.sofia.uni.fmi.mjt.uno.server.ClientHandler.readMessageFromClient(ClientHandler.java:54)
	at bg.sofia.uni.fmi.mjt.uno.server.ClientHandler.run(ClientHandler.java:29)
	at java.base/java.lang.Thread.run(Thread.java:1575)
===================================================
Timestamp: 2025-01-30T12:07:22.299900
Client Info: Username: krisi, Address: /127.0.0.1:53615
Log Level: ERROR
Message: Error occurred while handling client: Username: krisi, Address: /127.0.0.1:53615
Stacktrace:
java.net.SocketException: Connection reset
	at java.base/sun.nio.ch.SocketChannelImpl.throwConnectionReset(SocketChannelImpl.java:403)
	at java.base/sun.nio.ch.SocketChannelImpl.implRead(SocketChannelImpl.java:419)
	at java.base/sun.nio.ch.SocketChannelImpl.read(SocketChannelImpl.java:493)
	at bg.sofia.uni.fmi.mjt.uno.server.ClientHandler.readMessageFromClient(ClientHandler.java:54)
	at bg.sofia.uni.fmi.mjt.uno.server.ClientHandler.run(ClientHandler.java:29)
	at java.base/java.lang.Thread.run(Thread.java:1575)
===================================================
Timestamp: 2025-01-30T12:07:22.215739100
Client Info: Username: krisi, Address: /127.0.0.1:53615
Log Level: ERROR
Message: Error occurred while handling client: Username: krisi, Address: /127.0.0.1:53615
Stacktrace:
java.net.SocketException: Connection reset
	at java.base/sun.nio.ch.SocketChannelImpl.throwConnectionReset(SocketChannelImpl.java:403)
	at java.base/sun.nio.ch.SocketChannelImpl.implRead(SocketChannelImpl.java:419)
	at java.base/sun.nio.ch.SocketChannelImpl.read(SocketChannelImpl.java:493)
	at bg.sofia.uni.fmi.mjt.uno.server.ClientHandler.readMessageFromClient(ClientHandler.java:54)
	at bg.sofia.uni.fmi.mjt.uno.server.ClientHandler.run(ClientHandler.java:29)
	at java.base/java.lang.Thread.run(Thread.java:1575)
===================================================
Timestamp: 2025-01-30T12:07:22.286057400
Client Info: Username: krisi, Address: /127.0.0.1:53615
Log Level: ERROR
Message: Error occurred while handling client: Username: krisi, Address: /127.0.0.1:53615
Stacktrace:
java.net.SocketException: Connection reset
	at java.base/sun.nio.ch.SocketChannelImpl.throwConnectionReset(SocketChannelImpl.java:403)
	at java.base/sun.nio.ch.SocketChannelImpl.implRead(SocketChannelImpl.java:419)
	at java.base/sun.nio.ch.SocketChannelImpl.read(SocketChannelImpl.java:493)
	at bg.sofia.uni.fmi.mjt.uno.server.ClientHandler.readMessageFromClient(ClientHandler.java:54)
	at bg.sofia.uni.fmi.mjt.uno.server.ClientHandler.run(ClientHandler.java:29)
	at java.base/java.lang.Thread.run(Thread.java:1575)
===================================================
Timestamp: 2025-01-30T12:07:22.287060600
Client Info: Username: krisi, Address: /127.0.0.1:53615
Log Level: ERROR
Message: Error occurred while handling client: Username: krisi, Address: /127.0.0.1:53615
Stacktrace:
java.net.SocketException: Connection reset
	at java.base/sun.nio.ch.SocketChannelImpl.throwConnectionReset(SocketChannelImpl.java:403)
	at java.base/sun.nio.ch.SocketChannelImpl.implRead(SocketChannelImpl.java:419)
	at java.base/sun.nio.ch.SocketChannelImpl.read(SocketChannelImpl.java:493)
	at bg.sofia.uni.fmi.mjt.uno.server.ClientHandler.readMessageFromClient(ClientHandler.java:54)
	at bg.sofia.uni.fmi.mjt.uno.server.ClientHandler.run(ClientHandler.java:29)
	at java.base/java.lang.Thread.run(Thread.java:1575)
===================================================
Timestamp: 2025-01-30T12:07:22.217739700
Client Info: Username: krisi, Address: /127.0.0.1:53615
Log Level: ERROR
Message: Error occurred while handling client: Username: krisi, Address: /127.0.0.1:53615
Stacktrace:
java.net.SocketException: Connection reset
	at java.base/sun.nio.ch.SocketChannelImpl.throwConnectionReset(SocketChannelImpl.java:403)
	at java.base/sun.nio.ch.SocketChannelImpl.implRead(SocketChannelImpl.java:419)
	at java.base/sun.nio.ch.SocketChannelImpl.read(SocketChannelImpl.java:493)
	at bg.sofia.uni.fmi.mjt.uno.server.ClientHandler.readMessageFromClient(ClientHandler.java:54)
	at bg.sofia.uni.fmi.mjt.uno.server.ClientHandler.run(ClientHandler.java:29)
	at java.base/java.lang.Thread.run(Thread.java:1575)
===================================================
Timestamp: 2025-01-30T12:07:22.220739600
Client Info: Username: krisi, Address: /127.0.0.1:53615
Log Level: ERROR
Message: Error occurred while handling client: Username: krisi, Address: /127.0.0.1:53615
Stacktrace:
java.net.SocketException: Connection reset
	at java.base/sun.nio.ch.SocketChannelImpl.throwConnectionReset(SocketChannelImpl.java:403)
	at java.base/sun.nio.ch.SocketChannelImpl.implRead(SocketChannelImpl.java:419)
	at java.base/sun.nio.ch.SocketChannelImpl.read(SocketChannelImpl.java:493)
	at bg.sofia.uni.fmi.mjt.uno.server.ClientHandler.readMessageFromClient(ClientHandler.java:54)
	at bg.sofia.uni.fmi.mjt.uno.server.ClientHandler.run(ClientHandler.java:29)
	at java.base/java.lang.Thread.run(Thread.java:1575)
===================================================
Timestamp: 2025-01-30T12:07:22.290346200
Client Info: Username: krisi, Address: /127.0.0.1:53615
Log Level: ERROR
Message: Error occurred while handling client: Username: krisi, Address: /127.0.0.1:53615
Stacktrace:
java.net.SocketException: Connection reset
	at java.base/sun.nio.ch.SocketChannelImpl.throwConnectionReset(SocketChannelImpl.java:403)
	at java.base/sun.nio.ch.SocketChannelImpl.implRead(SocketChannelImpl.java:419)
	at java.base/sun.nio.ch.SocketChannelImpl.read(SocketChannelImpl.java:493)
	at bg.sofia.uni.fmi.mjt.uno.server.ClientHandler.readMessageFromClient(ClientHandler.java:54)
	at bg.sofia.uni.fmi.mjt.uno.server.ClientHandler.run(ClientHandler.java:29)
	at java.base/java.lang.Thread.run(Thread.java:1575)
===================================================
Timestamp: 2025-01-30T12:07:22.221740500
Client Info: Username: krisi, Address: /127.0.0.1:53615
Log Level: ERROR
Message: Error occurred while handling client: Username: krisi, Address: /127.0.0.1:53615
Stacktrace:
java.net.SocketException: Connection reset
	at java.base/sun.nio.ch.SocketChannelImpl.throwConnectionReset(SocketChannelImpl.java:403)
	at java.base/sun.nio.ch.SocketChannelImpl.implRead(SocketChannelImpl.java:419)
	at java.base/sun.nio.ch.SocketChannelImpl.read(SocketChannelImpl.java:493)
	at bg.sofia.uni.fmi.mjt.uno.server.ClientHandler.readMessageFromClient(ClientHandler.java:54)
	at bg.sofia.uni.fmi.mjt.uno.server.ClientHandler.run(ClientHandler.java:29)
	at java.base/java.lang.Thread.run(Thread.java:1575)
===================================================
Timestamp: 2025-01-30T12:07:22.218739500
Client Info: Username: krisi, Address: /127.0.0.1:53615
Log Level: ERROR
Message: Error occurred while handling client: Username: krisi, Address: /127.0.0.1:53615
Stacktrace:
java.net.SocketException: Connection reset
	at java.base/sun.nio.ch.SocketChannelImpl.throwConnectionReset(SocketChannelImpl.java:403)
	at java.base/sun.nio.ch.SocketChannelImpl.implRead(SocketChannelImpl.java:419)
	at java.base/sun.nio.ch.SocketChannelImpl.read(SocketChannelImpl.java:493)
	at bg.sofia.uni.fmi.mjt.uno.server.ClientHandler.readMessageFromClient(ClientHandler.java:54)
	at bg.sofia.uni.fmi.mjt.uno.server.ClientHandler.run(ClientHandler.java:29)
	at java.base/java.lang.Thread.run(Thread.java:1575)
===================================================
Timestamp: 2025-01-30T12:07:22.219740100
Client Info: Username: krisi, Address: /127.0.0.1:53615
Log Level: ERROR
Message: Error occurred while handling client: Username: krisi, Address: /127.0.0.1:53615
Stacktrace:
java.net.SocketException: Connection reset
	at java.base/sun.nio.ch.SocketChannelImpl.throwConnectionReset(SocketChannelImpl.java:403)
	at java.base/sun.nio.ch.SocketChannelImpl.implRead(SocketChannelImpl.java:419)
	at java.base/sun.nio.ch.SocketChannelImpl.read(SocketChannelImpl.java:493)
	at bg.sofia.uni.fmi.mjt.uno.server.ClientHandler.readMessageFromClient(ClientHandler.java:54)
	at bg.sofia.uni.fmi.mjt.uno.server.ClientHandler.run(ClientHandler.java:29)
	at java.base/java.lang.Thread.run(Thread.java:1575)
===================================================
Timestamp: 2025-01-30T12:07:22.223275900
Client Info: Username: krisi, Address: /127.0.0.1:53615
Log Level: ERROR
Message: Error occurred while handling client: Username: krisi, Address: /127.0.0.1:53615
Stacktrace:
java.net.SocketException: Connection reset
	at java.base/sun.nio.ch.SocketChannelImpl.throwConnectionReset(SocketChannelImpl.java:403)
	at java.base/sun.nio.ch.SocketChannelImpl.implRead(SocketChannelImpl.java:419)
	at java.base/sun.nio.ch.SocketChannelImpl.read(SocketChannelImpl.java:493)
	at bg.sofia.uni.fmi.mjt.uno.server.ClientHandler.readMessageFromClient(ClientHandler.java:54)
	at bg.sofia.uni.fmi.mjt.uno.server.ClientHandler.run(ClientHandler.java:29)
	at java.base/java.lang.Thread.run(Thread.java:1575)
===================================================
Timestamp: 2025-01-30T12:07:22.215739100
Client Info: Username: krisi, Address: /127.0.0.1:53615
Log Level: ERROR
Message: Error occurred while handling client: Username: krisi, Address: /127.0.0.1:53615
Stacktrace:
java.net.SocketException: Connection reset
	at java.base/sun.nio.ch.SocketChannelImpl.throwConnectionReset(SocketChannelImpl.java:403)
	at java.base/sun.nio.ch.SocketChannelImpl.implRead(SocketChannelImpl.java:419)
	at java.base/sun.nio.ch.SocketChannelImpl.read(SocketChannelImpl.java:493)
	at bg.sofia.uni.fmi.mjt.uno.server.ClientHandler.readMessageFromClient(ClientHandler.java:54)
	at bg.sofia.uni.fmi.mjt.uno.server.ClientHandler.run(ClientHandler.java:29)
	at java.base/java.lang.Thread.run(Thread.java:1575)
===================================================
Timestamp: 2025-01-30T12:07:22.257049600
Client Info: Username: krisi, Address: /127.0.0.1:53615
Log Level: ERROR
Message: Error occurred while handling client: Username: krisi, Address: /127.0.0.1:53615
Stacktrace:
java.net.SocketException: Connection reset
	at java.base/sun.nio.ch.SocketChannelImpl.throwConnectionReset(SocketChannelImpl.java:403)
	at java.base/sun.nio.ch.SocketChannelImpl.implRead(SocketChannelImpl.java:419)
	at java.base/sun.nio.ch.SocketChannelImpl.read(SocketChannelImpl.java:493)
	at bg.sofia.uni.fmi.mjt.uno.server.ClientHandler.readMessageFromClient(ClientHandler.java:54)
	at bg.sofia.uni.fmi.mjt.uno.server.ClientHandler.run(ClientHandler.java:29)
	at java.base/java.lang.Thread.run(Thread.java:1575)
===================================================
Timestamp: 2025-01-30T12:07:22.220739600
Client Info: Username: krisi, Address: /127.0.0.1:53615
Log Level: ERROR
Message: Error occurred while handling client: Username: krisi, Address: /127.0.0.1:53615
Stacktrace:
java.net.SocketException: Connection reset
	at java.base/sun.nio.ch.SocketChannelImpl.throwConnectionReset(SocketChannelImpl.java:403)
	at java.base/sun.nio.ch.SocketChannelImpl.implRead(SocketChannelImpl.java:419)
	at java.base/sun.nio.ch.SocketChannelImpl.read(SocketChannelImpl.java:493)
	at bg.sofia.uni.fmi.mjt.uno.server.ClientHandler.readMessageFromClient(ClientHandler.java:54)
	at bg.sofia.uni.fmi.mjt.uno.server.ClientHandler.run(ClientHandler.java:29)
	at java.base/java.lang.Thread.run(Thread.java:1575)
===================================================
Timestamp: 2025-01-30T12:07:22.217739700
Client Info: Username: krisi, Address: /127.0.0.1:53615
Log Level: ERROR
Message: Error occurred while handling client: Username: krisi, Address: /127.0.0.1:53615
Stacktrace:
java.net.SocketException: Connection reset
	at java.base/sun.nio.ch.SocketChannelImpl.throwConnectionReset(SocketChannelImpl.java:403)
	at java.base/sun.nio.ch.SocketChannelImpl.implRead(SocketChannelImpl.java:419)
	at java.base/sun.nio.ch.SocketChannelImpl.read(SocketChannelImpl.java:493)
	at bg.sofia.uni.fmi.mjt.uno.server.ClientHandler.readMessageFromClient(ClientHandler.java:54)
	at bg.sofia.uni.fmi.mjt.uno.server.ClientHandler.run(ClientHandler.java:29)
	at java.base/java.lang.Thread.run(Thread.java:1575)
===================================================
Timestamp: 2025-01-30T12:07:22.293725400
Client Info: Username: krisi, Address: /127.0.0.1:53615
Log Level: ERROR
Message: Error occurred while handling client: Username: krisi, Address: /127.0.0.1:53615
Stacktrace:
java.net.SocketException: Connection reset
	at java.base/sun.nio.ch.SocketChannelImpl.throwConnectionReset(SocketChannelImpl.java:403)
	at java.base/sun.nio.ch.SocketChannelImpl.implRead(SocketChannelImpl.java:419)
	at java.base/sun.nio.ch.SocketChannelImpl.read(SocketChannelImpl.java:493)
	at bg.sofia.uni.fmi.mjt.uno.server.ClientHandler.readMessageFromClient(ClientHandler.java:54)
	at bg.sofia.uni.fmi.mjt.uno.server.ClientHandler.run(ClientHandler.java:29)
	at java.base/java.lang.Thread.run(Thread.java:1575)
===================================================
Timestamp: 2025-01-30T12:07:22.217739700
Client Info: Username: krisi, Address: /127.0.0.1:53615
Log Level: ERROR
Message: Error occurred while handling client: Username: krisi, Address: /127.0.0.1:53615
Stacktrace:
java.net.SocketException: Connection reset
	at java.base/sun.nio.ch.SocketChannelImpl.throwConnectionReset(SocketChannelImpl.java:403)
	at java.base/sun.nio.ch.SocketChannelImpl.implRead(SocketChannelImpl.java:419)
	at java.base/sun.nio.ch.SocketChannelImpl.read(SocketChannelImpl.java:493)
	at bg.sofia.uni.fmi.mjt.uno.server.ClientHandler.readMessageFromClient(ClientHandler.java:54)
	at bg.sofia.uni.fmi.mjt.uno.server.ClientHandler.run(ClientHandler.java:29)
	at java.base/java.lang.Thread.run(Thread.java:1575)
===================================================
Timestamp: 2025-01-30T12:07:22.228212700
Client Info: Username: krisi, Address: /127.0.0.1:53615
Log Level: ERROR
Message: Error occurred while handling client: Username: krisi, Address: /127.0.0.1:53615
Stacktrace:
java.net.SocketException: Connection reset
	at java.base/sun.nio.ch.SocketChannelImpl.throwConnectionReset(SocketChannelImpl.java:403)
	at java.base/sun.nio.ch.SocketChannelImpl.implRead(SocketChannelImpl.java:419)
	at java.base/sun.nio.ch.SocketChannelImpl.read(SocketChannelImpl.java:493)
	at bg.sofia.uni.fmi.mjt.uno.server.ClientHandler.readMessageFromClient(ClientHandler.java:54)
	at bg.sofia.uni.fmi.mjt.uno.server.ClientHandler.run(ClientHandler.java:29)
	at java.base/java.lang.Thread.run(Thread.java:1575)
===================================================
Timestamp: 2025-01-30T12:07:22.224274200
Client Info: Username: krisi, Address: /127.0.0.1:53615
Log Level: ERROR
Message: Error occurred while handling client: Username: krisi, Address: /127.0.0.1:53615
Stacktrace:
java.net.SocketException: Connection reset
	at java.base/sun.nio.ch.SocketChannelImpl.throwConnectionReset(SocketChannelImpl.java:403)
	at java.base/sun.nio.ch.SocketChannelImpl.implRead(SocketChannelImpl.java:419)
	at java.base/sun.nio.ch.SocketChannelImpl.read(SocketChannelImpl.java:493)
	at bg.sofia.uni.fmi.mjt.uno.server.ClientHandler.readMessageFromClient(ClientHandler.java:54)
	at bg.sofia.uni.fmi.mjt.uno.server.ClientHandler.run(ClientHandler.java:29)
	at java.base/java.lang.Thread.run(Thread.java:1575)
===================================================
Timestamp: 2025-01-30T12:07:22.218739500
Client Info: Username: krisi, Address: /127.0.0.1:53615
Log Level: ERROR
Message: Error occurred while handling client: Username: krisi, Address: /127.0.0.1:53615
Stacktrace:
java.net.SocketException: Connection reset
	at java.base/sun.nio.ch.SocketChannelImpl.throwConnectionReset(SocketChannelImpl.java:403)
	at java.base/sun.nio.ch.SocketChannelImpl.implRead(SocketChannelImpl.java:419)
	at java.base/sun.nio.ch.SocketChannelImpl.read(SocketChannelImpl.java:493)
	at bg.sofia.uni.fmi.mjt.uno.server.ClientHandler.readMessageFromClient(ClientHandler.java:54)
	at bg.sofia.uni.fmi.mjt.uno.server.ClientHandler.run(ClientHandler.java:29)
	at java.base/java.lang.Thread.run(Thread.java:1575)
===================================================
Timestamp: 2025-01-30T12:07:22.215739100
Client Info: Username: krisi, Address: /127.0.0.1:53615
Log Level: ERROR
Message: Error occurred while handling client: Username: krisi, Address: /127.0.0.1:53615
Stacktrace:
java.net.SocketException: Connection reset
	at java.base/sun.nio.ch.SocketChannelImpl.throwConnectionReset(SocketChannelImpl.java:403)
	at java.base/sun.nio.ch.SocketChannelImpl.implRead(SocketChannelImpl.java:419)
	at java.base/sun.nio.ch.SocketChannelImpl.read(SocketChannelImpl.java:493)
	at bg.sofia.uni.fmi.mjt.uno.server.ClientHandler.readMessageFromClient(ClientHandler.java:54)
	at bg.sofia.uni.fmi.mjt.uno.server.ClientHandler.run(ClientHandler.java:29)
	at java.base/java.lang.Thread.run(Thread.java:1575)
===================================================
Timestamp: 2025-01-30T12:07:22.217739700
Client Info: Username: krisi, Address: /127.0.0.1:53615
Log Level: ERROR
Message: Error occurred while handling client: Username: krisi, Address: /127.0.0.1:53615
Stacktrace:
java.net.SocketException: Connection reset
	at java.base/sun.nio.ch.SocketChannelImpl.throwConnectionReset(SocketChannelImpl.java:403)
	at java.base/sun.nio.ch.SocketChannelImpl.implRead(SocketChannelImpl.java:419)
	at java.base/sun.nio.ch.SocketChannelImpl.read(SocketChannelImpl.java:493)
	at bg.sofia.uni.fmi.mjt.uno.server.ClientHandler.readMessageFromClient(ClientHandler.java:54)
	at bg.sofia.uni.fmi.mjt.uno.server.ClientHandler.run(ClientHandler.java:29)
	at java.base/java.lang.Thread.run(Thread.java:1575)
===================================================
Timestamp: 2025-01-30T12:07:22.286057400
Client Info: Username: krisi, Address: /127.0.0.1:53615
Log Level: ERROR
Message: Error occurred while handling client: Username: krisi, Address: /127.0.0.1:53615
Stacktrace:
java.net.SocketException: Connection reset
	at java.base/sun.nio.ch.SocketChannelImpl.throwConnectionReset(SocketChannelImpl.java:403)
	at java.base/sun.nio.ch.SocketChannelImpl.implRead(SocketChannelImpl.java:419)
	at java.base/sun.nio.ch.SocketChannelImpl.read(SocketChannelImpl.java:493)
	at bg.sofia.uni.fmi.mjt.uno.server.ClientHandler.readMessageFromClient(ClientHandler.java:54)
	at bg.sofia.uni.fmi.mjt.uno.server.ClientHandler.run(ClientHandler.java:29)
	at java.base/java.lang.Thread.run(Thread.java:1575)
===================================================
Timestamp: 2025-01-30T12:07:22.218739500
Client Info: Username: krisi, Address: /127.0.0.1:53615
Log Level: ERROR
Message: Error occurred while handling client: Username: krisi, Address: /127.0.0.1:53615
Stacktrace:
java.net.SocketException: Connection reset
	at java.base/sun.nio.ch.SocketChannelImpl.throwConnectionReset(SocketChannelImpl.java:403)
	at java.base/sun.nio.ch.SocketChannelImpl.implRead(SocketChannelImpl.java:419)
	at java.base/sun.nio.ch.SocketChannelImpl.read(SocketChannelImpl.java:493)
	at bg.sofia.uni.fmi.mjt.uno.server.ClientHandler.readMessageFromClient(ClientHandler.java:54)
	at bg.sofia.uni.fmi.mjt.uno.server.ClientHandler.run(ClientHandler.java:29)
	at java.base/java.lang.Thread.run(Thread.java:1575)
===================================================
Timestamp: 2025-01-30T12:07:22.219740100
Client Info: Username: krisi, Address: /127.0.0.1:53615
Log Level: ERROR
Message: Error occurred while handling client: Username: krisi, Address: /127.0.0.1:53615
Stacktrace:
java.net.SocketException: Connection reset
	at java.base/sun.nio.ch.SocketChannelImpl.throwConnectionReset(SocketChannelImpl.java:403)
	at java.base/sun.nio.ch.SocketChannelImpl.implRead(SocketChannelImpl.java:419)
	at java.base/sun.nio.ch.SocketChannelImpl.read(SocketChannelImpl.java:493)
	at bg.sofia.uni.fmi.mjt.uno.server.ClientHandler.readMessageFromClient(ClientHandler.java:54)
	at bg.sofia.uni.fmi.mjt.uno.server.ClientHandler.run(ClientHandler.java:29)
	at java.base/java.lang.Thread.run(Thread.java:1575)
===================================================
Timestamp: 2025-01-30T12:07:22.221740500
Client Info: Username: krisi, Address: /127.0.0.1:53615
Log Level: ERROR
Message: Error occurred while handling client: Username: krisi, Address: /127.0.0.1:53615
Stacktrace:
java.net.SocketException: Connection reset
	at java.base/sun.nio.ch.SocketChannelImpl.throwConnectionReset(SocketChannelImpl.java:403)
	at java.base/sun.nio.ch.SocketChannelImpl.implRead(SocketChannelImpl.java:419)
	at java.base/sun.nio.ch.SocketChannelImpl.read(SocketChannelImpl.java:493)
	at bg.sofia.uni.fmi.mjt.uno.server.ClientHandler.readMessageFromClient(ClientHandler.java:54)
	at bg.sofia.uni.fmi.mjt.uno.server.ClientHandler.run(ClientHandler.java:29)
	at java.base/java.lang.Thread.run(Thread.java:1575)
===================================================
Timestamp: 2025-01-30T12:07:22.278688400
Client Info: Username: krisi, Address: /127.0.0.1:53615
Log Level: ERROR
Message: Error occurred while handling client: Username: krisi, Address: /127.0.0.1:53615
Stacktrace:
java.net.SocketException: Connection reset
	at java.base/sun.nio.ch.SocketChannelImpl.throwConnectionReset(SocketChannelImpl.java:403)
	at java.base/sun.nio.ch.SocketChannelImpl.implRead(SocketChannelImpl.java:419)
	at java.base/sun.nio.ch.SocketChannelImpl.read(SocketChannelImpl.java:493)
	at bg.sofia.uni.fmi.mjt.uno.server.ClientHandler.readMessageFromClient(ClientHandler.java:54)
	at bg.sofia.uni.fmi.mjt.uno.server.ClientHandler.run(ClientHandler.java:29)
	at java.base/java.lang.Thread.run(Thread.java:1575)
===================================================
Timestamp: 2025-01-30T12:07:22.222264100
Client Info: Username: krisi, Address: /127.0.0.1:53615
Log Level: ERROR
Message: Error occurred while handling client: Username: krisi, Address: /127.0.0.1:53615
Stacktrace:
java.net.SocketException: Connection reset
	at java.base/sun.nio.ch.SocketChannelImpl.throwConnectionReset(SocketChannelImpl.java:403)
	at java.base/sun.nio.ch.SocketChannelImpl.implRead(SocketChannelImpl.java:419)
	at java.base/sun.nio.ch.SocketChannelImpl.read(SocketChannelImpl.java:493)
	at bg.sofia.uni.fmi.mjt.uno.server.ClientHandler.readMessageFromClient(ClientHandler.java:54)
	at bg.sofia.uni.fmi.mjt.uno.server.ClientHandler.run(ClientHandler.java:29)
	at java.base/java.lang.Thread.run(Thread.java:1575)
===================================================
Timestamp: 2025-01-30T12:07:22.216741
Client Info: Username: krisi, Address: /127.0.0.1:53615
Log Level: ERROR
Message: Error occurred while handling client: Username: krisi, Address: /127.0.0.1:53615
Stacktrace:
java.net.SocketException: Connection reset
	at java.base/sun.nio.ch.SocketChannelImpl.throwConnectionReset(SocketChannelImpl.java:403)
	at java.base/sun.nio.ch.SocketChannelImpl.implRead(SocketChannelImpl.java:419)
	at java.base/sun.nio.ch.SocketChannelImpl.read(SocketChannelImpl.java:493)
	at bg.sofia.uni.fmi.mjt.uno.server.ClientHandler.readMessageFromClient(ClientHandler.java:54)
	at bg.sofia.uni.fmi.mjt.uno.server.ClientHandler.run(ClientHandler.java:29)
	at java.base/java.lang.Thread.run(Thread.java:1575)
===================================================
Timestamp: 2025-01-30T12:07:22.221740500
Client Info: Username: krisi, Address: /127.0.0.1:53615
Log Level: ERROR
Message: Error occurred while handling client: Username: krisi, Address: /127.0.0.1:53615
Stacktrace:
java.net.SocketException: Connection reset
	at java.base/sun.nio.ch.SocketChannelImpl.throwConnectionReset(SocketChannelImpl.java:403)
	at java.base/sun.nio.ch.SocketChannelImpl.implRead(SocketChannelImpl.java:419)
	at java.base/sun.nio.ch.SocketChannelImpl.read(SocketChannelImpl.java:493)
	at bg.sofia.uni.fmi.mjt.uno.server.ClientHandler.readMessageFromClient(ClientHandler.java:54)
	at bg.sofia.uni.fmi.mjt.uno.server.ClientHandler.run(ClientHandler.java:29)
	at java.base/java.lang.Thread.run(Thread.java:1575)
===================================================
Timestamp: 2025-01-30T12:07:22.216741
Client Info: Username: krisi, Address: /127.0.0.1:53615
Log Level: ERROR
Message: Error occurred while handling client: Username: krisi, Address: /127.0.0.1:53615
Stacktrace:
java.net.SocketException: Connection reset
	at java.base/sun.nio.ch.SocketChannelImpl.throwConnectionReset(SocketChannelImpl.java:403)
	at java.base/sun.nio.ch.SocketChannelImpl.implRead(SocketChannelImpl.java:419)
	at java.base/sun.nio.ch.SocketChannelImpl.read(SocketChannelImpl.java:493)
	at bg.sofia.uni.fmi.mjt.uno.server.ClientHandler.readMessageFromClient(ClientHandler.java:54)
	at bg.sofia.uni.fmi.mjt.uno.server.ClientHandler.run(ClientHandler.java:29)
	at java.base/java.lang.Thread.run(Thread.java:1575)
===================================================
Timestamp: 2025-01-30T12:07:22.224274200
Client Info: Username: krisi, Address: /127.0.0.1:53615
Log Level: ERROR
Message: Error occurred while handling client: Username: krisi, Address: /127.0.0.1:53615
Stacktrace:
java.net.SocketException: Connection reset
	at java.base/sun.nio.ch.SocketChannelImpl.throwConnectionReset(SocketChannelImpl.java:403)
	at java.base/sun.nio.ch.SocketChannelImpl.implRead(SocketChannelImpl.java:419)
	at java.base/sun.nio.ch.SocketChannelImpl.read(SocketChannelImpl.java:493)
	at bg.sofia.uni.fmi.mjt.uno.server.ClientHandler.readMessageFromClient(ClientHandler.java:54)
	at bg.sofia.uni.fmi.mjt.uno.server.ClientHandler.run(ClientHandler.java:29)
	at java.base/java.lang.Thread.run(Thread.java:1575)
===================================================
Timestamp: 2025-01-30T12:07:22.299900
Client Info: Username: krisi, Address: /127.0.0.1:53615
Log Level: ERROR
Message: Error occurred while handling client: Username: krisi, Address: /127.0.0.1:53615
Stacktrace:
java.net.SocketException: Connection reset
	at java.base/sun.nio.ch.SocketChannelImpl.throwConnectionReset(SocketChannelImpl.java:403)
	at java.base/sun.nio.ch.SocketChannelImpl.implRead(SocketChannelImpl.java:419)
	at java.base/sun.nio.ch.SocketChannelImpl.read(SocketChannelImpl.java:493)
	at bg.sofia.uni.fmi.mjt.uno.server.ClientHandler.readMessageFromClient(ClientHandler.java:54)
	at bg.sofia.uni.fmi.mjt.uno.server.ClientHandler.run(ClientHandler.java:29)
	at java.base/java.lang.Thread.run(Thread.java:1575)
===================================================
Timestamp: 2025-01-30T12:07:22.262109900
Client Info: Username: krisi, Address: /127.0.0.1:53615
Log Level: ERROR
Message: Error occurred while handling client: Username: krisi, Address: /127.0.0.1:53615
Stacktrace:
java.net.SocketException: Connection reset
	at java.base/sun.nio.ch.SocketChannelImpl.throwConnectionReset(SocketChannelImpl.java:403)
	at java.base/sun.nio.ch.SocketChannelImpl.implRead(SocketChannelImpl.java:419)
	at java.base/sun.nio.ch.SocketChannelImpl.read(SocketChannelImpl.java:493)
	at bg.sofia.uni.fmi.mjt.uno.server.ClientHandler.readMessageFromClient(ClientHandler.java:54)
	at bg.sofia.uni.fmi.mjt.uno.server.ClientHandler.run(ClientHandler.java:29)
	at java.base/java.lang.Thread.run(Thread.java:1575)
===================================================
Timestamp: 2025-01-30T12:07:22.219740100
Client Info: Username: krisi, Address: /127.0.0.1:53615
Log Level: ERROR
Message: Error occurred while handling client: Username: krisi, Address: /127.0.0.1:53615
Stacktrace:
java.net.SocketException: Connection reset
	at java.base/sun.nio.ch.SocketChannelImpl.throwConnectionReset(SocketChannelImpl.java:403)
	at java.base/sun.nio.ch.SocketChannelImpl.implRead(SocketChannelImpl.java:419)
	at java.base/sun.nio.ch.SocketChannelImpl.read(SocketChannelImpl.java:493)
	at bg.sofia.uni.fmi.mjt.uno.server.ClientHandler.readMessageFromClient(ClientHandler.java:54)
	at bg.sofia.uni.fmi.mjt.uno.server.ClientHandler.run(ClientHandler.java:29)
	at java.base/java.lang.Thread.run(Thread.java:1575)
===================================================
Timestamp: 2025-01-30T12:07:22.218739500
Client Info: Username: krisi, Address: /127.0.0.1:53615
Log Level: ERROR
Message: Error occurred while handling client: Username: krisi, Address: /127.0.0.1:53615
Stacktrace:
java.net.SocketException: Connection reset
	at java.base/sun.nio.ch.SocketChannelImpl.throwConnectionReset(SocketChannelImpl.java:403)
	at java.base/sun.nio.ch.SocketChannelImpl.implRead(SocketChannelImpl.java:419)
	at java.base/sun.nio.ch.SocketChannelImpl.read(SocketChannelImpl.java:493)
	at bg.sofia.uni.fmi.mjt.uno.server.ClientHandler.readMessageFromClient(ClientHandler.java:54)
	at bg.sofia.uni.fmi.mjt.uno.server.ClientHandler.run(ClientHandler.java:29)
	at java.base/java.lang.Thread.run(Thread.java:1575)
===================================================
Timestamp: 2025-01-30T12:07:22.222264100
Client Info: Username: krisi, Address: /127.0.0.1:53615
Log Level: ERROR
Message: Error occurred while handling client: Username: krisi, Address: /127.0.0.1:53615
Stacktrace:
java.net.SocketException: Connection reset
	at java.base/sun.nio.ch.SocketChannelImpl.throwConnectionReset(SocketChannelImpl.java:403)
	at java.base/sun.nio.ch.SocketChannelImpl.implRead(SocketChannelImpl.java:419)
	at java.base/sun.nio.ch.SocketChannelImpl.read(SocketChannelImpl.java:493)
	at bg.sofia.uni.fmi.mjt.uno.server.ClientHandler.readMessageFromClient(ClientHandler.java:54)
	at bg.sofia.uni.fmi.mjt.uno.server.ClientHandler.run(ClientHandler.java:29)
	at java.base/java.lang.Thread.run(Thread.java:1575)
===================================================
Timestamp: 2025-01-30T12:07:22.219740100
Client Info: Username: krisi, Address: /127.0.0.1:53615
Log Level: ERROR
Message: Error occurred while handling client: Username: krisi, Address: /127.0.0.1:53615
Stacktrace:
java.net.SocketException: Connection reset
	at java.base/sun.nio.ch.SocketChannelImpl.throwConnectionReset(SocketChannelImpl.java:403)
	at java.base/sun.nio.ch.SocketChannelImpl.implRead(SocketChannelImpl.java:419)
	at java.base/sun.nio.ch.SocketChannelImpl.read(SocketChannelImpl.java:493)
	at bg.sofia.uni.fmi.mjt.uno.server.ClientHandler.readMessageFromClient(ClientHandler.java:54)
	at bg.sofia.uni.fmi.mjt.uno.server.ClientHandler.run(ClientHandler.java:29)
	at java.base/java.lang.Thread.run(Thread.java:1575)
===================================================
Timestamp: 2025-01-30T12:07:22.220739600
Client Info: Username: krisi, Address: /127.0.0.1:53615
Log Level: ERROR
Message: Error occurred while handling client: Username: krisi, Address: /127.0.0.1:53615
Stacktrace:
java.net.SocketException: Connection reset
	at java.base/sun.nio.ch.SocketChannelImpl.throwConnectionReset(SocketChannelImpl.java:403)
	at java.base/sun.nio.ch.SocketChannelImpl.implRead(SocketChannelImpl.java:419)
	at java.base/sun.nio.ch.SocketChannelImpl.read(SocketChannelImpl.java:493)
	at bg.sofia.uni.fmi.mjt.uno.server.ClientHandler.readMessageFromClient(ClientHandler.java:54)
	at bg.sofia.uni.fmi.mjt.uno.server.ClientHandler.run(ClientHandler.java:29)
	at java.base/java.lang.Thread.run(Thread.java:1575)
===================================================
Timestamp: 2025-01-30T12:07:22.214740700
Client Info: Username: krisi, Address: /127.0.0.1:53615
Log Level: ERROR
Message: Error occurred while handling client: Username: krisi, Address: /127.0.0.1:53615
Stacktrace:
java.net.SocketException: Connection reset
	at java.base/sun.nio.ch.SocketChannelImpl.throwConnectionReset(SocketChannelImpl.java:403)
	at java.base/sun.nio.ch.SocketChannelImpl.implRead(SocketChannelImpl.java:419)
	at java.base/sun.nio.ch.SocketChannelImpl.read(SocketChannelImpl.java:493)
	at bg.sofia.uni.fmi.mjt.uno.server.ClientHandler.readMessageFromClient(ClientHandler.java:54)
	at bg.sofia.uni.fmi.mjt.uno.server.ClientHandler.run(ClientHandler.java:29)
	at java.base/java.lang.Thread.run(Thread.java:1575)
===================================================
Timestamp: 2025-01-30T12:07:22.222264100
Client Info: Username: krisi, Address: /127.0.0.1:53615
Log Level: ERROR
Message: Error occurred while handling client: Username: krisi, Address: /127.0.0.1:53615
Stacktrace:
java.net.SocketException: Connection reset
	at java.base/sun.nio.ch.SocketChannelImpl.throwConnectionReset(SocketChannelImpl.java:403)
	at java.base/sun.nio.ch.SocketChannelImpl.implRead(SocketChannelImpl.java:419)
	at java.base/sun.nio.ch.SocketChannelImpl.read(SocketChannelImpl.java:493)
	at bg.sofia.uni.fmi.mjt.uno.server.ClientHandler.readMessageFromClient(ClientHandler.java:54)
	at bg.sofia.uni.fmi.mjt.uno.server.ClientHandler.run(ClientHandler.java:29)
	at java.base/java.lang.Thread.run(Thread.java:1575)
===================================================
Timestamp: 2025-01-30T12:07:22.217739700
Client Info: Username: krisi, Address: /127.0.0.1:53615
Log Level: ERROR
Message: Error occurred while handling client: Username: krisi, Address: /127.0.0.1:53615
Stacktrace:
java.net.SocketException: Connection reset
	at java.base/sun.nio.ch.SocketChannelImpl.throwConnectionReset(SocketChannelImpl.java:403)
	at java.base/sun.nio.ch.SocketChannelImpl.implRead(SocketChannelImpl.java:435)
	at java.base/sun.nio.ch.SocketChannelImpl.read(SocketChannelImpl.java:493)
	at bg.sofia.uni.fmi.mjt.uno.server.ClientHandler.readMessageFromClient(ClientHandler.java:54)
	at bg.sofia.uni.fmi.mjt.uno.server.ClientHandler.run(ClientHandler.java:29)
	at java.base/java.lang.Thread.run(Thread.java:1575)
===================================================
Timestamp: 2025-01-30T12:07:22.216741
Client Info: Username: krisi, Address: /127.0.0.1:53615
Log Level: ERROR
Message: Error occurred while handling client: Username: krisi, Address: /127.0.0.1:53615
Stacktrace:
java.net.SocketException: Connection reset
	at java.base/sun.nio.ch.SocketChannelImpl.throwConnectionReset(SocketChannelImpl.java:403)
	at java.base/sun.nio.ch.SocketChannelImpl.implRead(SocketChannelImpl.java:419)
	at java.base/sun.nio.ch.SocketChannelImpl.read(SocketChannelImpl.java:493)
	at bg.sofia.uni.fmi.mjt.uno.server.ClientHandler.readMessageFromClient(ClientHandler.java:54)
	at bg.sofia.uni.fmi.mjt.uno.server.ClientHandler.run(ClientHandler.java:29)
	at java.base/java.lang.Thread.run(Thread.java:1575)
===================================================
Timestamp: 2025-01-30T12:07:22.266617800
Client Info: Username: krisi, Address: /127.0.0.1:53615
Log Level: ERROR
Message: Error occurred while handling client: Username: krisi, Address: /127.0.0.1:53615
Stacktrace:
java.net.SocketException: Connection reset
	at java.base/sun.nio.ch.SocketChannelImpl.throwConnectionReset(SocketChannelImpl.java:403)
	at java.base/sun.nio.ch.SocketChannelImpl.implRead(SocketChannelImpl.java:419)
	at java.base/sun.nio.ch.SocketChannelImpl.read(SocketChannelImpl.java:493)
	at bg.sofia.uni.fmi.mjt.uno.server.ClientHandler.readMessageFromClient(ClientHandler.java:54)
	at bg.sofia.uni.fmi.mjt.uno.server.ClientHandler.run(ClientHandler.java:29)
	at java.base/java.lang.Thread.run(Thread.java:1575)
===================================================
Timestamp: 2025-01-30T12:07:22.289058600
Client Info: Username: krisi, Address: /127.0.0.1:53615
Log Level: ERROR
Message: Error occurred while handling client: Username: krisi, Address: /127.0.0.1:53615
Stacktrace:
java.net.SocketException: Connection reset
	at java.base/sun.nio.ch.SocketChannelImpl.throwConnectionReset(SocketChannelImpl.java:403)
	at java.base/sun.nio.ch.SocketChannelImpl.implRead(SocketChannelImpl.java:419)
	at java.base/sun.nio.ch.SocketChannelImpl.read(SocketChannelImpl.java:493)
	at bg.sofia.uni.fmi.mjt.uno.server.ClientHandler.readMessageFromClient(ClientHandler.java:54)
	at bg.sofia.uni.fmi.mjt.uno.server.ClientHandler.run(ClientHandler.java:29)
	at java.base/java.lang.Thread.run(Thread.java:1575)
===================================================
Timestamp: 2025-01-30T12:07:22.224274200
Client Info: Username: krisi, Address: /127.0.0.1:53615
Log Level: ERROR
Message: Error occurred while handling client: Username: krisi, Address: /127.0.0.1:53615
Stacktrace:
java.net.SocketException: Connection reset
	at java.base/sun.nio.ch.SocketChannelImpl.throwConnectionReset(SocketChannelImpl.java:403)
	at java.base/sun.nio.ch.SocketChannelImpl.implRead(SocketChannelImpl.java:419)
	at java.base/sun.nio.ch.SocketChannelImpl.read(SocketChannelImpl.java:493)
	at bg.sofia.uni.fmi.mjt.uno.server.ClientHandler.readMessageFromClient(ClientHandler.java:54)
	at bg.sofia.uni.fmi.mjt.uno.server.ClientHandler.run(ClientHandler.java:29)
	at java.base/java.lang.Thread.run(Thread.java:1575)
===================================================
Timestamp: 2025-01-30T12:07:22.223275900
Client Info: Username: krisi, Address: /127.0.0.1:53615
Log Level: ERROR
Message: Error occurred while handling client: Username: krisi, Address: /127.0.0.1:53615
Stacktrace:
java.net.SocketException: Connection reset
	at java.base/sun.nio.ch.SocketChannelImpl.throwConnectionReset(SocketChannelImpl.java:403)
	at java.base/sun.nio.ch.SocketChannelImpl.implRead(SocketChannelImpl.java:419)
	at java.base/sun.nio.ch.SocketChannelImpl.read(SocketChannelImpl.java:493)
	at bg.sofia.uni.fmi.mjt.uno.server.ClientHandler.readMessageFromClient(ClientHandler.java:54)
	at bg.sofia.uni.fmi.mjt.uno.server.ClientHandler.run(ClientHandler.java:29)
	at java.base/java.lang.Thread.run(Thread.java:1575)
===================================================
Timestamp: 2025-01-30T12:07:22.219740100
Client Info: Username: krisi, Address: /127.0.0.1:53615
Log Level: ERROR
Message: Error occurred while handling client: Username: krisi, Address: /127.0.0.1:53615
Stacktrace:
java.net.SocketException: Connection reset
	at java.base/sun.nio.ch.SocketChannelImpl.throwConnectionReset(SocketChannelImpl.java:403)
	at java.base/sun.nio.ch.SocketChannelImpl.implRead(SocketChannelImpl.java:419)
	at java.base/sun.nio.ch.SocketChannelImpl.read(SocketChannelImpl.java:493)
	at bg.sofia.uni.fmi.mjt.uno.server.ClientHandler.readMessageFromClient(ClientHandler.java:54)
	at bg.sofia.uni.fmi.mjt.uno.server.ClientHandler.run(ClientHandler.java:29)
	at java.base/java.lang.Thread.run(Thread.java:1575)
===================================================
Timestamp: 2025-01-30T12:07:22.217739700
Client Info: Username: krisi, Address: /127.0.0.1:53615
Log Level: ERROR
Message: Error occurred while handling client: Username: krisi, Address: /127.0.0.1:53615
Stacktrace:
java.net.SocketException: Connection reset
	at java.base/sun.nio.ch.SocketChannelImpl.throwConnectionReset(SocketChannelImpl.java:403)
	at java.base/sun.nio.ch.SocketChannelImpl.implRead(SocketChannelImpl.java:419)
	at java.base/sun.nio.ch.SocketChannelImpl.read(SocketChannelImpl.java:493)
	at bg.sofia.uni.fmi.mjt.uno.server.ClientHandler.readMessageFromClient(ClientHandler.java:54)
	at bg.sofia.uni.fmi.mjt.uno.server.ClientHandler.run(ClientHandler.java:29)
	at java.base/java.lang.Thread.run(Thread.java:1575)
===================================================
Timestamp: 2025-01-30T12:07:22.224274200
Client Info: Username: krisi, Address: /127.0.0.1:53615
Log Level: ERROR
Message: Error occurred while handling client: Username: krisi, Address: /127.0.0.1:53615
Stacktrace:
java.net.SocketException: Connection reset
	at java.base/sun.nio.ch.SocketChannelImpl.throwConnectionReset(SocketChannelImpl.java:403)
	at java.base/sun.nio.ch.SocketChannelImpl.implRead(SocketChannelImpl.java:419)
	at java.base/sun.nio.ch.SocketChannelImpl.read(SocketChannelImpl.java:493)
	at bg.sofia.uni.fmi.mjt.uno.server.ClientHandler.readMessageFromClient(ClientHandler.java:54)
	at bg.sofia.uni.fmi.mjt.uno.server.ClientHandler.run(ClientHandler.java:29)
	at java.base/java.lang.Thread.run(Thread.java:1575)
===================================================
Timestamp: 2025-01-30T12:07:22.216741
Client Info: Username: krisi, Address: /127.0.0.1:53615
Log Level: ERROR
Message: Error occurred while handling client: Username: krisi, Address: /127.0.0.1:53615
Stacktrace:
java.net.SocketException: Connection reset
	at java.base/sun.nio.ch.SocketChannelImpl.throwConnectionReset(SocketChannelImpl.java:403)
	at java.base/sun.nio.ch.SocketChannelImpl.implRead(SocketChannelImpl.java:419)
	at java.base/sun.nio.ch.SocketChannelImpl.read(SocketChannelImpl.java:493)
	at bg.sofia.uni.fmi.mjt.uno.server.ClientHandler.readMessageFromClient(ClientHandler.java:54)
	at bg.sofia.uni.fmi.mjt.uno.server.ClientHandler.run(ClientHandler.java:29)
	at java.base/java.lang.Thread.run(Thread.java:1575)
===================================================
Timestamp: 2025-01-30T12:07:22.222264100
Client Info: Username: krisi, Address: /127.0.0.1:53615
Log Level: ERROR
Message: Error occurred while handling client: Username: krisi, Address: /127.0.0.1:53615
Stacktrace:
java.net.SocketException: Connection reset
	at java.base/sun.nio.ch.SocketChannelImpl.throwConnectionReset(SocketChannelImpl.java:403)
	at java.base/sun.nio.ch.SocketChannelImpl.implRead(SocketChannelImpl.java:419)
	at java.base/sun.nio.ch.SocketChannelImpl.read(SocketChannelImpl.java:493)
	at bg.sofia.uni.fmi.mjt.uno.server.ClientHandler.readMessageFromClient(ClientHandler.java:54)
	at bg.sofia.uni.fmi.mjt.uno.server.ClientHandler.run(ClientHandler.java:29)
	at java.base/java.lang.Thread.run(Thread.java:1575)
===================================================
Timestamp: 2025-01-30T12:07:22.220739600
Client Info: Username: krisi, Address: /127.0.0.1:53615
Log Level: ERROR
Message: Error occurred while handling client: Username: krisi, Address: /127.0.0.1:53615
Stacktrace:
java.net.SocketException: Connection reset
	at java.base/sun.nio.ch.SocketChannelImpl.throwConnectionReset(SocketChannelImpl.java:403)
	at java.base/sun.nio.ch.SocketChannelImpl.implRead(SocketChannelImpl.java:419)
	at java.base/sun.nio.ch.SocketChannelImpl.read(SocketChannelImpl.java:493)
	at bg.sofia.uni.fmi.mjt.uno.server.ClientHandler.readMessageFromClient(ClientHandler.java:54)
	at bg.sofia.uni.fmi.mjt.uno.server.ClientHandler.run(ClientHandler.java:29)
	at java.base/java.lang.Thread.run(Thread.java:1575)
===================================================
Timestamp: 2025-01-30T12:07:22.307412300
Client Info: Username: krisi, Address: /127.0.0.1:53615
Log Level: ERROR
Message: Error occurred while handling client: Username: krisi, Address: /127.0.0.1:53615
Stacktrace:
java.net.SocketException: Connection reset
	at java.base/sun.nio.ch.SocketChannelImpl.throwConnectionReset(SocketChannelImpl.java:403)
	at java.base/sun.nio.ch.SocketChannelImpl.implRead(SocketChannelImpl.java:419)
	at java.base/sun.nio.ch.SocketChannelImpl.read(SocketChannelImpl.java:493)
	at bg.sofia.uni.fmi.mjt.uno.server.ClientHandler.readMessageFromClient(ClientHandler.java:54)
	at bg.sofia.uni.fmi.mjt.uno.server.ClientHandler.run(ClientHandler.java:29)
	at java.base/java.lang.Thread.run(Thread.java:1575)
===================================================
Timestamp: 2025-01-30T12:07:22.293725400
Client Info: Username: krisi, Address: /127.0.0.1:53615
Log Level: ERROR
Message: Error occurred while handling client: Username: krisi, Address: /127.0.0.1:53615
Stacktrace:
java.net.SocketException: Connection reset
	at java.base/sun.nio.ch.SocketChannelImpl.throwConnectionReset(SocketChannelImpl.java:403)
	at java.base/sun.nio.ch.SocketChannelImpl.implRead(SocketChannelImpl.java:419)
	at java.base/sun.nio.ch.SocketChannelImpl.read(SocketChannelImpl.java:493)
	at bg.sofia.uni.fmi.mjt.uno.server.ClientHandler.readMessageFromClient(ClientHandler.java:54)
	at bg.sofia.uni.fmi.mjt.uno.server.ClientHandler.run(ClientHandler.java:29)
	at java.base/java.lang.Thread.run(Thread.java:1575)
===================================================
Timestamp: 2025-01-30T12:07:22.216741
Client Info: Username: krisi, Address: /127.0.0.1:53615
Log Level: ERROR
Message: Error occurred while handling client: Username: krisi, Address: /127.0.0.1:53615
Stacktrace:
java.net.SocketException: Connection reset
	at java.base/sun.nio.ch.SocketChannelImpl.throwConnectionReset(SocketChannelImpl.java:403)
	at java.base/sun.nio.ch.SocketChannelImpl.implRead(SocketChannelImpl.java:419)
	at java.base/sun.nio.ch.SocketChannelImpl.read(SocketChannelImpl.java:493)
	at bg.sofia.uni.fmi.mjt.uno.server.ClientHandler.readMessageFromClient(ClientHandler.java:54)
	at bg.sofia.uni.fmi.mjt.uno.server.ClientHandler.run(ClientHandler.java:29)
	at java.base/java.lang.Thread.run(Thread.java:1575)
===================================================
Timestamp: 2025-01-30T12:07:22.223275900
Client Info: Username: krisi, Address: /127.0.0.1:53615
Log Level: ERROR
Message: Error occurred while handling client: Username: krisi, Address: /127.0.0.1:53615
Stacktrace:
java.net.SocketException: Connection reset
	at java.base/sun.nio.ch.SocketChannelImpl.throwConnectionReset(SocketChannelImpl.java:403)
	at java.base/sun.nio.ch.SocketChannelImpl.implRead(SocketChannelImpl.java:419)
	at java.base/sun.nio.ch.SocketChannelImpl.read(SocketChannelImpl.java:493)
	at bg.sofia.uni.fmi.mjt.uno.server.ClientHandler.readMessageFromClient(ClientHandler.java:54)
	at bg.sofia.uni.fmi.mjt.uno.server.ClientHandler.run(ClientHandler.java:29)
	at java.base/java.lang.Thread.run(Thread.java:1575)
===================================================
Timestamp: 2025-01-30T12:07:22.218739500
Client Info: Username: krisi, Address: /127.0.0.1:53615
Log Level: ERROR
Message: Error occurred while handling client: Username: krisi, Address: /127.0.0.1:53615
Stacktrace:
java.net.SocketException: Connection reset
	at java.base/sun.nio.ch.SocketChannelImpl.throwConnectionReset(SocketChannelImpl.java:403)
	at java.base/sun.nio.ch.SocketChannelImpl.implRead(SocketChannelImpl.java:419)
	at java.base/sun.nio.ch.SocketChannelImpl.read(SocketChannelImpl.java:493)
	at bg.sofia.uni.fmi.mjt.uno.server.ClientHandler.readMessageFromClient(ClientHandler.java:54)
	at bg.sofia.uni.fmi.mjt.uno.server.ClientHandler.run(ClientHandler.java:29)
	at java.base/java.lang.Thread.run(Thread.java:1575)
===================================================
Timestamp: 2025-01-30T12:07:22.222264100
Client Info: Username: krisi, Address: /127.0.0.1:53615
Log Level: ERROR
Message: Error occurred while handling client: Username: krisi, Address: /127.0.0.1:53615
Stacktrace:
java.net.SocketException: Connection reset
	at java.base/sun.nio.ch.SocketChannelImpl.throwConnectionReset(SocketChannelImpl.java:403)
	at java.base/sun.nio.ch.SocketChannelImpl.implRead(SocketChannelImpl.java:419)
	at java.base/sun.nio.ch.SocketChannelImpl.read(SocketChannelImpl.java:493)
	at bg.sofia.uni.fmi.mjt.uno.server.ClientHandler.readMessageFromClient(ClientHandler.java:54)
	at bg.sofia.uni.fmi.mjt.uno.server.ClientHandler.run(ClientHandler.java:29)
	at java.base/java.lang.Thread.run(Thread.java:1575)
===================================================
Timestamp: 2025-01-30T12:07:22.222264100
Client Info: Username: krisi, Address: /127.0.0.1:53615
Log Level: ERROR
Message: Error occurred while handling client: Username: krisi, Address: /127.0.0.1:53615
Stacktrace:
java.net.SocketException: Connection reset
	at java.base/sun.nio.ch.SocketChannelImpl.throwConnectionReset(SocketChannelImpl.java:403)
	at java.base/sun.nio.ch.SocketChannelImpl.implRead(SocketChannelImpl.java:419)
	at java.base/sun.nio.ch.SocketChannelImpl.read(SocketChannelImpl.java:493)
	at bg.sofia.uni.fmi.mjt.uno.server.ClientHandler.readMessageFromClient(ClientHandler.java:54)
	at bg.sofia.uni.fmi.mjt.uno.server.ClientHandler.run(ClientHandler.java:29)
	at java.base/java.lang.Thread.run(Thread.java:1575)
===================================================
Timestamp: 2025-01-30T12:07:22.219740100
Client Info: Username: krisi, Address: /127.0.0.1:53615
Log Level: ERROR
Message: Error occurred while handling client: Username: krisi, Address: /127.0.0.1:53615
Stacktrace:
java.net.SocketException: Connection reset
	at java.base/sun.nio.ch.SocketChannelImpl.throwConnectionReset(SocketChannelImpl.java:403)
	at java.base/sun.nio.ch.SocketChannelImpl.implRead(SocketChannelImpl.java:419)
	at java.base/sun.nio.ch.SocketChannelImpl.read(SocketChannelImpl.java:493)
	at bg.sofia.uni.fmi.mjt.uno.server.ClientHandler.readMessageFromClient(ClientHandler.java:54)
	at bg.sofia.uni.fmi.mjt.uno.server.ClientHandler.run(ClientHandler.java:29)
	at java.base/java.lang.Thread.run(Thread.java:1575)
===================================================
Timestamp: 2025-01-30T12:07:22.291715100
Client Info: Username: krisi, Address: /127.0.0.1:53615
Log Level: ERROR
Message: Error occurred while handling client: Username: krisi, Address: /127.0.0.1:53615
Stacktrace:
java.net.SocketException: Connection reset
	at java.base/sun.nio.ch.SocketChannelImpl.throwConnectionReset(SocketChannelImpl.java:403)
	at java.base/sun.nio.ch.SocketChannelImpl.implRead(SocketChannelImpl.java:419)
	at java.base/sun.nio.ch.SocketChannelImpl.read(SocketChannelImpl.java:493)
	at bg.sofia.uni.fmi.mjt.uno.server.ClientHandler.readMessageFromClient(ClientHandler.java:54)
	at bg.sofia.uni.fmi.mjt.uno.server.ClientHandler.run(ClientHandler.java:29)
	at java.base/java.lang.Thread.run(Thread.java:1575)
===================================================
Timestamp: 2025-01-30T12:07:22.217739700
Client Info: Username: krisi, Address: /127.0.0.1:53615
Log Level: ERROR
Message: Error occurred while handling client: Username: krisi, Address: /127.0.0.1:53615
Stacktrace:
java.net.SocketException: Connection reset
	at java.base/sun.nio.ch.SocketChannelImpl.throwConnectionReset(SocketChannelImpl.java:403)
	at java.base/sun.nio.ch.SocketChannelImpl.implRead(SocketChannelImpl.java:419)
	at java.base/sun.nio.ch.SocketChannelImpl.read(SocketChannelImpl.java:493)
	at bg.sofia.uni.fmi.mjt.uno.server.ClientHandler.readMessageFromClient(ClientHandler.java:54)
	at bg.sofia.uni.fmi.mjt.uno.server.ClientHandler.run(ClientHandler.java:29)
	at java.base/java.lang.Thread.run(Thread.java:1575)
===================================================
Timestamp: 2025-01-30T12:07:22.214740700
Client Info: Username: krisi, Address: /127.0.0.1:53615
Log Level: ERROR
Message: Error occurred while handling client: Username: krisi, Address: /127.0.0.1:53615
Stacktrace:
java.net.SocketException: Connection reset
	at java.base/sun.nio.ch.SocketChannelImpl.throwConnectionReset(SocketChannelImpl.java:403)
	at java.base/sun.nio.ch.SocketChannelImpl.implRead(SocketChannelImpl.java:419)
	at java.base/sun.nio.ch.SocketChannelImpl.read(SocketChannelImpl.java:493)
	at bg.sofia.uni.fmi.mjt.uno.server.ClientHandler.readMessageFromClient(ClientHandler.java:54)
	at bg.sofia.uni.fmi.mjt.uno.server.ClientHandler.run(ClientHandler.java:29)
	at java.base/java.lang.Thread.run(Thread.java:1575)
===================================================
Timestamp: 2025-01-30T12:07:22.220739600
Client Info: Username: krisi, Address: /127.0.0.1:53615
Log Level: ERROR
Message: Error occurred while handling client: Username: krisi, Address: /127.0.0.1:53615
Stacktrace:
java.net.SocketException: Connection reset
	at java.base/sun.nio.ch.SocketChannelImpl.throwConnectionReset(SocketChannelImpl.java:403)
	at java.base/sun.nio.ch.SocketChannelImpl.implRead(SocketChannelImpl.java:419)
	at java.base/sun.nio.ch.SocketChannelImpl.read(SocketChannelImpl.java:493)
	at bg.sofia.uni.fmi.mjt.uno.server.ClientHandler.readMessageFromClient(ClientHandler.java:54)
	at bg.sofia.uni.fmi.mjt.uno.server.ClientHandler.run(ClientHandler.java:29)
	at java.base/java.lang.Thread.run(Thread.java:1575)
===================================================
Timestamp: 2025-01-30T12:07:22.216741
Client Info: Username: krisi, Address: /127.0.0.1:53615
Log Level: ERROR
Message: Error occurred while handling client: Username: krisi, Address: /127.0.0.1:53615
Stacktrace:
java.net.SocketException: Connection reset
	at java.base/sun.nio.ch.SocketChannelImpl.throwConnectionReset(SocketChannelImpl.java:403)
	at java.base/sun.nio.ch.SocketChannelImpl.implRead(SocketChannelImpl.java:419)
	at java.base/sun.nio.ch.SocketChannelImpl.read(SocketChannelImpl.java:493)
	at bg.sofia.uni.fmi.mjt.uno.server.ClientHandler.readMessageFromClient(ClientHandler.java:54)
	at bg.sofia.uni.fmi.mjt.uno.server.ClientHandler.run(ClientHandler.java:29)
	at java.base/java.lang.Thread.run(Thread.java:1575)
===================================================
Timestamp: 2025-01-30T12:07:22.219740100
Client Info: Username: krisi, Address: /127.0.0.1:53615
Log Level: ERROR
Message: Error occurred while handling client: Username: krisi, Address: /127.0.0.1:53615
Stacktrace:
java.net.SocketException: Connection reset
	at java.base/sun.nio.ch.SocketChannelImpl.throwConnectionReset(SocketChannelImpl.java:403)
	at java.base/sun.nio.ch.SocketChannelImpl.implRead(SocketChannelImpl.java:419)
	at java.base/sun.nio.ch.SocketChannelImpl.read(SocketChannelImpl.java:493)
	at bg.sofia.uni.fmi.mjt.uno.server.ClientHandler.readMessageFromClient(ClientHandler.java:54)
	at bg.sofia.uni.fmi.mjt.uno.server.ClientHandler.run(ClientHandler.java:29)
	at java.base/java.lang.Thread.run(Thread.java:1575)
===================================================
Timestamp: 2025-01-30T12:07:22.223275900
Client Info: Username: krisi, Address: /127.0.0.1:53615
Log Level: ERROR
Message: Error occurred while handling client: Username: krisi, Address: /127.0.0.1:53615
Stacktrace:
java.net.SocketException: Connection reset
	at java.base/sun.nio.ch.SocketChannelImpl.throwConnectionReset(SocketChannelImpl.java:403)
	at java.base/sun.nio.ch.SocketChannelImpl.implRead(SocketChannelImpl.java:419)
	at java.base/sun.nio.ch.SocketChannelImpl.read(SocketChannelImpl.java:493)
	at bg.sofia.uni.fmi.mjt.uno.server.ClientHandler.readMessageFromClient(ClientHandler.java:54)
	at bg.sofia.uni.fmi.mjt.uno.server.ClientHandler.run(ClientHandler.java:29)
	at java.base/java.lang.Thread.run(Thread.java:1575)
===================================================
Timestamp: 2025-01-30T12:07:22.290346200
Client Info: Username: krisi, Address: /127.0.0.1:53615
Log Level: ERROR
Message: Error occurred while handling client: Username: krisi, Address: /127.0.0.1:53615
Stacktrace:
java.net.SocketException: Connection reset
	at java.base/sun.nio.ch.SocketChannelImpl.throwConnectionReset(SocketChannelImpl.java:403)
	at java.base/sun.nio.ch.SocketChannelImpl.implRead(SocketChannelImpl.java:419)
	at java.base/sun.nio.ch.SocketChannelImpl.read(SocketChannelImpl.java:493)
	at bg.sofia.uni.fmi.mjt.uno.server.ClientHandler.readMessageFromClient(ClientHandler.java:54)
	at bg.sofia.uni.fmi.mjt.uno.server.ClientHandler.run(ClientHandler.java:29)
	at java.base/java.lang.Thread.run(Thread.java:1575)
===================================================
Timestamp: 2025-01-30T12:07:22.217739700
Client Info: Username: krisi, Address: /127.0.0.1:53615
Log Level: ERROR
Message: Error occurred while handling client: Username: krisi, Address: /127.0.0.1:53615
Stacktrace:
java.net.SocketException: Connection reset
	at java.base/sun.nio.ch.SocketChannelImpl.throwConnectionReset(SocketChannelImpl.java:403)
	at java.base/sun.nio.ch.SocketChannelImpl.implRead(SocketChannelImpl.java:419)
	at java.base/sun.nio.ch.SocketChannelImpl.read(SocketChannelImpl.java:493)
	at bg.sofia.uni.fmi.mjt.uno.server.ClientHandler.readMessageFromClient(ClientHandler.java:54)
	at bg.sofia.uni.fmi.mjt.uno.server.ClientHandler.run(ClientHandler.java:29)
	at java.base/java.lang.Thread.run(Thread.java:1575)
===================================================
Timestamp: 2025-01-30T12:07:22.217739700
Client Info: Username: krisi, Address: /127.0.0.1:53615
Log Level: ERROR
Message: Error occurred while handling client: Username: krisi, Address: /127.0.0.1:53615
Stacktrace:
java.net.SocketException: Connection reset
	at java.base/sun.nio.ch.SocketChannelImpl.throwConnectionReset(SocketChannelImpl.java:403)
	at java.base/sun.nio.ch.SocketChannelImpl.implRead(SocketChannelImpl.java:419)
	at java.base/sun.nio.ch.SocketChannelImpl.read(SocketChannelImpl.java:493)
	at bg.sofia.uni.fmi.mjt.uno.server.ClientHandler.readMessageFromClient(ClientHandler.java:54)
	at bg.sofia.uni.fmi.mjt.uno.server.ClientHandler.run(ClientHandler.java:29)
	at java.base/java.lang.Thread.run(Thread.java:1575)
===================================================
Timestamp: 2025-01-30T12:07:22.221740500
Client Info: Username: krisi, Address: /127.0.0.1:53615
Log Level: ERROR
Message: Error occurred while handling client: Username: krisi, Address: /127.0.0.1:53615
Stacktrace:
java.net.SocketException: Connection reset
	at java.base/sun.nio.ch.SocketChannelImpl.throwConnectionReset(SocketChannelImpl.java:403)
	at java.base/sun.nio.ch.SocketChannelImpl.implRead(SocketChannelImpl.java:419)
	at java.base/sun.nio.ch.SocketChannelImpl.read(SocketChannelImpl.java:493)
	at bg.sofia.uni.fmi.mjt.uno.server.ClientHandler.readMessageFromClient(ClientHandler.java:54)
	at bg.sofia.uni.fmi.mjt.uno.server.ClientHandler.run(ClientHandler.java:29)
	at java.base/java.lang.Thread.run(Thread.java:1575)
===================================================
Timestamp: 2025-01-30T12:07:22.220739600
Client Info: Username: krisi, Address: /127.0.0.1:53615
Log Level: ERROR
Message: Error occurred while handling client: Username: krisi, Address: /127.0.0.1:53615
Stacktrace:
java.net.SocketException: Connection reset
	at java.base/sun.nio.ch.SocketChannelImpl.throwConnectionReset(SocketChannelImpl.java:403)
	at java.base/sun.nio.ch.SocketChannelImpl.implRead(SocketChannelImpl.java:419)
	at java.base/sun.nio.ch.SocketChannelImpl.read(SocketChannelImpl.java:493)
	at bg.sofia.uni.fmi.mjt.uno.server.ClientHandler.readMessageFromClient(ClientHandler.java:54)
	at bg.sofia.uni.fmi.mjt.uno.server.ClientHandler.run(ClientHandler.java:29)
	at java.base/java.lang.Thread.run(Thread.java:1575)
===================================================
Timestamp: 2025-01-30T12:07:22.220739600
Client Info: Username: krisi, Address: /127.0.0.1:53615
Log Level: ERROR
Message: Error occurred while handling client: Username: krisi, Address: /127.0.0.1:53615
Stacktrace:
java.net.SocketException: Connection reset
	at java.base/sun.nio.ch.SocketChannelImpl.throwConnectionReset(SocketChannelImpl.java:403)
	at java.base/sun.nio.ch.SocketChannelImpl.implRead(SocketChannelImpl.java:419)
	at java.base/sun.nio.ch.SocketChannelImpl.read(SocketChannelImpl.java:493)
	at bg.sofia.uni.fmi.mjt.uno.server.ClientHandler.readMessageFromClient(ClientHandler.java:54)
	at bg.sofia.uni.fmi.mjt.uno.server.ClientHandler.run(ClientHandler.java:29)
	at java.base/java.lang.Thread.run(Thread.java:1575)
===================================================
Timestamp: 2025-01-30T12:07:22.219740100
Client Info: Username: krisi, Address: /127.0.0.1:53615
Log Level: ERROR
Message: Error occurred while handling client: Username: krisi, Address: /127.0.0.1:53615
Stacktrace:
java.net.SocketException: Connection reset
	at java.base/sun.nio.ch.SocketChannelImpl.throwConnectionReset(SocketChannelImpl.java:403)
	at java.base/sun.nio.ch.SocketChannelImpl.implRead(SocketChannelImpl.java:419)
	at java.base/sun.nio.ch.SocketChannelImpl.read(SocketChannelImpl.java:493)
	at bg.sofia.uni.fmi.mjt.uno.server.ClientHandler.readMessageFromClient(ClientHandler.java:54)
	at bg.sofia.uni.fmi.mjt.uno.server.ClientHandler.run(ClientHandler.java:29)
	at java.base/java.lang.Thread.run(Thread.java:1575)
===================================================
Timestamp: 2025-01-30T12:07:22.296727300
Client Info: Username: krisi, Address: /127.0.0.1:53615
Log Level: ERROR
Message: Error occurred while handling client: Username: krisi, Address: /127.0.0.1:53615
Stacktrace:
java.net.SocketException: Connection reset
	at java.base/sun.nio.ch.SocketChannelImpl.throwConnectionReset(SocketChannelImpl.java:403)
	at java.base/sun.nio.ch.SocketChannelImpl.implRead(SocketChannelImpl.java:419)
	at java.base/sun.nio.ch.SocketChannelImpl.read(SocketChannelImpl.java:493)
	at bg.sofia.uni.fmi.mjt.uno.server.ClientHandler.readMessageFromClient(ClientHandler.java:54)
	at bg.sofia.uni.fmi.mjt.uno.server.ClientHandler.run(ClientHandler.java:29)
	at java.base/java.lang.Thread.run(Thread.java:1575)
===================================================
Timestamp: 2025-01-30T12:07:22.222264100
Client Info: Username: krisi, Address: /127.0.0.1:53615
Log Level: ERROR
Message: Error occurred while handling client: Username: krisi, Address: /127.0.0.1:53615
Stacktrace:
java.net.SocketException: Connection reset
	at java.base/sun.nio.ch.SocketChannelImpl.throwConnectionReset(SocketChannelImpl.java:403)
	at java.base/sun.nio.ch.SocketChannelImpl.implRead(SocketChannelImpl.java:419)
	at java.base/sun.nio.ch.SocketChannelImpl.read(SocketChannelImpl.java:493)
	at bg.sofia.uni.fmi.mjt.uno.server.ClientHandler.readMessageFromClient(ClientHandler.java:54)
	at bg.sofia.uni.fmi.mjt.uno.server.ClientHandler.run(ClientHandler.java:29)
	at java.base/java.lang.Thread.run(Thread.java:1575)
===================================================
Timestamp: 2025-01-30T12:07:22.217739700
Client Info: Username: krisi, Address: /127.0.0.1:53615
Log Level: ERROR
Message: Error occurred while handling client: Username: krisi, Address: /127.0.0.1:53615
Stacktrace:
java.net.SocketException: Connection reset
	at java.base/sun.nio.ch.SocketChannelImpl.throwConnectionReset(SocketChannelImpl.java:403)
	at java.base/sun.nio.ch.SocketChannelImpl.implRead(SocketChannelImpl.java:419)
	at java.base/sun.nio.ch.SocketChannelImpl.read(SocketChannelImpl.java:493)
	at bg.sofia.uni.fmi.mjt.uno.server.ClientHandler.readMessageFromClient(ClientHandler.java:54)
	at bg.sofia.uni.fmi.mjt.uno.server.ClientHandler.run(ClientHandler.java:29)
	at java.base/java.lang.Thread.run(Thread.java:1575)
===================================================
Timestamp: 2025-01-30T12:07:22.286057400
Client Info: Username: krisi, Address: /127.0.0.1:53615
Log Level: ERROR
Message: Error occurred while handling client: Username: krisi, Address: /127.0.0.1:53615
Stacktrace:
java.net.SocketException: Connection reset
	at java.base/sun.nio.ch.SocketChannelImpl.throwConnectionReset(SocketChannelImpl.java:403)
	at java.base/sun.nio.ch.SocketChannelImpl.implRead(SocketChannelImpl.java:419)
	at java.base/sun.nio.ch.SocketChannelImpl.read(SocketChannelImpl.java:493)
	at bg.sofia.uni.fmi.mjt.uno.server.ClientHandler.readMessageFromClient(ClientHandler.java:54)
	at bg.sofia.uni.fmi.mjt.uno.server.ClientHandler.run(ClientHandler.java:29)
	at java.base/java.lang.Thread.run(Thread.java:1575)
===================================================
Timestamp: 2025-01-30T12:07:22.216741
Client Info: Username: krisi, Address: /127.0.0.1:53615
Log Level: ERROR
Message: Error occurred while handling client: Username: krisi, Address: /127.0.0.1:53615
Stacktrace:
java.net.SocketException: Connection reset
	at java.base/sun.nio.ch.SocketChannelImpl.throwConnectionReset(SocketChannelImpl.java:403)
	at java.base/sun.nio.ch.SocketChannelImpl.implRead(SocketChannelImpl.java:419)
	at java.base/sun.nio.ch.SocketChannelImpl.read(SocketChannelImpl.java:493)
	at bg.sofia.uni.fmi.mjt.uno.server.ClientHandler.readMessageFromClient(ClientHandler.java:54)
	at bg.sofia.uni.fmi.mjt.uno.server.ClientHandler.run(ClientHandler.java:29)
	at java.base/java.lang.Thread.run(Thread.java:1575)
===================================================
Timestamp: 2025-01-30T12:07:22.224274200
Client Info: Username: krisi, Address: /127.0.0.1:53615
Log Level: ERROR
Message: Error occurred while handling client: Username: krisi, Address: /127.0.0.1:53615
Stacktrace:
java.net.SocketException: Connection reset
	at java.base/sun.nio.ch.SocketChannelImpl.throwConnectionReset(SocketChannelImpl.java:403)
	at java.base/sun.nio.ch.SocketChannelImpl.implRead(SocketChannelImpl.java:419)
	at java.base/sun.nio.ch.SocketChannelImpl.read(SocketChannelImpl.java:493)
	at bg.sofia.uni.fmi.mjt.uno.server.ClientHandler.readMessageFromClient(ClientHandler.java:54)
	at bg.sofia.uni.fmi.mjt.uno.server.ClientHandler.run(ClientHandler.java:29)
	at java.base/java.lang.Thread.run(Thread.java:1575)
===================================================
Timestamp: 2025-01-30T12:07:22.220739600
Client Info: Username: krisi, Address: /127.0.0.1:53615
Log Level: ERROR
Message: Error occurred while handling client: Username: krisi, Address: /127.0.0.1:53615
Stacktrace:
java.net.SocketException: Connection reset
	at java.base/sun.nio.ch.SocketChannelImpl.throwConnectionReset(SocketChannelImpl.java:403)
	at java.base/sun.nio.ch.SocketChannelImpl.implRead(SocketChannelImpl.java:419)
	at java.base/sun.nio.ch.SocketChannelImpl.read(SocketChannelImpl.java:493)
	at bg.sofia.uni.fmi.mjt.uno.server.ClientHandler.readMessageFromClient(ClientHandler.java:54)
	at bg.sofia.uni.fmi.mjt.uno.server.ClientHandler.run(ClientHandler.java:29)
	at java.base/java.lang.Thread.run(Thread.java:1575)
===================================================
Timestamp: 2025-01-30T12:07:22.213739900
Client Info: Username: krisi, Address: /127.0.0.1:53615
Log Level: ERROR
Message: Error occurred while handling client: Username: krisi, Address: /127.0.0.1:53615
Stacktrace:
java.net.SocketException: Connection reset
	at java.base/sun.nio.ch.SocketChannelImpl.throwConnectionReset(SocketChannelImpl.java:403)
	at java.base/sun.nio.ch.SocketChannelImpl.implRead(SocketChannelImpl.java:419)
	at java.base/sun.nio.ch.SocketChannelImpl.read(SocketChannelImpl.java:493)
	at bg.sofia.uni.fmi.mjt.uno.server.ClientHandler.readMessageFromClient(ClientHandler.java:54)
	at bg.sofia.uni.fmi.mjt.uno.server.ClientHandler.run(ClientHandler.java:29)
	at java.base/java.lang.Thread.run(Thread.java:1575)
===================================================
Timestamp: 2025-01-30T12:07:22.220739600
Client Info: Username: krisi, Address: /127.0.0.1:53615
Log Level: ERROR
Message: Error occurred while handling client: Username: krisi, Address: /127.0.0.1:53615
Stacktrace:
java.net.SocketException: Connection reset
	at java.base/sun.nio.ch.SocketChannelImpl.throwConnectionReset(SocketChannelImpl.java:403)
	at java.base/sun.nio.ch.SocketChannelImpl.implRead(SocketChannelImpl.java:419)
	at java.base/sun.nio.ch.SocketChannelImpl.read(SocketChannelImpl.java:493)
	at bg.sofia.uni.fmi.mjt.uno.server.ClientHandler.readMessageFromClient(ClientHandler.java:54)
	at bg.sofia.uni.fmi.mjt.uno.server.ClientHandler.run(ClientHandler.java:29)
	at java.base/java.lang.Thread.run(Thread.java:1575)
===================================================
Timestamp: 2025-01-30T12:07:22.215739100
Client Info: Username: krisi, Address: /127.0.0.1:53615
Log Level: ERROR
Message: Error occurred while handling client: Username: krisi, Address: /127.0.0.1:53615
Stacktrace:
java.net.SocketException: Connection reset
	at java.base/sun.nio.ch.SocketChannelImpl.throwConnectionReset(SocketChannelImpl.java:403)
	at java.base/sun.nio.ch.SocketChannelImpl.implRead(SocketChannelImpl.java:419)
	at java.base/sun.nio.ch.SocketChannelImpl.read(SocketChannelImpl.java:493)
	at bg.sofia.uni.fmi.mjt.uno.server.ClientHandler.readMessageFromClient(ClientHandler.java:54)
	at bg.sofia.uni.fmi.mjt.uno.server.ClientHandler.run(ClientHandler.java:29)
	at java.base/java.lang.Thread.run(Thread.java:1575)
===================================================
Timestamp: 2025-01-30T12:07:22.221740500
Client Info: Username: krisi, Address: /127.0.0.1:53615
Log Level: ERROR
Message: Error occurred while handling client: Username: krisi, Address: /127.0.0.1:53615
Stacktrace:
java.net.SocketException: Connection reset
	at java.base/sun.nio.ch.SocketChannelImpl.throwConnectionReset(SocketChannelImpl.java:403)
	at java.base/sun.nio.ch.SocketChannelImpl.implRead(SocketChannelImpl.java:419)
	at java.base/sun.nio.ch.SocketChannelImpl.read(SocketChannelImpl.java:493)
	at bg.sofia.uni.fmi.mjt.uno.server.ClientHandler.readMessageFromClient(ClientHandler.java:54)
	at bg.sofia.uni.fmi.mjt.uno.server.ClientHandler.run(ClientHandler.java:29)
	at java.base/java.lang.Thread.run(Thread.java:1575)
===================================================
Timestamp: 2025-01-30T12:07:22.217739700
Client Info: Username: krisi, Address: /127.0.0.1:53615
Log Level: ERROR
Message: Error occurred while handling client: Username: krisi, Address: /127.0.0.1:53615
Stacktrace:
java.net.SocketException: Connection reset
	at java.base/sun.nio.ch.SocketChannelImpl.throwConnectionReset(SocketChannelImpl.java:403)
	at java.base/sun.nio.ch.SocketChannelImpl.implRead(SocketChannelImpl.java:419)
	at java.base/sun.nio.ch.SocketChannelImpl.read(SocketChannelImpl.java:493)
	at bg.sofia.uni.fmi.mjt.uno.server.ClientHandler.readMessageFromClient(ClientHandler.java:54)
	at bg.sofia.uni.fmi.mjt.uno.server.ClientHandler.run(ClientHandler.java:29)
	at java.base/java.lang.Thread.run(Thread.java:1575)
===================================================
Timestamp: 2025-01-30T12:07:22.294727500
Client Info: Username: krisi, Address: /127.0.0.1:53615
Log Level: ERROR
Message: Error occurred while handling client: Username: krisi, Address: /127.0.0.1:53615
Stacktrace:
java.net.SocketException: Connection reset
	at java.base/sun.nio.ch.SocketChannelImpl.throwConnectionReset(SocketChannelImpl.java:403)
	at java.base/sun.nio.ch.SocketChannelImpl.implRead(SocketChannelImpl.java:419)
	at java.base/sun.nio.ch.SocketChannelImpl.read(SocketChannelImpl.java:493)
	at bg.sofia.uni.fmi.mjt.uno.server.ClientHandler.readMessageFromClient(ClientHandler.java:54)
	at bg.sofia.uni.fmi.mjt.uno.server.ClientHandler.run(ClientHandler.java:29)
	at java.base/java.lang.Thread.run(Thread.java:1575)
===================================================
Timestamp: 2025-01-30T12:07:22.216741
Client Info: Username: krisi, Address: /127.0.0.1:53615
Log Level: ERROR
Message: Error occurred while handling client: Username: krisi, Address: /127.0.0.1:53615
Stacktrace:
java.net.SocketException: Connection reset
	at java.base/sun.nio.ch.SocketChannelImpl.throwConnectionReset(SocketChannelImpl.java:403)
	at java.base/sun.nio.ch.SocketChannelImpl.implRead(SocketChannelImpl.java:419)
	at java.base/sun.nio.ch.SocketChannelImpl.read(SocketChannelImpl.java:493)
	at bg.sofia.uni.fmi.mjt.uno.server.ClientHandler.readMessageFromClient(ClientHandler.java:54)
	at bg.sofia.uni.fmi.mjt.uno.server.ClientHandler.run(ClientHandler.java:29)
	at java.base/java.lang.Thread.run(Thread.java:1575)
===================================================
Timestamp: 2025-01-30T12:07:22.215739100
Client Info: Username: krisi, Address: /127.0.0.1:53615
Log Level: ERROR
Message: Error occurred while handling client: Username: krisi, Address: /127.0.0.1:53615
Stacktrace:
java.net.SocketException: Connection reset
	at java.base/sun.nio.ch.SocketChannelImpl.throwConnectionReset(SocketChannelImpl.java:403)
	at java.base/sun.nio.ch.SocketChannelImpl.implRead(SocketChannelImpl.java:419)
	at java.base/sun.nio.ch.SocketChannelImpl.read(SocketChannelImpl.java:493)
	at bg.sofia.uni.fmi.mjt.uno.server.ClientHandler.readMessageFromClient(ClientHandler.java:54)
	at bg.sofia.uni.fmi.mjt.uno.server.ClientHandler.run(ClientHandler.java:29)
	at java.base/java.lang.Thread.run(Thread.java:1575)
===================================================
Timestamp: 2025-01-30T12:07:22.289058600
Client Info: Username: krisi, Address: /127.0.0.1:53615
Log Level: ERROR
Message: Error occurred while handling client: Username: krisi, Address: /127.0.0.1:53615
Stacktrace:
java.net.SocketException: Connection reset
	at java.base/sun.nio.ch.SocketChannelImpl.throwConnectionReset(SocketChannelImpl.java:403)
	at java.base/sun.nio.ch.SocketChannelImpl.implRead(SocketChannelImpl.java:419)
	at java.base/sun.nio.ch.SocketChannelImpl.read(SocketChannelImpl.java:493)
	at bg.sofia.uni.fmi.mjt.uno.server.ClientHandler.readMessageFromClient(ClientHandler.java:54)
	at bg.sofia.uni.fmi.mjt.uno.server.ClientHandler.run(ClientHandler.java:29)
	at java.base/java.lang.Thread.run(Thread.java:1575)
===================================================
Timestamp: 2025-01-30T12:07:22.218739500
Client Info: Username: krisi, Address: /127.0.0.1:53615
Log Level: ERROR
Message: Error occurred while handling client: Username: krisi, Address: /127.0.0.1:53615
Stacktrace:
java.net.SocketException: Connection reset
	at java.base/sun.nio.ch.SocketChannelImpl.throwConnectionReset(SocketChannelImpl.java:403)
	at java.base/sun.nio.ch.SocketChannelImpl.implRead(SocketChannelImpl.java:419)
	at java.base/sun.nio.ch.SocketChannelImpl.read(SocketChannelImpl.java:493)
	at bg.sofia.uni.fmi.mjt.uno.server.ClientHandler.readMessageFromClient(ClientHandler.java:54)
	at bg.sofia.uni.fmi.mjt.uno.server.ClientHandler.run(ClientHandler.java:29)
	at java.base/java.lang.Thread.run(Thread.java:1575)
===================================================
Timestamp: 2025-01-30T12:07:22.222264100
Client Info: Username: krisi, Address: /127.0.0.1:53615
Log Level: ERROR
Message: Error occurred while handling client: Username: krisi, Address: /127.0.0.1:53615
Stacktrace:
java.net.SocketException: Connection reset
	at java.base/sun.nio.ch.SocketChannelImpl.throwConnectionReset(SocketChannelImpl.java:403)
	at java.base/sun.nio.ch.SocketChannelImpl.implRead(SocketChannelImpl.java:419)
	at java.base/sun.nio.ch.SocketChannelImpl.read(SocketChannelImpl.java:493)
	at bg.sofia.uni.fmi.mjt.uno.server.ClientHandler.readMessageFromClient(ClientHandler.java:54)
	at bg.sofia.uni.fmi.mjt.uno.server.ClientHandler.run(ClientHandler.java:29)
	at java.base/java.lang.Thread.run(Thread.java:1575)
===================================================
Timestamp: 2025-01-30T12:07:22.293725400
Client Info: Username: krisi, Address: /127.0.0.1:53615
Log Level: ERROR
Message: Error occurred while handling client: Username: krisi, Address: /127.0.0.1:53615
Stacktrace:
java.net.SocketException: Connection reset
	at java.base/sun.nio.ch.SocketChannelImpl.throwConnectionReset(SocketChannelImpl.java:403)
	at java.base/sun.nio.ch.SocketChannelImpl.implRead(SocketChannelImpl.java:419)
	at java.base/sun.nio.ch.SocketChannelImpl.read(SocketChannelImpl.java:493)
	at bg.sofia.uni.fmi.mjt.uno.server.ClientHandler.readMessageFromClient(ClientHandler.java:54)
	at bg.sofia.uni.fmi.mjt.uno.server.ClientHandler.run(ClientHandler.java:29)
	at java.base/java.lang.Thread.run(Thread.java:1575)
===================================================
Timestamp: 2025-01-30T12:07:22.224274200
Client Info: Username: krisi, Address: /127.0.0.1:53615
Log Level: ERROR
Message: Error occurred while handling client: Username: krisi, Address: /127.0.0.1:53615
Stacktrace:
java.net.SocketException: Connection reset
	at java.base/sun.nio.ch.SocketChannelImpl.throwConnectionReset(SocketChannelImpl.java:403)
	at java.base/sun.nio.ch.SocketChannelImpl.implRead(SocketChannelImpl.java:419)
	at java.base/sun.nio.ch.SocketChannelImpl.read(SocketChannelImpl.java:493)
	at bg.sofia.uni.fmi.mjt.uno.server.ClientHandler.readMessageFromClient(ClientHandler.java:54)
	at bg.sofia.uni.fmi.mjt.uno.server.ClientHandler.run(ClientHandler.java:29)
	at java.base/java.lang.Thread.run(Thread.java:1575)
===================================================
Timestamp: 2025-01-30T12:07:22.220739600
Client Info: Username: krisi, Address: /127.0.0.1:53615
Log Level: ERROR
Message: Error occurred while handling client: Username: krisi, Address: /127.0.0.1:53615
Stacktrace:
java.net.SocketException: Connection reset
	at java.base/sun.nio.ch.SocketChannelImpl.throwConnectionReset(SocketChannelImpl.java:403)
	at java.base/sun.nio.ch.SocketChannelImpl.implRead(SocketChannelImpl.java:419)
	at java.base/sun.nio.ch.SocketChannelImpl.read(SocketChannelImpl.java:493)
	at bg.sofia.uni.fmi.mjt.uno.server.ClientHandler.readMessageFromClient(ClientHandler.java:54)
	at bg.sofia.uni.fmi.mjt.uno.server.ClientHandler.run(ClientHandler.java:29)
	at java.base/java.lang.Thread.run(Thread.java:1575)
===================================================
Timestamp: 2025-01-30T12:07:22.277667900
Client Info: Username: krisi, Address: /127.0.0.1:53615
Log Level: ERROR
Message: Error occurred while handling client: Username: krisi, Address: /127.0.0.1:53615
Stacktrace:
java.net.SocketException: Connection reset
	at java.base/sun.nio.ch.SocketChannelImpl.throwConnectionReset(SocketChannelImpl.java:403)
	at java.base/sun.nio.ch.SocketChannelImpl.implRead(SocketChannelImpl.java:419)
	at java.base/sun.nio.ch.SocketChannelImpl.read(SocketChannelImpl.java:493)
	at bg.sofia.uni.fmi.mjt.uno.server.ClientHandler.readMessageFromClient(ClientHandler.java:54)
	at bg.sofia.uni.fmi.mjt.uno.server.ClientHandler.run(ClientHandler.java:29)
	at java.base/java.lang.Thread.run(Thread.java:1575)
===================================================
Timestamp: 2025-01-30T12:07:22.216741
Client Info: Username: krisi, Address: /127.0.0.1:53615
Log Level: ERROR
Message: Error occurred while handling client: Username: krisi, Address: /127.0.0.1:53615
Stacktrace:
java.net.SocketException: Connection reset
	at java.base/sun.nio.ch.SocketChannelImpl.throwConnectionReset(SocketChannelImpl.java:403)
	at java.base/sun.nio.ch.SocketChannelImpl.implRead(SocketChannelImpl.java:419)
	at java.base/sun.nio.ch.SocketChannelImpl.read(SocketChannelImpl.java:493)
	at bg.sofia.uni.fmi.mjt.uno.server.ClientHandler.readMessageFromClient(ClientHandler.java:54)
	at bg.sofia.uni.fmi.mjt.uno.server.ClientHandler.run(ClientHandler.java:29)
	at java.base/java.lang.Thread.run(Thread.java:1575)
===================================================
Timestamp: 2025-01-30T12:07:22.223275900
Client Info: Username: krisi, Address: /127.0.0.1:53615
Log Level: ERROR
Message: Error occurred while handling client: Username: krisi, Address: /127.0.0.1:53615
Stacktrace:
java.net.SocketException: Connection reset
	at java.base/sun.nio.ch.SocketChannelImpl.throwConnectionReset(SocketChannelImpl.java:403)
	at java.base/sun.nio.ch.SocketChannelImpl.implRead(SocketChannelImpl.java:419)
	at java.base/sun.nio.ch.SocketChannelImpl.read(SocketChannelImpl.java:493)
	at bg.sofia.uni.fmi.mjt.uno.server.ClientHandler.readMessageFromClient(ClientHandler.java:54)
	at bg.sofia.uni.fmi.mjt.uno.server.ClientHandler.run(ClientHandler.java:29)
	at java.base/java.lang.Thread.run(Thread.java:1575)
===================================================
Timestamp: 2025-01-30T12:07:22.217739700
Client Info: Username: krisi, Address: /127.0.0.1:53615
Log Level: ERROR
Message: Error occurred while handling client: Username: krisi, Address: /127.0.0.1:53615
Stacktrace:
java.net.SocketException: Connection reset
	at java.base/sun.nio.ch.SocketChannelImpl.throwConnectionReset(SocketChannelImpl.java:403)
	at java.base/sun.nio.ch.SocketChannelImpl.implRead(SocketChannelImpl.java:419)
	at java.base/sun.nio.ch.SocketChannelImpl.read(SocketChannelImpl.java:493)
	at bg.sofia.uni.fmi.mjt.uno.server.ClientHandler.readMessageFromClient(ClientHandler.java:54)
	at bg.sofia.uni.fmi.mjt.uno.server.ClientHandler.run(ClientHandler.java:29)
	at java.base/java.lang.Thread.run(Thread.java:1575)
===================================================
Timestamp: 2025-01-30T12:07:22.220739600
Client Info: Username: krisi, Address: /127.0.0.1:53615
Log Level: ERROR
Message: Error occurred while handling client: Username: krisi, Address: /127.0.0.1:53615
Stacktrace:
java.net.SocketException: Connection reset
	at java.base/sun.nio.ch.SocketChannelImpl.throwConnectionReset(SocketChannelImpl.java:403)
	at java.base/sun.nio.ch.SocketChannelImpl.implRead(SocketChannelImpl.java:419)
	at java.base/sun.nio.ch.SocketChannelImpl.read(SocketChannelImpl.java:493)
	at bg.sofia.uni.fmi.mjt.uno.server.ClientHandler.readMessageFromClient(ClientHandler.java:54)
	at bg.sofia.uni.fmi.mjt.uno.server.ClientHandler.run(ClientHandler.java:29)
	at java.base/java.lang.Thread.run(Thread.java:1575)
===================================================
Timestamp: 2025-01-30T12:07:22.222264100
Client Info: Username: krisi, Address: /127.0.0.1:53615
Log Level: ERROR
Message: Error occurred while handling client: Username: krisi, Address: /127.0.0.1:53615
Stacktrace:
java.net.SocketException: Connection reset
	at java.base/sun.nio.ch.SocketChannelImpl.throwConnectionReset(SocketChannelImpl.java:403)
	at java.base/sun.nio.ch.SocketChannelImpl.implRead(SocketChannelImpl.java:419)
	at java.base/sun.nio.ch.SocketChannelImpl.read(SocketChannelImpl.java:493)
	at bg.sofia.uni.fmi.mjt.uno.server.ClientHandler.readMessageFromClient(ClientHandler.java:54)
	at bg.sofia.uni.fmi.mjt.uno.server.ClientHandler.run(ClientHandler.java:29)
	at java.base/java.lang.Thread.run(Thread.java:1575)
===================================================
Timestamp: 2025-01-30T12:07:22.224274200
Client Info: Username: krisi, Address: /127.0.0.1:53615
Log Level: ERROR
Message: Error occurred while handling client: Username: krisi, Address: /127.0.0.1:53615
Stacktrace:
java.net.SocketException: Connection reset
	at java.base/sun.nio.ch.SocketChannelImpl.throwConnectionReset(SocketChannelImpl.java:403)
	at java.base/sun.nio.ch.SocketChannelImpl.implRead(SocketChannelImpl.java:419)
	at java.base/sun.nio.ch.SocketChannelImpl.read(SocketChannelImpl.java:493)
	at bg.sofia.uni.fmi.mjt.uno.server.ClientHandler.readMessageFromClient(ClientHandler.java:54)
	at bg.sofia.uni.fmi.mjt.uno.server.ClientHandler.run(ClientHandler.java:29)
	at java.base/java.lang.Thread.run(Thread.java:1575)
===================================================
Timestamp: 2025-01-30T12:07:22.217739700
Client Info: Username: krisi, Address: /127.0.0.1:53615
Log Level: ERROR
Message: Error occurred while handling client: Username: krisi, Address: /127.0.0.1:53615
Stacktrace:
java.net.SocketException: Connection reset
	at java.base/sun.nio.ch.SocketChannelImpl.throwConnectionReset(SocketChannelImpl.java:403)
	at java.base/sun.nio.ch.SocketChannelImpl.implRead(SocketChannelImpl.java:419)
	at java.base/sun.nio.ch.SocketChannelImpl.read(SocketChannelImpl.java:493)
	at bg.sofia.uni.fmi.mjt.uno.server.ClientHandler.readMessageFromClient(ClientHandler.java:54)
	at bg.sofia.uni.fmi.mjt.uno.server.ClientHandler.run(ClientHandler.java:29)
	at java.base/java.lang.Thread.run(Thread.java:1575)
===================================================
Timestamp: 2025-01-30T12:07:22.248582200
Client Info: Username: krisi, Address: /127.0.0.1:53615
Log Level: ERROR
Message: Error occurred while handling client: Username: krisi, Address: /127.0.0.1:53615
Stacktrace:
java.net.SocketException: Connection reset
	at java.base/sun.nio.ch.SocketChannelImpl.throwConnectionReset(SocketChannelImpl.java:403)
	at java.base/sun.nio.ch.SocketChannelImpl.implRead(SocketChannelImpl.java:419)
	at java.base/sun.nio.ch.SocketChannelImpl.read(SocketChannelImpl.java:493)
	at bg.sofia.uni.fmi.mjt.uno.server.ClientHandler.readMessageFromClient(ClientHandler.java:54)
	at bg.sofia.uni.fmi.mjt.uno.server.ClientHandler.run(ClientHandler.java:29)
	at java.base/java.lang.Thread.run(Thread.java:1575)
===================================================
Timestamp: 2025-01-30T12:07:22.223275900
Client Info: Username: krisi, Address: /127.0.0.1:53615
Log Level: ERROR
Message: Error occurred while handling client: Username: krisi, Address: /127.0.0.1:53615
Stacktrace:
java.net.SocketException: Connection reset
	at java.base/sun.nio.ch.SocketChannelImpl.throwConnectionReset(SocketChannelImpl.java:403)
	at java.base/sun.nio.ch.SocketChannelImpl.implRead(SocketChannelImpl.java:419)
	at java.base/sun.nio.ch.SocketChannelImpl.read(SocketChannelImpl.java:493)
	at bg.sofia.uni.fmi.mjt.uno.server.ClientHandler.readMessageFromClient(ClientHandler.java:54)
	at bg.sofia.uni.fmi.mjt.uno.server.ClientHandler.run(ClientHandler.java:29)
	at java.base/java.lang.Thread.run(Thread.java:1575)
===================================================
Timestamp: 2025-01-30T12:07:22.214740700
Client Info: Username: krisi, Address: /127.0.0.1:53615
Log Level: ERROR
Message: Error occurred while handling client: Username: krisi, Address: /127.0.0.1:53615
Stacktrace:
java.net.SocketException: Connection reset
	at java.base/sun.nio.ch.SocketChannelImpl.throwConnectionReset(SocketChannelImpl.java:403)
	at java.base/sun.nio.ch.SocketChannelImpl.implRead(SocketChannelImpl.java:419)
	at java.base/sun.nio.ch.SocketChannelImpl.read(SocketChannelImpl.java:493)
	at bg.sofia.uni.fmi.mjt.uno.server.ClientHandler.readMessageFromClient(ClientHandler.java:54)
	at bg.sofia.uni.fmi.mjt.uno.server.ClientHandler.run(ClientHandler.java:29)
	at java.base/java.lang.Thread.run(Thread.java:1575)
===================================================
Timestamp: 2025-01-30T12:07:22.224274200
Client Info: Username: krisi, Address: /127.0.0.1:53615
Log Level: ERROR
Message: Error occurred while handling client: Username: krisi, Address: /127.0.0.1:53615
Stacktrace:
java.net.SocketException: Connection reset
	at java.base/sun.nio.ch.SocketChannelImpl.throwConnectionReset(SocketChannelImpl.java:403)
	at java.base/sun.nio.ch.SocketChannelImpl.implRead(SocketChannelImpl.java:419)
	at java.base/sun.nio.ch.SocketChannelImpl.read(SocketChannelImpl.java:493)
	at bg.sofia.uni.fmi.mjt.uno.server.ClientHandler.readMessageFromClient(ClientHandler.java:54)
	at bg.sofia.uni.fmi.mjt.uno.server.ClientHandler.run(ClientHandler.java:29)
	at java.base/java.lang.Thread.run(Thread.java:1575)
===================================================
Timestamp: 2025-01-30T12:07:22.296727300
Client Info: Username: krisi, Address: /127.0.0.1:53615
Log Level: ERROR
Message: Error occurred while handling client: Username: krisi, Address: /127.0.0.1:53615
Stacktrace:
java.net.SocketException: Connection reset
	at java.base/sun.nio.ch.SocketChannelImpl.throwConnectionReset(SocketChannelImpl.java:403)
	at java.base/sun.nio.ch.SocketChannelImpl.implRead(SocketChannelImpl.java:419)
	at java.base/sun.nio.ch.SocketChannelImpl.read(SocketChannelImpl.java:493)
	at bg.sofia.uni.fmi.mjt.uno.server.ClientHandler.readMessageFromClient(ClientHandler.java:54)
	at bg.sofia.uni.fmi.mjt.uno.server.ClientHandler.run(ClientHandler.java:29)
	at java.base/java.lang.Thread.run(Thread.java:1575)
===================================================
Timestamp: 2025-01-30T12:07:22.223275900
Client Info: Username: krisi, Address: /127.0.0.1:53615
Log Level: ERROR
Message: Error occurred while handling client: Username: krisi, Address: /127.0.0.1:53615
Stacktrace:
java.net.SocketException: Connection reset
	at java.base/sun.nio.ch.SocketChannelImpl.throwConnectionReset(SocketChannelImpl.java:403)
	at java.base/sun.nio.ch.SocketChannelImpl.implRead(SocketChannelImpl.java:419)
	at java.base/sun.nio.ch.SocketChannelImpl.read(SocketChannelImpl.java:493)
	at bg.sofia.uni.fmi.mjt.uno.server.ClientHandler.readMessageFromClient(ClientHandler.java:54)
	at bg.sofia.uni.fmi.mjt.uno.server.ClientHandler.run(ClientHandler.java:29)
	at java.base/java.lang.Thread.run(Thread.java:1575)
===================================================
Timestamp: 2025-01-30T12:07:22.213739900
Client Info: Username: krisi, Address: /127.0.0.1:53615
Log Level: ERROR
Message: Error occurred while handling client: Username: krisi, Address: /127.0.0.1:53615
Stacktrace:
java.net.SocketException: Connection reset
	at java.base/sun.nio.ch.SocketChannelImpl.throwConnectionReset(SocketChannelImpl.java:403)
	at java.base/sun.nio.ch.SocketChannelImpl.implRead(SocketChannelImpl.java:419)
	at java.base/sun.nio.ch.SocketChannelImpl.read(SocketChannelImpl.java:493)
	at bg.sofia.uni.fmi.mjt.uno.server.ClientHandler.readMessageFromClient(ClientHandler.java:54)
	at bg.sofia.uni.fmi.mjt.uno.server.ClientHandler.run(ClientHandler.java:29)
	at java.base/java.lang.Thread.run(Thread.java:1575)
===================================================
Timestamp: 2025-01-30T12:07:22.222264100
Client Info: Username: krisi, Address: /127.0.0.1:53615
Log Level: ERROR
Message: Error occurred while handling client: Username: krisi, Address: /127.0.0.1:53615
Stacktrace:
java.net.SocketException: Connection reset
	at java.base/sun.nio.ch.SocketChannelImpl.throwConnectionReset(SocketChannelImpl.java:403)
	at java.base/sun.nio.ch.SocketChannelImpl.implRead(SocketChannelImpl.java:419)
	at java.base/sun.nio.ch.SocketChannelImpl.read(SocketChannelImpl.java:493)
	at bg.sofia.uni.fmi.mjt.uno.server.ClientHandler.readMessageFromClient(ClientHandler.java:54)
	at bg.sofia.uni.fmi.mjt.uno.server.ClientHandler.run(ClientHandler.java:29)
	at java.base/java.lang.Thread.run(Thread.java:1575)
===================================================
Timestamp: 2025-01-30T12:07:22.214740700
Client Info: Username: krisi, Address: /127.0.0.1:53615
Log Level: ERROR
Message: Error occurred while handling client: Username: krisi, Address: /127.0.0.1:53615
Stacktrace:
java.net.SocketException: Connection reset
	at java.base/sun.nio.ch.SocketChannelImpl.throwConnectionReset(SocketChannelImpl.java:403)
	at java.base/sun.nio.ch.SocketChannelImpl.implRead(SocketChannelImpl.java:419)
	at java.base/sun.nio.ch.SocketChannelImpl.read(SocketChannelImpl.java:493)
	at bg.sofia.uni.fmi.mjt.uno.server.ClientHandler.readMessageFromClient(ClientHandler.java:54)
	at bg.sofia.uni.fmi.mjt.uno.server.ClientHandler.run(ClientHandler.java:29)
	at java.base/java.lang.Thread.run(Thread.java:1575)
===================================================
Timestamp: 2025-01-30T12:07:22.223275900
Client Info: Username: krisi, Address: /127.0.0.1:53615
Log Level: ERROR
Message: Error occurred while handling client: Username: krisi, Address: /127.0.0.1:53615
Stacktrace:
java.net.SocketException: Connection reset
	at java.base/sun.nio.ch.SocketChannelImpl.throwConnectionReset(SocketChannelImpl.java:403)
	at java.base/sun.nio.ch.SocketChannelImpl.implRead(SocketChannelImpl.java:419)
	at java.base/sun.nio.ch.SocketChannelImpl.read(SocketChannelImpl.java:493)
	at bg.sofia.uni.fmi.mjt.uno.server.ClientHandler.readMessageFromClient(ClientHandler.java:54)
	at bg.sofia.uni.fmi.mjt.uno.server.ClientHandler.run(ClientHandler.java:29)
	at java.base/java.lang.Thread.run(Thread.java:1575)
===================================================
Timestamp: 2025-01-30T12:07:22.299900
Client Info: Username: krisi, Address: /127.0.0.1:53615
Log Level: ERROR
Message: Error occurred while handling client: Username: krisi, Address: /127.0.0.1:53615
Stacktrace:
java.net.SocketException: Connection reset
	at java.base/sun.nio.ch.SocketChannelImpl.throwConnectionReset(SocketChannelImpl.java:403)
	at java.base/sun.nio.ch.SocketChannelImpl.implRead(SocketChannelImpl.java:419)
	at java.base/sun.nio.ch.SocketChannelImpl.read(SocketChannelImpl.java:493)
	at bg.sofia.uni.fmi.mjt.uno.server.ClientHandler.readMessageFromClient(ClientHandler.java:54)
	at bg.sofia.uni.fmi.mjt.uno.server.ClientHandler.run(ClientHandler.java:29)
	at java.base/java.lang.Thread.run(Thread.java:1575)
===================================================
Timestamp: 2025-01-30T12:07:22.288060500
Client Info: Username: krisi, Address: /127.0.0.1:53615
Log Level: ERROR
Message: Error occurred while handling client: Username: krisi, Address: /127.0.0.1:53615
Stacktrace:
java.net.SocketException: Connection reset
	at java.base/sun.nio.ch.SocketChannelImpl.throwConnectionReset(SocketChannelImpl.java:403)
	at java.base/sun.nio.ch.SocketChannelImpl.implRead(SocketChannelImpl.java:419)
	at java.base/sun.nio.ch.SocketChannelImpl.read(SocketChannelImpl.java:493)
	at bg.sofia.uni.fmi.mjt.uno.server.ClientHandler.readMessageFromClient(ClientHandler.java:54)
	at bg.sofia.uni.fmi.mjt.uno.server.ClientHandler.run(ClientHandler.java:29)
	at java.base/java.lang.Thread.run(Thread.java:1575)
===================================================
Timestamp: 2025-01-30T12:07:22.217739700
Client Info: Username: krisi, Address: /127.0.0.1:53615
Log Level: ERROR
Message: Error occurred while handling client: Username: krisi, Address: /127.0.0.1:53615
Stacktrace:
java.net.SocketException: Connection reset
	at java.base/sun.nio.ch.SocketChannelImpl.throwConnectionReset(SocketChannelImpl.java:403)
	at java.base/sun.nio.ch.SocketChannelImpl.implRead(SocketChannelImpl.java:419)
	at java.base/sun.nio.ch.SocketChannelImpl.read(SocketChannelImpl.java:493)
	at bg.sofia.uni.fmi.mjt.uno.server.ClientHandler.readMessageFromClient(ClientHandler.java:54)
	at bg.sofia.uni.fmi.mjt.uno.server.ClientHandler.run(ClientHandler.java:29)
	at java.base/java.lang.Thread.run(Thread.java:1575)
===================================================
Timestamp: 2025-01-30T12:07:22.223275900
Client Info: Username: krisi, Address: /127.0.0.1:53615
Log Level: ERROR
Message: Error occurred while handling client: Username: krisi, Address: /127.0.0.1:53615
Stacktrace:
java.net.SocketException: Connection reset
	at java.base/sun.nio.ch.SocketChannelImpl.throwConnectionReset(SocketChannelImpl.java:403)
	at java.base/sun.nio.ch.SocketChannelImpl.implRead(SocketChannelImpl.java:419)
	at java.base/sun.nio.ch.SocketChannelImpl.read(SocketChannelImpl.java:493)
	at bg.sofia.uni.fmi.mjt.uno.server.ClientHandler.readMessageFromClient(ClientHandler.java:54)
	at bg.sofia.uni.fmi.mjt.uno.server.ClientHandler.run(ClientHandler.java:29)
	at java.base/java.lang.Thread.run(Thread.java:1575)
===================================================
Timestamp: 2025-01-30T12:07:22.219740100
Client Info: Username: krisi, Address: /127.0.0.1:53615
Log Level: ERROR
Message: Error occurred while handling client: Username: krisi, Address: /127.0.0.1:53615
Stacktrace:
java.net.SocketException: Connection reset
	at java.base/sun.nio.ch.SocketChannelImpl.throwConnectionReset(SocketChannelImpl.java:403)
	at java.base/sun.nio.ch.SocketChannelImpl.implRead(SocketChannelImpl.java:419)
	at java.base/sun.nio.ch.SocketChannelImpl.read(SocketChannelImpl.java:493)
	at bg.sofia.uni.fmi.mjt.uno.server.ClientHandler.readMessageFromClient(ClientHandler.java:54)
	at bg.sofia.uni.fmi.mjt.uno.server.ClientHandler.run(ClientHandler.java:29)
	at java.base/java.lang.Thread.run(Thread.java:1575)
===================================================
Timestamp: 2025-01-30T12:07:22.224274200
Client Info: Username: krisi, Address: /127.0.0.1:53615
Log Level: ERROR
Message: Error occurred while handling client: Username: krisi, Address: /127.0.0.1:53615
Stacktrace:
java.net.SocketException: Connection reset
	at java.base/sun.nio.ch.SocketChannelImpl.throwConnectionReset(SocketChannelImpl.java:403)
	at java.base/sun.nio.ch.SocketChannelImpl.implRead(SocketChannelImpl.java:419)
	at java.base/sun.nio.ch.SocketChannelImpl.read(SocketChannelImpl.java:493)
	at bg.sofia.uni.fmi.mjt.uno.server.ClientHandler.readMessageFromClient(ClientHandler.java:54)
	at bg.sofia.uni.fmi.mjt.uno.server.ClientHandler.run(ClientHandler.java:29)
	at java.base/java.lang.Thread.run(Thread.java:1575)
===================================================
Timestamp: 2025-01-30T12:07:22.219740100
Client Info: Username: krisi, Address: /127.0.0.1:53615
Log Level: ERROR
Message: Error occurred while handling client: Username: krisi, Address: /127.0.0.1:53615
Stacktrace:
java.net.SocketException: Connection reset
	at java.base/sun.nio.ch.SocketChannelImpl.throwConnectionReset(SocketChannelImpl.java:403)
	at java.base/sun.nio.ch.SocketChannelImpl.implRead(SocketChannelImpl.java:419)
	at java.base/sun.nio.ch.SocketChannelImpl.read(SocketChannelImpl.java:493)
	at bg.sofia.uni.fmi.mjt.uno.server.ClientHandler.readMessageFromClient(ClientHandler.java:54)
	at bg.sofia.uni.fmi.mjt.uno.server.ClientHandler.run(ClientHandler.java:29)
	at java.base/java.lang.Thread.run(Thread.java:1575)
===================================================
Timestamp: 2025-01-30T12:07:22.223275900
Client Info: Username: krisi, Address: /127.0.0.1:53615
Log Level: ERROR
Message: Error occurred while handling client: Username: krisi, Address: /127.0.0.1:53615
Stacktrace:
java.net.SocketException: Connection reset
	at java.base/sun.nio.ch.SocketChannelImpl.throwConnectionReset(SocketChannelImpl.java:403)
	at java.base/sun.nio.ch.SocketChannelImpl.implRead(SocketChannelImpl.java:419)
	at java.base/sun.nio.ch.SocketChannelImpl.read(SocketChannelImpl.java:493)
	at bg.sofia.uni.fmi.mjt.uno.server.ClientHandler.readMessageFromClient(ClientHandler.java:54)
	at bg.sofia.uni.fmi.mjt.uno.server.ClientHandler.run(ClientHandler.java:29)
	at java.base/java.lang.Thread.run(Thread.java:1575)
===================================================
Timestamp: 2025-01-30T12:07:22.216741
Client Info: Username: krisi, Address: /127.0.0.1:53615
Log Level: ERROR
Message: Error occurred while handling client: Username: krisi, Address: /127.0.0.1:53615
Stacktrace:
java.net.SocketException: Connection reset
	at java.base/sun.nio.ch.SocketChannelImpl.throwConnectionReset(SocketChannelImpl.java:403)
	at java.base/sun.nio.ch.SocketChannelImpl.implRead(SocketChannelImpl.java:419)
	at java.base/sun.nio.ch.SocketChannelImpl.read(SocketChannelImpl.java:493)
	at bg.sofia.uni.fmi.mjt.uno.server.ClientHandler.readMessageFromClient(ClientHandler.java:54)
	at bg.sofia.uni.fmi.mjt.uno.server.ClientHandler.run(ClientHandler.java:29)
	at java.base/java.lang.Thread.run(Thread.java:1575)
===================================================
Timestamp: 2025-01-30T12:07:22.222264100
Client Info: Username: krisi, Address: /127.0.0.1:53615
Log Level: ERROR
Message: Error occurred while handling client: Username: krisi, Address: /127.0.0.1:53615
Stacktrace:
java.net.SocketException: Connection reset
	at java.base/sun.nio.ch.SocketChannelImpl.throwConnectionReset(SocketChannelImpl.java:403)
	at java.base/sun.nio.ch.SocketChannelImpl.implRead(SocketChannelImpl.java:419)
	at java.base/sun.nio.ch.SocketChannelImpl.read(SocketChannelImpl.java:493)
	at bg.sofia.uni.fmi.mjt.uno.server.ClientHandler.readMessageFromClient(ClientHandler.java:54)
	at bg.sofia.uni.fmi.mjt.uno.server.ClientHandler.run(ClientHandler.java:29)
	at java.base/java.lang.Thread.run(Thread.java:1575)
===================================================
Timestamp: 2025-01-30T12:07:22.215739100
Client Info: Username: krisi, Address: /127.0.0.1:53615
Log Level: ERROR
Message: Error occurred while handling client: Username: krisi, Address: /127.0.0.1:53615
Stacktrace:
java.net.SocketException: Connection reset
	at java.base/sun.nio.ch.SocketChannelImpl.throwConnectionReset(SocketChannelImpl.java:403)
	at java.base/sun.nio.ch.SocketChannelImpl.implRead(SocketChannelImpl.java:419)
	at java.base/sun.nio.ch.SocketChannelImpl.read(SocketChannelImpl.java:493)
	at bg.sofia.uni.fmi.mjt.uno.server.ClientHandler.readMessageFromClient(ClientHandler.java:54)
	at bg.sofia.uni.fmi.mjt.uno.server.ClientHandler.run(ClientHandler.java:29)
	at java.base/java.lang.Thread.run(Thread.java:1575)
===================================================
Timestamp: 2025-01-30T12:07:22.297725900
Client Info: Username: krisi, Address: /127.0.0.1:53615
Log Level: ERROR
Message: Error occurred while handling client: Username: krisi, Address: /127.0.0.1:53615
Stacktrace:
java.net.SocketException: Connection reset
	at java.base/sun.nio.ch.SocketChannelImpl.throwConnectionReset(SocketChannelImpl.java:403)
	at java.base/sun.nio.ch.SocketChannelImpl.implRead(SocketChannelImpl.java:419)
	at java.base/sun.nio.ch.SocketChannelImpl.read(SocketChannelImpl.java:493)
	at bg.sofia.uni.fmi.mjt.uno.server.ClientHandler.readMessageFromClient(ClientHandler.java:54)
	at bg.sofia.uni.fmi.mjt.uno.server.ClientHandler.run(ClientHandler.java:29)
	at java.base/java.lang.Thread.run(Thread.java:1575)
===================================================
Timestamp: 2025-01-30T12:07:22.220739600
Client Info: Username: krisi, Address: /127.0.0.1:53615
Log Level: ERROR
Message: Error occurred while handling client: Username: krisi, Address: /127.0.0.1:53615
Stacktrace:
java.net.SocketException: Connection reset
	at java.base/sun.nio.ch.SocketChannelImpl.throwConnectionReset(SocketChannelImpl.java:403)
	at java.base/sun.nio.ch.SocketChannelImpl.implRead(SocketChannelImpl.java:419)
	at java.base/sun.nio.ch.SocketChannelImpl.read(SocketChannelImpl.java:493)
	at bg.sofia.uni.fmi.mjt.uno.server.ClientHandler.readMessageFromClient(ClientHandler.java:54)
	at bg.sofia.uni.fmi.mjt.uno.server.ClientHandler.run(ClientHandler.java:29)
	at java.base/java.lang.Thread.run(Thread.java:1575)
===================================================
Timestamp: 2025-01-30T12:07:22.214740700
Client Info: Username: krisi, Address: /127.0.0.1:53615
Log Level: ERROR
Message: Error occurred while handling client: Username: krisi, Address: /127.0.0.1:53615
Stacktrace:
java.net.SocketException: Connection reset
	at java.base/sun.nio.ch.SocketChannelImpl.throwConnectionReset(SocketChannelImpl.java:403)
	at java.base/sun.nio.ch.SocketChannelImpl.implRead(SocketChannelImpl.java:419)
	at java.base/sun.nio.ch.SocketChannelImpl.read(SocketChannelImpl.java:493)
	at bg.sofia.uni.fmi.mjt.uno.server.ClientHandler.readMessageFromClient(ClientHandler.java:54)
	at bg.sofia.uni.fmi.mjt.uno.server.ClientHandler.run(ClientHandler.java:29)
	at java.base/java.lang.Thread.run(Thread.java:1575)
===================================================
Timestamp: 2025-01-30T12:07:22.223275900
Client Info: Username: krisi, Address: /127.0.0.1:53615
Log Level: ERROR
Message: Error occurred while handling client: Username: krisi, Address: /127.0.0.1:53615
Stacktrace:
java.net.SocketException: Connection reset
	at java.base/sun.nio.ch.SocketChannelImpl.throwConnectionReset(SocketChannelImpl.java:403)
	at java.base/sun.nio.ch.SocketChannelImpl.implRead(SocketChannelImpl.java:419)
	at java.base/sun.nio.ch.SocketChannelImpl.read(SocketChannelImpl.java:493)
	at bg.sofia.uni.fmi.mjt.uno.server.ClientHandler.readMessageFromClient(ClientHandler.java:54)
	at bg.sofia.uni.fmi.mjt.uno.server.ClientHandler.run(ClientHandler.java:29)
	at java.base/java.lang.Thread.run(Thread.java:1575)
===================================================
Timestamp: 2025-01-30T12:07:22.223275900
Client Info: Username: krisi, Address: /127.0.0.1:53615
Log Level: ERROR
Message: Error occurred while handling client: Username: krisi, Address: /127.0.0.1:53615
Stacktrace:
java.net.SocketException: Connection reset
	at java.base/sun.nio.ch.SocketChannelImpl.throwConnectionReset(SocketChannelImpl.java:403)
	at java.base/sun.nio.ch.SocketChannelImpl.implRead(SocketChannelImpl.java:419)
	at java.base/sun.nio.ch.SocketChannelImpl.read(SocketChannelImpl.java:493)
	at bg.sofia.uni.fmi.mjt.uno.server.ClientHandler.readMessageFromClient(ClientHandler.java:54)
	at bg.sofia.uni.fmi.mjt.uno.server.ClientHandler.run(ClientHandler.java:29)
	at java.base/java.lang.Thread.run(Thread.java:1575)
===================================================
Timestamp: 2025-01-30T12:07:22.214740700
Client Info: Username: krisi, Address: /127.0.0.1:53615
Log Level: ERROR
Message: Error occurred while handling client: Username: krisi, Address: /127.0.0.1:53615
Stacktrace:
java.net.SocketException: Connection reset
	at java.base/sun.nio.ch.SocketChannelImpl.throwConnectionReset(SocketChannelImpl.java:403)
	at java.base/sun.nio.ch.SocketChannelImpl.implRead(SocketChannelImpl.java:419)
	at java.base/sun.nio.ch.SocketChannelImpl.read(SocketChannelImpl.java:493)
	at bg.sofia.uni.fmi.mjt.uno.server.ClientHandler.readMessageFromClient(ClientHandler.java:54)
	at bg.sofia.uni.fmi.mjt.uno.server.ClientHandler.run(ClientHandler.java:29)
	at java.base/java.lang.Thread.run(Thread.java:1575)
===================================================
Timestamp: 2025-01-30T12:07:22.214740700
Client Info: Username: krisi, Address: /127.0.0.1:53615
Log Level: ERROR
Message: Error occurred while handling client: Username: krisi, Address: /127.0.0.1:53615
Stacktrace:
java.net.SocketException: Connection reset
	at java.base/sun.nio.ch.SocketChannelImpl.throwConnectionReset(SocketChannelImpl.java:403)
	at java.base/sun.nio.ch.SocketChannelImpl.implRead(SocketChannelImpl.java:419)
	at java.base/sun.nio.ch.SocketChannelImpl.read(SocketChannelImpl.java:493)
	at bg.sofia.uni.fmi.mjt.uno.server.ClientHandler.readMessageFromClient(ClientHandler.java:54)
	at bg.sofia.uni.fmi.mjt.uno.server.ClientHandler.run(ClientHandler.java:29)
	at java.base/java.lang.Thread.run(Thread.java:1575)
===================================================
Timestamp: 2025-01-30T12:07:22.215739100
Client Info: Username: krisi, Address: /127.0.0.1:53615
Log Level: ERROR
Message: Error occurred while handling client: Username: krisi, Address: /127.0.0.1:53615
Stacktrace:
java.net.SocketException: Connection reset
	at java.base/sun.nio.ch.SocketChannelImpl.throwConnectionReset(SocketChannelImpl.java:403)
	at java.base/sun.nio.ch.SocketChannelImpl.implRead(SocketChannelImpl.java:419)
	at java.base/sun.nio.ch.SocketChannelImpl.read(SocketChannelImpl.java:493)
	at bg.sofia.uni.fmi.mjt.uno.server.ClientHandler.readMessageFromClient(ClientHandler.java:54)
	at bg.sofia.uni.fmi.mjt.uno.server.ClientHandler.run(ClientHandler.java:29)
	at java.base/java.lang.Thread.run(Thread.java:1575)
===================================================
Timestamp: 2025-01-30T12:07:22.215739100
Client Info: Username: krisi, Address: /127.0.0.1:53615
Log Level: ERROR
Message: Error occurred while handling client: Username: krisi, Address: /127.0.0.1:53615
Stacktrace:
java.net.SocketException: Connection reset
	at java.base/sun.nio.ch.SocketChannelImpl.throwConnectionReset(SocketChannelImpl.java:403)
	at java.base/sun.nio.ch.SocketChannelImpl.implRead(SocketChannelImpl.java:419)
	at java.base/sun.nio.ch.SocketChannelImpl.read(SocketChannelImpl.java:493)
	at bg.sofia.uni.fmi.mjt.uno.server.ClientHandler.readMessageFromClient(ClientHandler.java:54)
	at bg.sofia.uni.fmi.mjt.uno.server.ClientHandler.run(ClientHandler.java:29)
	at java.base/java.lang.Thread.run(Thread.java:1575)
===================================================
Timestamp: 2025-01-30T12:07:22.215739100
Client Info: Username: krisi, Address: /127.0.0.1:53615
Log Level: ERROR
Message: Error occurred while handling client: Username: krisi, Address: /127.0.0.1:53615
Stacktrace:
java.net.SocketException: Connection reset
	at java.base/sun.nio.ch.SocketChannelImpl.throwConnectionReset(SocketChannelImpl.java:403)
	at java.base/sun.nio.ch.SocketChannelImpl.implRead(SocketChannelImpl.java:419)
	at java.base/sun.nio.ch.SocketChannelImpl.read(SocketChannelImpl.java:493)
	at bg.sofia.uni.fmi.mjt.uno.server.ClientHandler.readMessageFromClient(ClientHandler.java:54)
	at bg.sofia.uni.fmi.mjt.uno.server.ClientHandler.run(ClientHandler.java:29)
	at java.base/java.lang.Thread.run(Thread.java:1575)
===================================================
Timestamp: 2025-01-30T12:07:22.215739100
Client Info: Username: krisi, Address: /127.0.0.1:53615
Log Level: ERROR
Message: Error occurred while handling client: Username: krisi, Address: /127.0.0.1:53615
Stacktrace:
java.net.SocketException: Connection reset
	at java.base/sun.nio.ch.SocketChannelImpl.throwConnectionReset(SocketChannelImpl.java:403)
	at java.base/sun.nio.ch.SocketChannelImpl.implRead(SocketChannelImpl.java:419)
	at java.base/sun.nio.ch.SocketChannelImpl.read(SocketChannelImpl.java:493)
	at bg.sofia.uni.fmi.mjt.uno.server.ClientHandler.readMessageFromClient(ClientHandler.java:54)
	at bg.sofia.uni.fmi.mjt.uno.server.ClientHandler.run(ClientHandler.java:29)
	at java.base/java.lang.Thread.run(Thread.java:1575)
===================================================
Timestamp: 2025-01-30T12:07:22.223275900
Client Info: Username: krisi, Address: /127.0.0.1:53615
Log Level: ERROR
Message: Error occurred while handling client: Username: krisi, Address: /127.0.0.1:53615
Stacktrace:
java.net.SocketException: Connection reset
	at java.base/sun.nio.ch.SocketChannelImpl.throwConnectionReset(SocketChannelImpl.java:403)
	at java.base/sun.nio.ch.SocketChannelImpl.implRead(SocketChannelImpl.java:419)
	at java.base/sun.nio.ch.SocketChannelImpl.read(SocketChannelImpl.java:493)
	at bg.sofia.uni.fmi.mjt.uno.server.ClientHandler.readMessageFromClient(ClientHandler.java:54)
	at bg.sofia.uni.fmi.mjt.uno.server.ClientHandler.run(ClientHandler.java:29)
	at java.base/java.lang.Thread.run(Thread.java:1575)
===================================================
Timestamp: 2025-01-30T12:07:22.222264100
Client Info: Username: krisi, Address: /127.0.0.1:53615
Log Level: ERROR
Message: Error occurred while handling client: Username: krisi, Address: /127.0.0.1:53615
Stacktrace:
java.net.SocketException: Connection reset
	at java.base/sun.nio.ch.SocketChannelImpl.throwConnectionReset(SocketChannelImpl.java:403)
	at java.base/sun.nio.ch.SocketChannelImpl.implRead(SocketChannelImpl.java:419)
	at java.base/sun.nio.ch.SocketChannelImpl.read(SocketChannelImpl.java:493)
	at bg.sofia.uni.fmi.mjt.uno.server.ClientHandler.readMessageFromClient(ClientHandler.java:54)
	at bg.sofia.uni.fmi.mjt.uno.server.ClientHandler.run(ClientHandler.java:29)
	at java.base/java.lang.Thread.run(Thread.java:1575)
===================================================
Timestamp: 2025-01-30T12:07:22.240629400
Client Info: Username: krisi, Address: /127.0.0.1:53615
Log Level: ERROR
Message: Error occurred while handling client: Username: krisi, Address: /127.0.0.1:53615
Stacktrace:
java.net.SocketException: Connection reset
	at java.base/sun.nio.ch.SocketChannelImpl.throwConnectionReset(SocketChannelImpl.java:403)
	at java.base/sun.nio.ch.SocketChannelImpl.implRead(SocketChannelImpl.java:419)
	at java.base/sun.nio.ch.SocketChannelImpl.read(SocketChannelImpl.java:493)
	at bg.sofia.uni.fmi.mjt.uno.server.ClientHandler.readMessageFromClient(ClientHandler.java:54)
	at bg.sofia.uni.fmi.mjt.uno.server.ClientHandler.run(ClientHandler.java:29)
	at java.base/java.lang.Thread.run(Thread.java:1575)
===================================================
Timestamp: 2025-01-30T12:07:22.350127300
Client Info: Unknown (error retrieving client info)
Log Level: ERROR
Message: Error occurred while handling client: Unknown (error retrieving client info)
Stacktrace:
java.nio.channels.ClosedChannelException
	at java.base/sun.nio.ch.SocketChannelImpl.ensureOpenAndConnected(SocketChannelImpl.java:224)
	at java.base/sun.nio.ch.SocketChannelImpl.implRead(SocketChannelImpl.java:411)
	at java.base/sun.nio.ch.SocketChannelImpl.read(SocketChannelImpl.java:493)
	at bg.sofia.uni.fmi.mjt.uno.server.ClientHandler.readMessageFromClient(ClientHandler.java:54)
	at bg.sofia.uni.fmi.mjt.uno.server.ClientHandler.run(ClientHandler.java:29)
	at java.base/java.lang.Thread.run(Thread.java:1575)
===================================================
Timestamp: 2025-01-30T12:07:22.350127300
Client Info: Unknown (error retrieving client info)
Log Level: ERROR
Message: Error occurred while handling client: Unknown (error retrieving client info)
Stacktrace:
java.nio.channels.ClosedChannelException
	at java.base/sun.nio.ch.SocketChannelImpl.ensureOpenAndConnected(SocketChannelImpl.java:224)
	at java.base/sun.nio.ch.SocketChannelImpl.implRead(SocketChannelImpl.java:411)
	at java.base/sun.nio.ch.SocketChannelImpl.read(SocketChannelImpl.java:493)
	at bg.sofia.uni.fmi.mjt.uno.server.ClientHandler.readMessageFromClient(ClientHandler.java:54)
	at bg.sofia.uni.fmi.mjt.uno.server.ClientHandler.run(ClientHandler.java:29)
	at java.base/java.lang.Thread.run(Thread.java:1575)
===================================================
Timestamp: 2025-01-30T12:07:22.351128800
Client Info: Unknown (error retrieving client info)
Log Level: ERROR
Message: Error occurred while handling client: Unknown (error retrieving client info)
Stacktrace:
java.nio.channels.ClosedChannelException
	at java.base/sun.nio.ch.SocketChannelImpl.ensureOpenAndConnected(SocketChannelImpl.java:224)
	at java.base/sun.nio.ch.SocketChannelImpl.implRead(SocketChannelImpl.java:411)
	at java.base/sun.nio.ch.SocketChannelImpl.read(SocketChannelImpl.java:493)
	at bg.sofia.uni.fmi.mjt.uno.server.ClientHandler.readMessageFromClient(ClientHandler.java:54)
	at bg.sofia.uni.fmi.mjt.uno.server.ClientHandler.run(ClientHandler.java:29)
	at java.base/java.lang.Thread.run(Thread.java:1575)
===================================================
Timestamp: 2025-01-30T12:07:22.351128800
Client Info: Unknown (error retrieving client info)
Log Level: ERROR
Message: Error occurred while handling client: Unknown (error retrieving client info)
Stacktrace:
java.nio.channels.ClosedChannelException
	at java.base/sun.nio.ch.SocketChannelImpl.ensureOpenAndConnected(SocketChannelImpl.java:224)
	at java.base/sun.nio.ch.SocketChannelImpl.implRead(SocketChannelImpl.java:411)
	at java.base/sun.nio.ch.SocketChannelImpl.read(SocketChannelImpl.java:493)
	at bg.sofia.uni.fmi.mjt.uno.server.ClientHandler.readMessageFromClient(ClientHandler.java:54)
	at bg.sofia.uni.fmi.mjt.uno.server.ClientHandler.run(ClientHandler.java:29)
	at java.base/java.lang.Thread.run(Thread.java:1575)
===================================================
Timestamp: 2025-01-30T12:07:22.352128700
Client Info: Unknown (error retrieving client info)
Log Level: ERROR
Message: Error occurred while handling client: Unknown (error retrieving client info)
Stacktrace:
java.nio.channels.ClosedChannelException
	at java.base/sun.nio.ch.SocketChannelImpl.ensureOpenAndConnected(SocketChannelImpl.java:224)
	at java.base/sun.nio.ch.SocketChannelImpl.implRead(SocketChannelImpl.java:411)
	at java.base/sun.nio.ch.SocketChannelImpl.read(SocketChannelImpl.java:493)
	at bg.sofia.uni.fmi.mjt.uno.server.ClientHandler.readMessageFromClient(ClientHandler.java:54)
	at bg.sofia.uni.fmi.mjt.uno.server.ClientHandler.run(ClientHandler.java:29)
	at java.base/java.lang.Thread.run(Thread.java:1575)
===================================================
Timestamp: 2025-01-30T12:07:22.352128700
Client Info: Unknown (error retrieving client info)
Log Level: ERROR
Message: Error occurred while handling client: Unknown (error retrieving client info)
Stacktrace:
java.nio.channels.ClosedChannelException
	at java.base/sun.nio.ch.SocketChannelImpl.ensureOpenAndConnected(SocketChannelImpl.java:224)
	at java.base/sun.nio.ch.SocketChannelImpl.implRead(SocketChannelImpl.java:411)
	at java.base/sun.nio.ch.SocketChannelImpl.read(SocketChannelImpl.java:493)
	at bg.sofia.uni.fmi.mjt.uno.server.ClientHandler.readMessageFromClient(ClientHandler.java:54)
	at bg.sofia.uni.fmi.mjt.uno.server.ClientHandler.run(ClientHandler.java:29)
	at java.base/java.lang.Thread.run(Thread.java:1575)
===================================================
Timestamp: 2025-01-30T12:07:22.352128700
Client Info: Unknown (error retrieving client info)
Log Level: ERROR
Message: Error occurred while handling client: Unknown (error retrieving client info)
Stacktrace:
java.nio.channels.ClosedChannelException
	at java.base/sun.nio.ch.SocketChannelImpl.ensureOpenAndConnected(SocketChannelImpl.java:224)
	at java.base/sun.nio.ch.SocketChannelImpl.implRead(SocketChannelImpl.java:411)
	at java.base/sun.nio.ch.SocketChannelImpl.read(SocketChannelImpl.java:493)
	at bg.sofia.uni.fmi.mjt.uno.server.ClientHandler.readMessageFromClient(ClientHandler.java:54)
	at bg.sofia.uni.fmi.mjt.uno.server.ClientHandler.run(ClientHandler.java:29)
	at java.base/java.lang.Thread.run(Thread.java:1575)
===================================================
Timestamp: 2025-01-30T12:07:22.352128700
Client Info: Unknown (error retrieving client info)
Log Level: ERROR
Message: Error occurred while handling client: Unknown (error retrieving client info)
Stacktrace:
java.nio.channels.ClosedChannelException
	at java.base/sun.nio.ch.SocketChannelImpl.ensureOpenAndConnected(SocketChannelImpl.java:224)
	at java.base/sun.nio.ch.SocketChannelImpl.implRead(SocketChannelImpl.java:411)
	at java.base/sun.nio.ch.SocketChannelImpl.read(SocketChannelImpl.java:493)
	at bg.sofia.uni.fmi.mjt.uno.server.ClientHandler.readMessageFromClient(ClientHandler.java:54)
	at bg.sofia.uni.fmi.mjt.uno.server.ClientHandler.run(ClientHandler.java:29)
	at java.base/java.lang.Thread.run(Thread.java:1575)
===================================================
Timestamp: 2025-01-30T12:07:22.352128700
Client Info: Unknown (error retrieving client info)
Log Level: ERROR
Message: Error occurred while handling client: Unknown (error retrieving client info)
Stacktrace:
java.nio.channels.ClosedChannelException
	at java.base/sun.nio.ch.SocketChannelImpl.ensureOpenAndConnected(SocketChannelImpl.java:224)
	at java.base/sun.nio.ch.SocketChannelImpl.implRead(SocketChannelImpl.java:411)
	at java.base/sun.nio.ch.SocketChannelImpl.read(SocketChannelImpl.java:493)
	at bg.sofia.uni.fmi.mjt.uno.server.ClientHandler.readMessageFromClient(ClientHandler.java:54)
	at bg.sofia.uni.fmi.mjt.uno.server.ClientHandler.run(ClientHandler.java:29)
	at java.base/java.lang.Thread.run(Thread.java:1575)
===================================================
Timestamp: 2025-01-30T12:07:22.352128700
Client Info: Unknown (error retrieving client info)
Log Level: ERROR
Message: Error occurred while handling client: Unknown (error retrieving client info)
Stacktrace:
java.nio.channels.ClosedChannelException
	at java.base/sun.nio.ch.SocketChannelImpl.ensureOpenAndConnected(SocketChannelImpl.java:224)
	at java.base/sun.nio.ch.SocketChannelImpl.implRead(SocketChannelImpl.java:411)
	at java.base/sun.nio.ch.SocketChannelImpl.read(SocketChannelImpl.java:493)
	at bg.sofia.uni.fmi.mjt.uno.server.ClientHandler.readMessageFromClient(ClientHandler.java:54)
	at bg.sofia.uni.fmi.mjt.uno.server.ClientHandler.run(ClientHandler.java:29)
	at java.base/java.lang.Thread.run(Thread.java:1575)
===================================================
Timestamp: 2025-01-30T12:07:22.352128700
Client Info: Unknown (error retrieving client info)
Log Level: ERROR
Message: Error occurred while handling client: Unknown (error retrieving client info)
Stacktrace:
java.nio.channels.ClosedChannelException
	at java.base/sun.nio.ch.SocketChannelImpl.ensureOpenAndConnected(SocketChannelImpl.java:224)
	at java.base/sun.nio.ch.SocketChannelImpl.implRead(SocketChannelImpl.java:411)
	at java.base/sun.nio.ch.SocketChannelImpl.read(SocketChannelImpl.java:493)
	at bg.sofia.uni.fmi.mjt.uno.server.ClientHandler.readMessageFromClient(ClientHandler.java:54)
	at bg.sofia.uni.fmi.mjt.uno.server.ClientHandler.run(ClientHandler.java:29)
	at java.base/java.lang.Thread.run(Thread.java:1575)
===================================================
Timestamp: 2025-01-30T12:07:22.353128800
Client Info: Unknown (error retrieving client info)
Log Level: ERROR
Message: Error occurred while handling client: Unknown (error retrieving client info)
Stacktrace:
java.net.SocketException: Connection reset
	at java.base/sun.nio.ch.SocketChannelImpl.throwConnectionReset(SocketChannelImpl.java:403)
	at java.base/sun.nio.ch.SocketChannelImpl.implRead(SocketChannelImpl.java:419)
	at java.base/sun.nio.ch.SocketChannelImpl.read(SocketChannelImpl.java:493)
	at bg.sofia.uni.fmi.mjt.uno.server.ClientHandler.readMessageFromClient(ClientHandler.java:54)
	at bg.sofia.uni.fmi.mjt.uno.server.ClientHandler.run(ClientHandler.java:29)
	at java.base/java.lang.Thread.run(Thread.java:1575)
===================================================
Timestamp: 2025-01-30T12:07:22.353128800
Client Info: Unknown (error retrieving client info)
Log Level: ERROR
Message: Error occurred while handling client: Unknown (error retrieving client info)
Stacktrace:
java.net.SocketException: Connection reset
	at java.base/sun.nio.ch.SocketChannelImpl.throwConnectionReset(SocketChannelImpl.java:403)
	at java.base/sun.nio.ch.SocketChannelImpl.implRead(SocketChannelImpl.java:419)
	at java.base/sun.nio.ch.SocketChannelImpl.read(SocketChannelImpl.java:493)
	at bg.sofia.uni.fmi.mjt.uno.server.ClientHandler.readMessageFromClient(ClientHandler.java:54)
	at bg.sofia.uni.fmi.mjt.uno.server.ClientHandler.run(ClientHandler.java:29)
	at java.base/java.lang.Thread.run(Thread.java:1575)
===================================================
Timestamp: 2025-01-30T12:07:22.353128800
Client Info: Unknown (error retrieving client info)
Log Level: ERROR
Message: Error occurred while handling client: Unknown (error retrieving client info)
Stacktrace:
java.nio.channels.ClosedChannelException
	at java.base/sun.nio.ch.SocketChannelImpl.ensureOpenAndConnected(SocketChannelImpl.java:224)
	at java.base/sun.nio.ch.SocketChannelImpl.implRead(SocketChannelImpl.java:411)
	at java.base/sun.nio.ch.SocketChannelImpl.read(SocketChannelImpl.java:493)
	at bg.sofia.uni.fmi.mjt.uno.server.ClientHandler.readMessageFromClient(ClientHandler.java:54)
	at bg.sofia.uni.fmi.mjt.uno.server.ClientHandler.run(ClientHandler.java:29)
	at java.base/java.lang.Thread.run(Thread.java:1575)
===================================================
Timestamp: 2025-01-30T12:07:22.353128800
Client Info: Unknown (error retrieving client info)
Log Level: ERROR
Message: Error occurred while handling client: Unknown (error retrieving client info)
Stacktrace:
java.net.SocketException: Connection reset
	at java.base/sun.nio.ch.SocketChannelImpl.throwConnectionReset(SocketChannelImpl.java:403)
	at java.base/sun.nio.ch.SocketChannelImpl.implRead(SocketChannelImpl.java:419)
	at java.base/sun.nio.ch.SocketChannelImpl.read(SocketChannelImpl.java:493)
	at bg.sofia.uni.fmi.mjt.uno.server.ClientHandler.readMessageFromClient(ClientHandler.java:54)
	at bg.sofia.uni.fmi.mjt.uno.server.ClientHandler.run(ClientHandler.java:29)
	at java.base/java.lang.Thread.run(Thread.java:1575)
===================================================
Timestamp: 2025-01-30T12:07:22.354128500
Client Info: Unknown (error retrieving client info)
Log Level: ERROR
Message: Error occurred while handling client: Unknown (error retrieving client info)
Stacktrace:
java.net.SocketException: Connection reset
	at java.base/sun.nio.ch.SocketChannelImpl.throwConnectionReset(SocketChannelImpl.java:403)
	at java.base/sun.nio.ch.SocketChannelImpl.implRead(SocketChannelImpl.java:419)
	at java.base/sun.nio.ch.SocketChannelImpl.read(SocketChannelImpl.java:493)
	at bg.sofia.uni.fmi.mjt.uno.server.ClientHandler.readMessageFromClient(ClientHandler.java:54)
	at bg.sofia.uni.fmi.mjt.uno.server.ClientHandler.run(ClientHandler.java:29)
	at java.base/java.lang.Thread.run(Thread.java:1575)
===================================================
Timestamp: 2025-01-30T12:07:22.355128900
Client Info: Unknown (error retrieving client info)
Log Level: ERROR
Message: Error occurred while handling client: Unknown (error retrieving client info)
Stacktrace:
java.net.SocketException: Connection reset
	at java.base/sun.nio.ch.SocketChannelImpl.throwConnectionReset(SocketChannelImpl.java:403)
	at java.base/sun.nio.ch.SocketChannelImpl.implRead(SocketChannelImpl.java:419)
	at java.base/sun.nio.ch.SocketChannelImpl.read(SocketChannelImpl.java:493)
	at bg.sofia.uni.fmi.mjt.uno.server.ClientHandler.readMessageFromClient(ClientHandler.java:54)
	at bg.sofia.uni.fmi.mjt.uno.server.ClientHandler.run(ClientHandler.java:29)
	at java.base/java.lang.Thread.run(Thread.java:1575)
===================================================
Timestamp: 2025-01-30T12:07:22.354128500
Client Info: Unknown (error retrieving client info)
Log Level: ERROR
Message: Error occurred while handling client: Unknown (error retrieving client info)
Stacktrace:
java.net.SocketException: Connection reset
	at java.base/sun.nio.ch.SocketChannelImpl.throwConnectionReset(SocketChannelImpl.java:403)
	at java.base/sun.nio.ch.SocketChannelImpl.implRead(SocketChannelImpl.java:419)
	at java.base/sun.nio.ch.SocketChannelImpl.read(SocketChannelImpl.java:493)
	at bg.sofia.uni.fmi.mjt.uno.server.ClientHandler.readMessageFromClient(ClientHandler.java:54)
	at bg.sofia.uni.fmi.mjt.uno.server.ClientHandler.run(ClientHandler.java:29)
	at java.base/java.lang.Thread.run(Thread.java:1575)
===================================================
Timestamp: 2025-01-30T12:07:22.355128900
Client Info: Unknown (error retrieving client info)
Log Level: ERROR
Message: Error occurred while handling client: Unknown (error retrieving client info)
Stacktrace:
java.nio.channels.ClosedChannelException
	at java.base/sun.nio.ch.SocketChannelImpl.ensureOpenAndConnected(SocketChannelImpl.java:224)
	at java.base/sun.nio.ch.SocketChannelImpl.implRead(SocketChannelImpl.java:411)
	at java.base/sun.nio.ch.SocketChannelImpl.read(SocketChannelImpl.java:493)
	at bg.sofia.uni.fmi.mjt.uno.server.ClientHandler.readMessageFromClient(ClientHandler.java:54)
	at bg.sofia.uni.fmi.mjt.uno.server.ClientHandler.run(ClientHandler.java:29)
	at java.base/java.lang.Thread.run(Thread.java:1575)
===================================================
Timestamp: 2025-01-30T12:07:22.354128500
Client Info: Unknown (error retrieving client info)
Log Level: ERROR
Message: Error occurred while handling client: Unknown (error retrieving client info)
Stacktrace:
java.net.SocketException: Connection reset
	at java.base/sun.nio.ch.SocketChannelImpl.throwConnectionReset(SocketChannelImpl.java:403)
	at java.base/sun.nio.ch.SocketChannelImpl.implRead(SocketChannelImpl.java:419)
	at java.base/sun.nio.ch.SocketChannelImpl.read(SocketChannelImpl.java:493)
	at bg.sofia.uni.fmi.mjt.uno.server.ClientHandler.readMessageFromClient(ClientHandler.java:54)
	at bg.sofia.uni.fmi.mjt.uno.server.ClientHandler.run(ClientHandler.java:29)
	at java.base/java.lang.Thread.run(Thread.java:1575)
===================================================
Timestamp: 2025-01-30T12:07:22.355128900
Client Info: Unknown (error retrieving client info)
Log Level: ERROR
Message: Error occurred while handling client: Unknown (error retrieving client info)
Stacktrace:
java.net.SocketException: Connection reset
	at java.base/sun.nio.ch.SocketChannelImpl.throwConnectionReset(SocketChannelImpl.java:403)
	at java.base/sun.nio.ch.SocketChannelImpl.implRead(SocketChannelImpl.java:419)
	at java.base/sun.nio.ch.SocketChannelImpl.read(SocketChannelImpl.java:493)
	at bg.sofia.uni.fmi.mjt.uno.server.ClientHandler.readMessageFromClient(ClientHandler.java:54)
	at bg.sofia.uni.fmi.mjt.uno.server.ClientHandler.run(ClientHandler.java:29)
	at java.base/java.lang.Thread.run(Thread.java:1575)
===================================================
Timestamp: 2025-01-30T12:07:22.355128900
Client Info: Unknown (error retrieving client info)
Log Level: ERROR
Message: Error occurred while handling client: Unknown (error retrieving client info)
Stacktrace:
java.nio.channels.ClosedChannelException
	at java.base/sun.nio.ch.SocketChannelImpl.ensureOpenAndConnected(SocketChannelImpl.java:224)
	at java.base/sun.nio.ch.SocketChannelImpl.implRead(SocketChannelImpl.java:411)
	at java.base/sun.nio.ch.SocketChannelImpl.read(SocketChannelImpl.java:493)
	at bg.sofia.uni.fmi.mjt.uno.server.ClientHandler.readMessageFromClient(ClientHandler.java:54)
	at bg.sofia.uni.fmi.mjt.uno.server.ClientHandler.run(ClientHandler.java:29)
	at java.base/java.lang.Thread.run(Thread.java:1575)
===================================================
Timestamp: 2025-01-30T12:07:22.355128900
Client Info: Unknown (error retrieving client info)
Log Level: ERROR
Message: Error occurred while handling client: Unknown (error retrieving client info)
Stacktrace:
java.nio.channels.ClosedChannelException
	at java.base/sun.nio.ch.SocketChannelImpl.ensureOpenAndConnected(SocketChannelImpl.java:224)
	at java.base/sun.nio.ch.SocketChannelImpl.implRead(SocketChannelImpl.java:411)
	at java.base/sun.nio.ch.SocketChannelImpl.read(SocketChannelImpl.java:493)
	at bg.sofia.uni.fmi.mjt.uno.server.ClientHandler.readMessageFromClient(ClientHandler.java:54)
	at bg.sofia.uni.fmi.mjt.uno.server.ClientHandler.run(ClientHandler.java:29)
	at java.base/java.lang.Thread.run(Thread.java:1575)
===================================================
Timestamp: 2025-01-30T12:07:22.355128900
Client Info: Unknown (error retrieving client info)
Log Level: ERROR
Message: Error occurred while handling client: Unknown (error retrieving client info)
Stacktrace:
java.net.SocketException: Connection reset
	at java.base/sun.nio.ch.SocketChannelImpl.throwConnectionReset(SocketChannelImpl.java:403)
	at java.base/sun.nio.ch.SocketChannelImpl.implRead(SocketChannelImpl.java:419)
	at java.base/sun.nio.ch.SocketChannelImpl.read(SocketChannelImpl.java:493)
	at bg.sofia.uni.fmi.mjt.uno.server.ClientHandler.readMessageFromClient(ClientHandler.java:54)
	at bg.sofia.uni.fmi.mjt.uno.server.ClientHandler.run(ClientHandler.java:29)
	at java.base/java.lang.Thread.run(Thread.java:1575)
===================================================
Timestamp: 2025-01-30T12:07:22.356128500
Client Info: Unknown (error retrieving client info)
Log Level: ERROR
Message: Error occurred while handling client: Unknown (error retrieving client info)
Stacktrace:
java.net.SocketException: Connection reset
	at java.base/sun.nio.ch.SocketChannelImpl.throwConnectionReset(SocketChannelImpl.java:403)
	at java.base/sun.nio.ch.SocketChannelImpl.implRead(SocketChannelImpl.java:419)
	at java.base/sun.nio.ch.SocketChannelImpl.read(SocketChannelImpl.java:493)
	at bg.sofia.uni.fmi.mjt.uno.server.ClientHandler.readMessageFromClient(ClientHandler.java:54)
	at bg.sofia.uni.fmi.mjt.uno.server.ClientHandler.run(ClientHandler.java:29)
	at java.base/java.lang.Thread.run(Thread.java:1575)
===================================================
Timestamp: 2025-01-30T12:07:22.356128500
Client Info: Unknown (error retrieving client info)
Log Level: ERROR
Message: Error occurred while handling client: Unknown (error retrieving client info)
Stacktrace:
java.nio.channels.ClosedChannelException
	at java.base/sun.nio.ch.SocketChannelImpl.ensureOpenAndConnected(SocketChannelImpl.java:224)
	at java.base/sun.nio.ch.SocketChannelImpl.implRead(SocketChannelImpl.java:411)
	at java.base/sun.nio.ch.SocketChannelImpl.read(SocketChannelImpl.java:493)
	at bg.sofia.uni.fmi.mjt.uno.server.ClientHandler.readMessageFromClient(ClientHandler.java:54)
	at bg.sofia.uni.fmi.mjt.uno.server.ClientHandler.run(ClientHandler.java:29)
	at java.base/java.lang.Thread.run(Thread.java:1575)
===================================================
Timestamp: 2025-01-30T12:07:22.356128500
Client Info: Unknown (error retrieving client info)
Log Level: ERROR
Message: Error occurred while handling client: Unknown (error retrieving client info)
Stacktrace:
java.net.SocketException: Connection reset
	at java.base/sun.nio.ch.SocketChannelImpl.throwConnectionReset(SocketChannelImpl.java:403)
	at java.base/sun.nio.ch.SocketChannelImpl.implRead(SocketChannelImpl.java:419)
	at java.base/sun.nio.ch.SocketChannelImpl.read(SocketChannelImpl.java:493)
	at bg.sofia.uni.fmi.mjt.uno.server.ClientHandler.readMessageFromClient(ClientHandler.java:54)
	at bg.sofia.uni.fmi.mjt.uno.server.ClientHandler.run(ClientHandler.java:29)
	at java.base/java.lang.Thread.run(Thread.java:1575)
===================================================
Timestamp: 2025-01-30T12:07:22.356128500
Client Info: Unknown (error retrieving client info)
Log Level: ERROR
Message: Error occurred while handling client: Unknown (error retrieving client info)
Stacktrace:
java.net.SocketException: Connection reset
	at java.base/sun.nio.ch.SocketChannelImpl.throwConnectionReset(SocketChannelImpl.java:403)
	at java.base/sun.nio.ch.SocketChannelImpl.implRead(SocketChannelImpl.java:419)
	at java.base/sun.nio.ch.SocketChannelImpl.read(SocketChannelImpl.java:493)
	at bg.sofia.uni.fmi.mjt.uno.server.ClientHandler.readMessageFromClient(ClientHandler.java:54)
	at bg.sofia.uni.fmi.mjt.uno.server.ClientHandler.run(ClientHandler.java:29)
	at java.base/java.lang.Thread.run(Thread.java:1575)
===================================================
Timestamp: 2025-01-30T12:07:22.356128500
Client Info: Unknown (error retrieving client info)
Log Level: ERROR
Message: Error occurred while handling client: Unknown (error retrieving client info)
Stacktrace:
java.nio.channels.ClosedChannelException
	at java.base/sun.nio.ch.SocketChannelImpl.ensureOpenAndConnected(SocketChannelImpl.java:224)
	at java.base/sun.nio.ch.SocketChannelImpl.implRead(SocketChannelImpl.java:411)
	at java.base/sun.nio.ch.SocketChannelImpl.read(SocketChannelImpl.java:493)
	at bg.sofia.uni.fmi.mjt.uno.server.ClientHandler.readMessageFromClient(ClientHandler.java:54)
	at bg.sofia.uni.fmi.mjt.uno.server.ClientHandler.run(ClientHandler.java:29)
	at java.base/java.lang.Thread.run(Thread.java:1575)
===================================================
Timestamp: 2025-01-30T12:07:22.356128500
Client Info: Unknown (error retrieving client info)
Log Level: ERROR
Message: Error occurred while handling client: Unknown (error retrieving client info)
Stacktrace:
java.nio.channels.ClosedChannelException
	at java.base/sun.nio.ch.SocketChannelImpl.ensureOpenAndConnected(SocketChannelImpl.java:224)
	at java.base/sun.nio.ch.SocketChannelImpl.implRead(SocketChannelImpl.java:411)
	at java.base/sun.nio.ch.SocketChannelImpl.read(SocketChannelImpl.java:493)
	at bg.sofia.uni.fmi.mjt.uno.server.ClientHandler.readMessageFromClient(ClientHandler.java:54)
	at bg.sofia.uni.fmi.mjt.uno.server.ClientHandler.run(ClientHandler.java:29)
	at java.base/java.lang.Thread.run(Thread.java:1575)
===================================================
Timestamp: 2025-01-30T12:07:22.356128500
Client Info: Unknown (error retrieving client info)
Log Level: ERROR
Message: Error occurred while handling client: Unknown (error retrieving client info)
Stacktrace:
java.nio.channels.ClosedChannelException
	at java.base/sun.nio.ch.SocketChannelImpl.ensureOpenAndConnected(SocketChannelImpl.java:224)
	at java.base/sun.nio.ch.SocketChannelImpl.implRead(SocketChannelImpl.java:411)
	at java.base/sun.nio.ch.SocketChannelImpl.read(SocketChannelImpl.java:493)
	at bg.sofia.uni.fmi.mjt.uno.server.ClientHandler.readMessageFromClient(ClientHandler.java:54)
	at bg.sofia.uni.fmi.mjt.uno.server.ClientHandler.run(ClientHandler.java:29)
	at java.base/java.lang.Thread.run(Thread.java:1575)
===================================================
Timestamp: 2025-01-30T12:07:22.356128500
Client Info: Unknown (error retrieving client info)
Log Level: ERROR
Message: Error occurred while handling client: Unknown (error retrieving client info)
Stacktrace:
java.net.SocketException: Connection reset
	at java.base/sun.nio.ch.SocketChannelImpl.throwConnectionReset(SocketChannelImpl.java:403)
	at java.base/sun.nio.ch.SocketChannelImpl.implRead(SocketChannelImpl.java:419)
	at java.base/sun.nio.ch.SocketChannelImpl.read(SocketChannelImpl.java:493)
	at bg.sofia.uni.fmi.mjt.uno.server.ClientHandler.readMessageFromClient(ClientHandler.java:54)
	at bg.sofia.uni.fmi.mjt.uno.server.ClientHandler.run(ClientHandler.java:29)
	at java.base/java.lang.Thread.run(Thread.java:1575)
===================================================
Timestamp: 2025-01-30T12:07:22.356128500
Client Info: Unknown (error retrieving client info)
Log Level: ERROR
Message: Error occurred while handling client: Unknown (error retrieving client info)
Stacktrace:
java.nio.channels.ClosedChannelException
	at java.base/sun.nio.ch.SocketChannelImpl.ensureOpenAndConnected(SocketChannelImpl.java:224)
	at java.base/sun.nio.ch.SocketChannelImpl.implRead(SocketChannelImpl.java:411)
	at java.base/sun.nio.ch.SocketChannelImpl.read(SocketChannelImpl.java:493)
	at bg.sofia.uni.fmi.mjt.uno.server.ClientHandler.readMessageFromClient(ClientHandler.java:54)
	at bg.sofia.uni.fmi.mjt.uno.server.ClientHandler.run(ClientHandler.java:29)
	at java.base/java.lang.Thread.run(Thread.java:1575)
===================================================
Timestamp: 2025-01-30T12:07:22.356128500
Client Info: Unknown (error retrieving client info)
Log Level: ERROR
Message: Error occurred while handling client: Unknown (error retrieving client info)
Stacktrace:
java.nio.channels.ClosedChannelException
	at java.base/sun.nio.ch.SocketChannelImpl.ensureOpenAndConnected(SocketChannelImpl.java:224)
	at java.base/sun.nio.ch.SocketChannelImpl.implRead(SocketChannelImpl.java:411)
	at java.base/sun.nio.ch.SocketChannelImpl.read(SocketChannelImpl.java:493)
	at bg.sofia.uni.fmi.mjt.uno.server.ClientHandler.readMessageFromClient(ClientHandler.java:54)
	at bg.sofia.uni.fmi.mjt.uno.server.ClientHandler.run(ClientHandler.java:29)
	at java.base/java.lang.Thread.run(Thread.java:1575)
===================================================
Timestamp: 2025-01-30T12:07:22.356128500
Client Info: Unknown (error retrieving client info)
Log Level: ERROR
Message: Error occurred while handling client: Unknown (error retrieving client info)
Stacktrace:
java.nio.channels.ClosedChannelException
	at java.base/sun.nio.ch.SocketChannelImpl.ensureOpenAndConnected(SocketChannelImpl.java:224)
	at java.base/sun.nio.ch.SocketChannelImpl.implRead(SocketChannelImpl.java:411)
	at java.base/sun.nio.ch.SocketChannelImpl.read(SocketChannelImpl.java:493)
	at bg.sofia.uni.fmi.mjt.uno.server.ClientHandler.readMessageFromClient(ClientHandler.java:54)
	at bg.sofia.uni.fmi.mjt.uno.server.ClientHandler.run(ClientHandler.java:29)
	at java.base/java.lang.Thread.run(Thread.java:1575)
===================================================
Timestamp: 2025-01-30T12:07:22.356128500
Client Info: Unknown (error retrieving client info)
Log Level: ERROR
Message: Error occurred while handling client: Unknown (error retrieving client info)
Stacktrace:
java.nio.channels.ClosedChannelException
	at java.base/sun.nio.ch.SocketChannelImpl.ensureOpenAndConnected(SocketChannelImpl.java:224)
	at java.base/sun.nio.ch.SocketChannelImpl.implRead(SocketChannelImpl.java:411)
	at java.base/sun.nio.ch.SocketChannelImpl.read(SocketChannelImpl.java:493)
	at bg.sofia.uni.fmi.mjt.uno.server.ClientHandler.readMessageFromClient(ClientHandler.java:54)
	at bg.sofia.uni.fmi.mjt.uno.server.ClientHandler.run(ClientHandler.java:29)
	at java.base/java.lang.Thread.run(Thread.java:1575)
===================================================
Timestamp: 2025-01-30T12:07:22.356128500
Client Info: Unknown (error retrieving client info)
Log Level: ERROR
Message: Error occurred while handling client: Unknown (error retrieving client info)
Stacktrace:
java.net.SocketException: Connection reset
	at java.base/sun.nio.ch.SocketChannelImpl.throwConnectionReset(SocketChannelImpl.java:403)
	at java.base/sun.nio.ch.SocketChannelImpl.implRead(SocketChannelImpl.java:419)
	at java.base/sun.nio.ch.SocketChannelImpl.read(SocketChannelImpl.java:493)
	at bg.sofia.uni.fmi.mjt.uno.server.ClientHandler.readMessageFromClient(ClientHandler.java:54)
	at bg.sofia.uni.fmi.mjt.uno.server.ClientHandler.run(ClientHandler.java:29)
	at java.base/java.lang.Thread.run(Thread.java:1575)
===================================================
Timestamp: 2025-01-30T12:07:22.357129
Client Info: Unknown (error retrieving client info)
Log Level: ERROR
Message: Error occurred while handling client: Unknown (error retrieving client info)
Stacktrace:
java.nio.channels.ClosedChannelException
	at java.base/sun.nio.ch.SocketChannelImpl.ensureOpenAndConnected(SocketChannelImpl.java:224)
	at java.base/sun.nio.ch.SocketChannelImpl.implRead(SocketChannelImpl.java:411)
	at java.base/sun.nio.ch.SocketChannelImpl.read(SocketChannelImpl.java:493)
	at bg.sofia.uni.fmi.mjt.uno.server.ClientHandler.readMessageFromClient(ClientHandler.java:54)
	at bg.sofia.uni.fmi.mjt.uno.server.ClientHandler.run(ClientHandler.java:29)
	at java.base/java.lang.Thread.run(Thread.java:1575)
===================================================
Timestamp: 2025-01-30T13:12:45.645948
Client Info: Unknown (error retrieving client info)
Log Level: ERROR
Message: Error occurred while handling client: Unknown (error retrieving client info)
Stacktrace:
java.nio.channels.ClosedChannelException
	at java.base/sun.nio.ch.SocketChannelImpl.ensureOpenAndConnected(SocketChannelImpl.java:224)
	at java.base/sun.nio.ch.SocketChannelImpl.implRead(SocketChannelImpl.java:411)
	at java.base/sun.nio.ch.SocketChannelImpl.read(SocketChannelImpl.java:493)
	at bg.sofia.uni.fmi.mjt.uno.server.ClientHandler.readMessageFromClient(ClientHandler.java:54)
	at bg.sofia.uni.fmi.mjt.uno.server.ClientHandler.run(ClientHandler.java:29)
	at java.base/java.lang.Thread.run(Thread.java:1575)
===================================================
Timestamp: 2025-01-30T13:12:45.647120100
Client Info: Unknown (error retrieving client info)
Log Level: ERROR
Message: Error occurred while handling client: Unknown (error retrieving client info)
Stacktrace:
java.nio.channels.ClosedChannelException
	at java.base/sun.nio.ch.SocketChannelImpl.ensureOpenAndConnected(SocketChannelImpl.java:224)
	at java.base/sun.nio.ch.SocketChannelImpl.implRead(SocketChannelImpl.java:411)
	at java.base/sun.nio.ch.SocketChannelImpl.read(SocketChannelImpl.java:493)
	at bg.sofia.uni.fmi.mjt.uno.server.ClientHandler.readMessageFromClient(ClientHandler.java:54)
	at bg.sofia.uni.fmi.mjt.uno.server.ClientHandler.run(ClientHandler.java:29)
	at java.base/java.lang.Thread.run(Thread.java:1575)
===================================================
Timestamp: 2025-01-30T13:12:45.647120100
Client Info: Unknown (error retrieving client info)
Log Level: ERROR
Message: Error occurred while handling client: Unknown (error retrieving client info)
Stacktrace:
java.nio.channels.ClosedChannelException
	at java.base/sun.nio.ch.SocketChannelImpl.ensureOpenAndConnected(SocketChannelImpl.java:224)
	at java.base/sun.nio.ch.SocketChannelImpl.implRead(SocketChannelImpl.java:411)
	at java.base/sun.nio.ch.SocketChannelImpl.read(SocketChannelImpl.java:493)
	at bg.sofia.uni.fmi.mjt.uno.server.ClientHandler.readMessageFromClient(ClientHandler.java:54)
	at bg.sofia.uni.fmi.mjt.uno.server.ClientHandler.run(ClientHandler.java:29)
	at java.base/java.lang.Thread.run(Thread.java:1575)
===================================================
Timestamp: 2025-01-30T13:12:46.257275200
Client Info: Username: Unknown, Address: /127.0.0.1:54862
Log Level: ERROR
Message: Error occurred while handling client: Username: Unknown, Address: /127.0.0.1:54862
Stacktrace:
java.net.SocketException: Connection reset
	at java.base/sun.nio.ch.SocketChannelImpl.throwConnectionReset(SocketChannelImpl.java:403)
	at java.base/sun.nio.ch.SocketChannelImpl.implRead(SocketChannelImpl.java:435)
	at java.base/sun.nio.ch.SocketChannelImpl.read(SocketChannelImpl.java:493)
	at bg.sofia.uni.fmi.mjt.uno.server.ClientHandler.readMessageFromClient(ClientHandler.java:54)
	at bg.sofia.uni.fmi.mjt.uno.server.ClientHandler.run(ClientHandler.java:29)
	at java.base/java.lang.Thread.run(Thread.java:1575)
===================================================
Timestamp: 2025-01-30T13:12:46.260276900
Client Info: Username: Unknown, Address: /127.0.0.1:54864
Log Level: ERROR
Message: Error occurred while handling client: Username: Unknown, Address: /127.0.0.1:54864
Stacktrace:
java.net.SocketException: Connection reset
	at java.base/sun.nio.ch.SocketChannelImpl.throwConnectionReset(SocketChannelImpl.java:403)
	at java.base/sun.nio.ch.SocketChannelImpl.implRead(SocketChannelImpl.java:435)
	at java.base/sun.nio.ch.SocketChannelImpl.read(SocketChannelImpl.java:493)
	at bg.sofia.uni.fmi.mjt.uno.server.ClientHandler.readMessageFromClient(ClientHandler.java:54)
	at bg.sofia.uni.fmi.mjt.uno.server.ClientHandler.run(ClientHandler.java:29)
	at java.base/java.lang.Thread.run(Thread.java:1575)
===================================================
Timestamp: 2025-01-30T13:12:46.260276900
Client Info: Username: Unknown, Address: /127.0.0.1:54862
Log Level: ERROR
Message: Error occurred while handling client: Username: Unknown, Address: /127.0.0.1:54862
Stacktrace:
java.net.SocketException: Connection reset
	at java.base/sun.nio.ch.SocketChannelImpl.throwConnectionReset(SocketChannelImpl.java:403)
	at java.base/sun.nio.ch.SocketChannelImpl.implRead(SocketChannelImpl.java:419)
	at java.base/sun.nio.ch.SocketChannelImpl.read(SocketChannelImpl.java:493)
	at bg.sofia.uni.fmi.mjt.uno.server.ClientHandler.readMessageFromClient(ClientHandler.java:54)
	at bg.sofia.uni.fmi.mjt.uno.server.ClientHandler.run(ClientHandler.java:29)
	at java.base/java.lang.Thread.run(Thread.java:1575)
===================================================
Timestamp: 2025-01-30T13:12:46.288058400
Client Info: Unknown (error retrieving client info)
Log Level: ERROR
Message: Error occurred while handling client: Unknown (error retrieving client info)
Stacktrace:
java.nio.channels.ClosedChannelException
	at java.base/sun.nio.ch.SocketChannelImpl.ensureOpenAndConnected(SocketChannelImpl.java:224)
	at java.base/sun.nio.ch.SocketChannelImpl.implRead(SocketChannelImpl.java:411)
	at java.base/sun.nio.ch.SocketChannelImpl.read(SocketChannelImpl.java:493)
	at bg.sofia.uni.fmi.mjt.uno.server.ClientHandler.readMessageFromClient(ClientHandler.java:54)
	at bg.sofia.uni.fmi.mjt.uno.server.ClientHandler.run(ClientHandler.java:29)
	at java.base/java.lang.Thread.run(Thread.java:1575)
===================================================
Timestamp: 2025-01-30T13:12:46.291058
Client Info: Unknown (error retrieving client info)
Log Level: ERROR
Message: Error occurred while handling client: Unknown (error retrieving client info)
Stacktrace:
java.nio.channels.ClosedChannelException
	at java.base/sun.nio.ch.SocketChannelImpl.ensureOpenAndConnected(SocketChannelImpl.java:224)
	at java.base/sun.nio.ch.SocketChannelImpl.implRead(SocketChannelImpl.java:411)
	at java.base/sun.nio.ch.SocketChannelImpl.read(SocketChannelImpl.java:493)
	at bg.sofia.uni.fmi.mjt.uno.server.ClientHandler.readMessageFromClient(ClientHandler.java:54)
	at bg.sofia.uni.fmi.mjt.uno.server.ClientHandler.run(ClientHandler.java:29)
	at java.base/java.lang.Thread.run(Thread.java:1575)
===================================================
Timestamp: 2025-01-30T13:12:46.291058
Client Info: Unknown (error retrieving client info)
Log Level: ERROR
Message: Error occurred while handling client: Unknown (error retrieving client info)
Stacktrace:
java.nio.channels.ClosedChannelException
	at java.base/sun.nio.ch.SocketChannelImpl.ensureOpenAndConnected(SocketChannelImpl.java:224)
	at java.base/sun.nio.ch.SocketChannelImpl.implRead(SocketChannelImpl.java:411)
	at java.base/sun.nio.ch.SocketChannelImpl.read(SocketChannelImpl.java:493)
	at bg.sofia.uni.fmi.mjt.uno.server.ClientHandler.readMessageFromClient(ClientHandler.java:54)
	at bg.sofia.uni.fmi.mjt.uno.server.ClientHandler.run(ClientHandler.java:29)
	at java.base/java.lang.Thread.run(Thread.java:1575)
===================================================
Timestamp: 2025-01-30T13:12:46.292055900
Client Info: Unknown (error retrieving client info)
Log Level: ERROR
Message: Error occurred while handling client: Unknown (error retrieving client info)
Stacktrace:
java.nio.channels.ClosedChannelException
	at java.base/sun.nio.ch.SocketChannelImpl.ensureOpenAndConnected(SocketChannelImpl.java:224)
	at java.base/sun.nio.ch.SocketChannelImpl.implRead(SocketChannelImpl.java:411)
	at java.base/sun.nio.ch.SocketChannelImpl.read(SocketChannelImpl.java:493)
	at bg.sofia.uni.fmi.mjt.uno.server.ClientHandler.readMessageFromClient(ClientHandler.java:54)
	at bg.sofia.uni.fmi.mjt.uno.server.ClientHandler.run(ClientHandler.java:29)
	at java.base/java.lang.Thread.run(Thread.java:1575)
===================================================
Timestamp: 2025-01-30T13:12:46.293058100
Client Info: Username: Unknown, Address: /127.0.0.1:54863
Log Level: ERROR
Message: Error occurred while handling client: Username: Unknown, Address: /127.0.0.1:54863
Stacktrace:
java.net.SocketException: Connection reset
	at java.base/sun.nio.ch.SocketChannelImpl.throwConnectionReset(SocketChannelImpl.java:403)
	at java.base/sun.nio.ch.SocketChannelImpl.implRead(SocketChannelImpl.java:419)
	at java.base/sun.nio.ch.SocketChannelImpl.read(SocketChannelImpl.java:493)
	at bg.sofia.uni.fmi.mjt.uno.server.ClientHandler.readMessageFromClient(ClientHandler.java:54)
	at bg.sofia.uni.fmi.mjt.uno.server.ClientHandler.run(ClientHandler.java:29)
	at java.base/java.lang.Thread.run(Thread.java:1575)
===================================================
Timestamp: 2025-01-30T13:12:46.292055900
Client Info: Unknown (error retrieving client info)
Log Level: ERROR
Message: Error occurred while handling client: Unknown (error retrieving client info)
Stacktrace:
java.nio.channels.ClosedChannelException
	at java.base/sun.nio.ch.SocketChannelImpl.ensureOpenAndConnected(SocketChannelImpl.java:224)
	at java.base/sun.nio.ch.SocketChannelImpl.implRead(SocketChannelImpl.java:411)
	at java.base/sun.nio.ch.SocketChannelImpl.read(SocketChannelImpl.java:493)
	at bg.sofia.uni.fmi.mjt.uno.server.ClientHandler.readMessageFromClient(ClientHandler.java:54)
	at bg.sofia.uni.fmi.mjt.uno.server.ClientHandler.run(ClientHandler.java:29)
	at java.base/java.lang.Thread.run(Thread.java:1575)
===================================================
Timestamp: 2025-01-30T13:12:46.294056800
Client Info: Username: Unknown, Address: /127.0.0.1:54863
Log Level: ERROR
Message: Error occurred while handling client: Username: Unknown, Address: /127.0.0.1:54863
Stacktrace:
java.net.SocketException: Connection reset
	at java.base/sun.nio.ch.SocketChannelImpl.throwConnectionReset(SocketChannelImpl.java:403)
	at java.base/sun.nio.ch.SocketChannelImpl.implRead(SocketChannelImpl.java:419)
	at java.base/sun.nio.ch.SocketChannelImpl.read(SocketChannelImpl.java:493)
	at bg.sofia.uni.fmi.mjt.uno.server.ClientHandler.readMessageFromClient(ClientHandler.java:54)
	at bg.sofia.uni.fmi.mjt.uno.server.ClientHandler.run(ClientHandler.java:29)
	at java.base/java.lang.Thread.run(Thread.java:1575)
===================================================
Timestamp: 2025-01-30T13:12:46.302055
Client Info: Username: Unknown, Address: /127.0.0.1:54863
Log Level: ERROR
Message: Error occurred while handling client: Username: Unknown, Address: /127.0.0.1:54863
Stacktrace:
java.net.SocketException: Connection reset
	at java.base/sun.nio.ch.SocketChannelImpl.throwConnectionReset(SocketChannelImpl.java:403)
	at java.base/sun.nio.ch.SocketChannelImpl.implRead(SocketChannelImpl.java:419)
	at java.base/sun.nio.ch.SocketChannelImpl.read(SocketChannelImpl.java:493)
	at bg.sofia.uni.fmi.mjt.uno.server.ClientHandler.readMessageFromClient(ClientHandler.java:54)
	at bg.sofia.uni.fmi.mjt.uno.server.ClientHandler.run(ClientHandler.java:29)
	at java.base/java.lang.Thread.run(Thread.java:1575)
===================================================
Timestamp: 2025-01-30T13:12:46.299056200
Client Info: Username: Unknown, Address: /127.0.0.1:54863
Log Level: ERROR
Message: Error occurred while handling client: Username: Unknown, Address: /127.0.0.1:54863
Stacktrace:
java.net.SocketException: Connection reset
	at java.base/sun.nio.ch.SocketChannelImpl.throwConnectionReset(SocketChannelImpl.java:403)
	at java.base/sun.nio.ch.SocketChannelImpl.implRead(SocketChannelImpl.java:435)
	at java.base/sun.nio.ch.SocketChannelImpl.read(SocketChannelImpl.java:493)
	at bg.sofia.uni.fmi.mjt.uno.server.ClientHandler.readMessageFromClient(ClientHandler.java:54)
	at bg.sofia.uni.fmi.mjt.uno.server.ClientHandler.run(ClientHandler.java:29)
	at java.base/java.lang.Thread.run(Thread.java:1575)
===================================================
Timestamp: 2025-01-30T13:12:46.311068100
Client Info: Unknown (error retrieving client info)
Log Level: ERROR
Message: Error occurred while handling client: Unknown (error retrieving client info)
Stacktrace:
java.nio.channels.ClosedChannelException
	at java.base/sun.nio.ch.SocketChannelImpl.ensureOpenAndConnected(SocketChannelImpl.java:224)
	at java.base/sun.nio.ch.SocketChannelImpl.implRead(SocketChannelImpl.java:411)
	at java.base/sun.nio.ch.SocketChannelImpl.read(SocketChannelImpl.java:493)
	at bg.sofia.uni.fmi.mjt.uno.server.ClientHandler.readMessageFromClient(ClientHandler.java:54)
	at bg.sofia.uni.fmi.mjt.uno.server.ClientHandler.run(ClientHandler.java:29)
	at java.base/java.lang.Thread.run(Thread.java:1575)
===================================================
Timestamp: 2025-01-30T13:12:46.303058200
Client Info: Username: Unknown, Address: /127.0.0.1:54863
Log Level: ERROR
Message: Error occurred while handling client: Username: Unknown, Address: /127.0.0.1:54863
Stacktrace:
java.net.SocketException: Connection reset
	at java.base/sun.nio.ch.SocketChannelImpl.throwConnectionReset(SocketChannelImpl.java:403)
	at java.base/sun.nio.ch.SocketChannelImpl.implRead(SocketChannelImpl.java:419)
	at java.base/sun.nio.ch.SocketChannelImpl.read(SocketChannelImpl.java:493)
	at bg.sofia.uni.fmi.mjt.uno.server.ClientHandler.readMessageFromClient(ClientHandler.java:54)
	at bg.sofia.uni.fmi.mjt.uno.server.ClientHandler.run(ClientHandler.java:29)
	at java.base/java.lang.Thread.run(Thread.java:1575)
===================================================
Timestamp: 2025-01-30T13:12:46.295058200
Client Info: Unknown (error retrieving client info)
Log Level: ERROR
Message: Error occurred while handling client: Unknown (error retrieving client info)
Stacktrace:
java.nio.channels.ClosedChannelException
	at java.base/sun.nio.ch.SocketChannelImpl.ensureOpenAndConnected(SocketChannelImpl.java:224)
	at java.base/sun.nio.ch.SocketChannelImpl.implRead(SocketChannelImpl.java:411)
	at java.base/sun.nio.ch.SocketChannelImpl.read(SocketChannelImpl.java:493)
	at bg.sofia.uni.fmi.mjt.uno.server.ClientHandler.readMessageFromClient(ClientHandler.java:54)
	at bg.sofia.uni.fmi.mjt.uno.server.ClientHandler.run(ClientHandler.java:29)
	at java.base/java.lang.Thread.run(Thread.java:1575)
===================================================
Timestamp: 2025-01-30T13:12:46.303058200
Client Info: Username: Unknown, Address: /127.0.0.1:54863
Log Level: ERROR
Message: Error occurred while handling client: Username: Unknown, Address: /127.0.0.1:54863
Stacktrace:
java.net.SocketException: Connection reset
	at java.base/sun.nio.ch.SocketChannelImpl.throwConnectionReset(SocketChannelImpl.java:403)
	at java.base/sun.nio.ch.SocketChannelImpl.implRead(SocketChannelImpl.java:419)
	at java.base/sun.nio.ch.SocketChannelImpl.read(SocketChannelImpl.java:493)
	at bg.sofia.uni.fmi.mjt.uno.server.ClientHandler.readMessageFromClient(ClientHandler.java:54)
	at bg.sofia.uni.fmi.mjt.uno.server.ClientHandler.run(ClientHandler.java:29)
	at java.base/java.lang.Thread.run(Thread.java:1575)
===================================================
Timestamp: 2025-01-30T13:12:46.302055
Client Info: Unknown (error retrieving client info)
Log Level: ERROR
Message: Error occurred while handling client: Unknown (error retrieving client info)
Stacktrace:
java.nio.channels.ClosedChannelException
	at java.base/sun.nio.ch.SocketChannelImpl.ensureOpenAndConnected(SocketChannelImpl.java:224)
	at java.base/sun.nio.ch.SocketChannelImpl.implRead(SocketChannelImpl.java:411)
	at java.base/sun.nio.ch.SocketChannelImpl.read(SocketChannelImpl.java:493)
	at bg.sofia.uni.fmi.mjt.uno.server.ClientHandler.readMessageFromClient(ClientHandler.java:54)
	at bg.sofia.uni.fmi.mjt.uno.server.ClientHandler.run(ClientHandler.java:29)
	at java.base/java.lang.Thread.run(Thread.java:1575)
===================================================
Timestamp: 2025-01-30T13:12:46.302055
Client Info: Unknown (error retrieving client info)
Log Level: ERROR
Message: Error occurred while handling client: Unknown (error retrieving client info)
Stacktrace:
java.nio.channels.ClosedChannelException
	at java.base/sun.nio.ch.SocketChannelImpl.ensureOpenAndConnected(SocketChannelImpl.java:224)
	at java.base/sun.nio.ch.SocketChannelImpl.implRead(SocketChannelImpl.java:411)
	at java.base/sun.nio.ch.SocketChannelImpl.read(SocketChannelImpl.java:493)
	at bg.sofia.uni.fmi.mjt.uno.server.ClientHandler.readMessageFromClient(ClientHandler.java:54)
	at bg.sofia.uni.fmi.mjt.uno.server.ClientHandler.run(ClientHandler.java:29)
	at java.base/java.lang.Thread.run(Thread.java:1575)
===================================================
Timestamp: 2025-01-30T13:12:46.295058200
Client Info: Unknown (error retrieving client info)
Log Level: ERROR
Message: Error occurred while handling client: Unknown (error retrieving client info)
Stacktrace:
java.nio.channels.ClosedChannelException
	at java.base/sun.nio.ch.SocketChannelImpl.ensureOpenAndConnected(SocketChannelImpl.java:224)
	at java.base/sun.nio.ch.SocketChannelImpl.implRead(SocketChannelImpl.java:411)
	at java.base/sun.nio.ch.SocketChannelImpl.read(SocketChannelImpl.java:493)
	at bg.sofia.uni.fmi.mjt.uno.server.ClientHandler.readMessageFromClient(ClientHandler.java:54)
	at bg.sofia.uni.fmi.mjt.uno.server.ClientHandler.run(ClientHandler.java:29)
	at java.base/java.lang.Thread.run(Thread.java:1575)
===================================================
Timestamp: 2025-01-30T13:12:46.303058200
Client Info: Unknown (error retrieving client info)
Log Level: ERROR
Message: Error occurred while handling client: Unknown (error retrieving client info)
Stacktrace:
java.nio.channels.ClosedChannelException
	at java.base/sun.nio.ch.SocketChannelImpl.ensureOpenAndConnected(SocketChannelImpl.java:224)
	at java.base/sun.nio.ch.SocketChannelImpl.implRead(SocketChannelImpl.java:411)
	at java.base/sun.nio.ch.SocketChannelImpl.read(SocketChannelImpl.java:493)
	at bg.sofia.uni.fmi.mjt.uno.server.ClientHandler.readMessageFromClient(ClientHandler.java:54)
	at bg.sofia.uni.fmi.mjt.uno.server.ClientHandler.run(ClientHandler.java:29)
	at java.base/java.lang.Thread.run(Thread.java:1575)
===================================================
Timestamp: 2025-01-30T13:12:46.303058200
Client Info: Unknown (error retrieving client info)
Log Level: ERROR
Message: Error occurred while handling client: Unknown (error retrieving client info)
Stacktrace:
java.nio.channels.ClosedChannelException
	at java.base/sun.nio.ch.SocketChannelImpl.ensureOpenAndConnected(SocketChannelImpl.java:224)
	at java.base/sun.nio.ch.SocketChannelImpl.implRead(SocketChannelImpl.java:411)
	at java.base/sun.nio.ch.SocketChannelImpl.read(SocketChannelImpl.java:493)
	at bg.sofia.uni.fmi.mjt.uno.server.ClientHandler.readMessageFromClient(ClientHandler.java:54)
	at bg.sofia.uni.fmi.mjt.uno.server.ClientHandler.run(ClientHandler.java:29)
	at java.base/java.lang.Thread.run(Thread.java:1575)
===================================================
Timestamp: 2025-01-30T13:12:46.304056800
Client Info: Unknown (error retrieving client info)
Log Level: ERROR
Message: Error occurred while handling client: Unknown (error retrieving client info)
Stacktrace:
java.nio.channels.ClosedChannelException
	at java.base/sun.nio.ch.SocketChannelImpl.ensureOpenAndConnected(SocketChannelImpl.java:224)
	at java.base/sun.nio.ch.SocketChannelImpl.implRead(SocketChannelImpl.java:411)
	at java.base/sun.nio.ch.SocketChannelImpl.read(SocketChannelImpl.java:493)
	at bg.sofia.uni.fmi.mjt.uno.server.ClientHandler.readMessageFromClient(ClientHandler.java:54)
	at bg.sofia.uni.fmi.mjt.uno.server.ClientHandler.run(ClientHandler.java:29)
	at java.base/java.lang.Thread.run(Thread.java:1575)
===================================================
Timestamp: 2025-01-30T13:12:46.305057200
Client Info: Unknown (error retrieving client info)
Log Level: ERROR
Message: Error occurred while handling client: Unknown (error retrieving client info)
Stacktrace:
java.nio.channels.ClosedChannelException
	at java.base/sun.nio.ch.SocketChannelImpl.ensureOpenAndConnected(SocketChannelImpl.java:224)
	at java.base/sun.nio.ch.SocketChannelImpl.implRead(SocketChannelImpl.java:411)
	at java.base/sun.nio.ch.SocketChannelImpl.read(SocketChannelImpl.java:493)
	at bg.sofia.uni.fmi.mjt.uno.server.ClientHandler.readMessageFromClient(ClientHandler.java:54)
	at bg.sofia.uni.fmi.mjt.uno.server.ClientHandler.run(ClientHandler.java:29)
	at java.base/java.lang.Thread.run(Thread.java:1575)
===================================================
Timestamp: 2025-01-30T13:12:46.305057200
Client Info: Unknown (error retrieving client info)
Log Level: ERROR
Message: Error occurred while handling client: Unknown (error retrieving client info)
Stacktrace:
java.nio.channels.ClosedChannelException
	at java.base/sun.nio.ch.SocketChannelImpl.ensureOpenAndConnected(SocketChannelImpl.java:224)
	at java.base/sun.nio.ch.SocketChannelImpl.implRead(SocketChannelImpl.java:411)
	at java.base/sun.nio.ch.SocketChannelImpl.read(SocketChannelImpl.java:493)
	at bg.sofia.uni.fmi.mjt.uno.server.ClientHandler.readMessageFromClient(ClientHandler.java:54)
	at bg.sofia.uni.fmi.mjt.uno.server.ClientHandler.run(ClientHandler.java:29)
	at java.base/java.lang.Thread.run(Thread.java:1575)
===================================================
Timestamp: 2025-01-30T13:12:46.301056700
Client Info: Unknown (error retrieving client info)
Log Level: ERROR
Message: Error occurred while handling client: Unknown (error retrieving client info)
Stacktrace:
java.nio.channels.ClosedChannelException
	at java.base/sun.nio.ch.SocketChannelImpl.ensureOpenAndConnected(SocketChannelImpl.java:224)
	at java.base/sun.nio.ch.SocketChannelImpl.implRead(SocketChannelImpl.java:411)
	at java.base/sun.nio.ch.SocketChannelImpl.read(SocketChannelImpl.java:493)
	at bg.sofia.uni.fmi.mjt.uno.server.ClientHandler.readMessageFromClient(ClientHandler.java:54)
	at bg.sofia.uni.fmi.mjt.uno.server.ClientHandler.run(ClientHandler.java:29)
	at java.base/java.lang.Thread.run(Thread.java:1575)
===================================================
Timestamp: 2025-01-30T13:12:46.304056800
Client Info: Username: Unknown, Address: /127.0.0.1:54863
Log Level: ERROR
Message: Error occurred while handling client: Username: Unknown, Address: /127.0.0.1:54863
Stacktrace:
java.net.SocketException: Connection reset
	at java.base/sun.nio.ch.SocketChannelImpl.throwConnectionReset(SocketChannelImpl.java:403)
	at java.base/sun.nio.ch.SocketChannelImpl.implRead(SocketChannelImpl.java:419)
	at java.base/sun.nio.ch.SocketChannelImpl.read(SocketChannelImpl.java:493)
	at bg.sofia.uni.fmi.mjt.uno.server.ClientHandler.readMessageFromClient(ClientHandler.java:54)
	at bg.sofia.uni.fmi.mjt.uno.server.ClientHandler.run(ClientHandler.java:29)
	at java.base/java.lang.Thread.run(Thread.java:1575)
===================================================
Timestamp: 2025-01-30T13:12:46.301056700
Client Info: Unknown (error retrieving client info)
Log Level: ERROR
Message: Error occurred while handling client: Unknown (error retrieving client info)
Stacktrace:
java.nio.channels.ClosedChannelException
	at java.base/sun.nio.ch.SocketChannelImpl.ensureOpenAndConnected(SocketChannelImpl.java:224)
	at java.base/sun.nio.ch.SocketChannelImpl.implRead(SocketChannelImpl.java:411)
	at java.base/sun.nio.ch.SocketChannelImpl.read(SocketChannelImpl.java:493)
	at bg.sofia.uni.fmi.mjt.uno.server.ClientHandler.readMessageFromClient(ClientHandler.java:54)
	at bg.sofia.uni.fmi.mjt.uno.server.ClientHandler.run(ClientHandler.java:29)
	at java.base/java.lang.Thread.run(Thread.java:1575)
===================================================
Timestamp: 2025-01-30T13:12:46.305057200
Client Info: Username: Unknown, Address: /127.0.0.1:54863
Log Level: ERROR
Message: Error occurred while handling client: Username: Unknown, Address: /127.0.0.1:54863
Stacktrace:
java.net.SocketException: Connection reset
	at java.base/sun.nio.ch.SocketChannelImpl.throwConnectionReset(SocketChannelImpl.java:403)
	at java.base/sun.nio.ch.SocketChannelImpl.implRead(SocketChannelImpl.java:419)
	at java.base/sun.nio.ch.SocketChannelImpl.read(SocketChannelImpl.java:493)
	at bg.sofia.uni.fmi.mjt.uno.server.ClientHandler.readMessageFromClient(ClientHandler.java:54)
	at bg.sofia.uni.fmi.mjt.uno.server.ClientHandler.run(ClientHandler.java:29)
	at java.base/java.lang.Thread.run(Thread.java:1575)
===================================================
Timestamp: 2025-01-30T13:12:46.302055
Client Info: Username: Unknown, Address: /127.0.0.1:54863
Log Level: ERROR
Message: Error occurred while handling client: Username: Unknown, Address: /127.0.0.1:54863
Stacktrace:
java.net.SocketException: Connection reset
	at java.base/sun.nio.ch.SocketChannelImpl.throwConnectionReset(SocketChannelImpl.java:403)
	at java.base/sun.nio.ch.SocketChannelImpl.implRead(SocketChannelImpl.java:419)
	at java.base/sun.nio.ch.SocketChannelImpl.read(SocketChannelImpl.java:493)
	at bg.sofia.uni.fmi.mjt.uno.server.ClientHandler.readMessageFromClient(ClientHandler.java:54)
	at bg.sofia.uni.fmi.mjt.uno.server.ClientHandler.run(ClientHandler.java:29)
	at java.base/java.lang.Thread.run(Thread.java:1575)
===================================================
Timestamp: 2025-01-30T13:12:46.305057200
Client Info: Unknown (error retrieving client info)
Log Level: ERROR
Message: Error occurred while handling client: Unknown (error retrieving client info)
Stacktrace:
java.nio.channels.ClosedChannelException
	at java.base/sun.nio.ch.SocketChannelImpl.ensureOpenAndConnected(SocketChannelImpl.java:224)
	at java.base/sun.nio.ch.SocketChannelImpl.implRead(SocketChannelImpl.java:411)
	at java.base/sun.nio.ch.SocketChannelImpl.read(SocketChannelImpl.java:493)
	at bg.sofia.uni.fmi.mjt.uno.server.ClientHandler.readMessageFromClient(ClientHandler.java:54)
	at bg.sofia.uni.fmi.mjt.uno.server.ClientHandler.run(ClientHandler.java:29)
	at java.base/java.lang.Thread.run(Thread.java:1575)
===================================================
Timestamp: 2025-01-30T13:12:46.307067
Client Info: Unknown (error retrieving client info)
Log Level: ERROR
Message: Error occurred while handling client: Unknown (error retrieving client info)
Stacktrace:
java.nio.channels.ClosedChannelException
	at java.base/sun.nio.ch.SocketChannelImpl.ensureOpenAndConnected(SocketChannelImpl.java:224)
	at java.base/sun.nio.ch.SocketChannelImpl.implRead(SocketChannelImpl.java:411)
	at java.base/sun.nio.ch.SocketChannelImpl.read(SocketChannelImpl.java:493)
	at bg.sofia.uni.fmi.mjt.uno.server.ClientHandler.readMessageFromClient(ClientHandler.java:54)
	at bg.sofia.uni.fmi.mjt.uno.server.ClientHandler.run(ClientHandler.java:29)
	at java.base/java.lang.Thread.run(Thread.java:1575)
===================================================
Timestamp: 2025-01-30T13:12:46.312069200
Client Info: Unknown (error retrieving client info)
Log Level: ERROR
Message: Error occurred while handling client: Unknown (error retrieving client info)
Stacktrace:
java.nio.channels.ClosedChannelException
	at java.base/sun.nio.ch.SocketChannelImpl.ensureOpenAndConnected(SocketChannelImpl.java:224)
	at java.base/sun.nio.ch.SocketChannelImpl.implRead(SocketChannelImpl.java:411)
	at java.base/sun.nio.ch.SocketChannelImpl.read(SocketChannelImpl.java:493)
	at bg.sofia.uni.fmi.mjt.uno.server.ClientHandler.readMessageFromClient(ClientHandler.java:54)
	at bg.sofia.uni.fmi.mjt.uno.server.ClientHandler.run(ClientHandler.java:29)
	at java.base/java.lang.Thread.run(Thread.java:1575)
===================================================
Timestamp: 2025-01-30T13:12:46.304056800
Client Info: Username: Unknown, Address: /127.0.0.1:54863
Log Level: ERROR
Message: Error occurred while handling client: Username: Unknown, Address: /127.0.0.1:54863
Stacktrace:
java.net.SocketException: Connection reset
	at java.base/sun.nio.ch.SocketChannelImpl.throwConnectionReset(SocketChannelImpl.java:403)
	at java.base/sun.nio.ch.SocketChannelImpl.implRead(SocketChannelImpl.java:419)
	at java.base/sun.nio.ch.SocketChannelImpl.read(SocketChannelImpl.java:493)
	at bg.sofia.uni.fmi.mjt.uno.server.ClientHandler.readMessageFromClient(ClientHandler.java:54)
	at bg.sofia.uni.fmi.mjt.uno.server.ClientHandler.run(ClientHandler.java:29)
	at java.base/java.lang.Thread.run(Thread.java:1575)
===================================================
Timestamp: 2025-01-30T13:12:46.312069200
Client Info: Unknown (error retrieving client info)
Log Level: ERROR
Message: Error occurred while handling client: Unknown (error retrieving client info)
Stacktrace:
java.nio.channels.ClosedChannelException
	at java.base/sun.nio.ch.SocketChannelImpl.ensureOpenAndConnected(SocketChannelImpl.java:224)
	at java.base/sun.nio.ch.SocketChannelImpl.implRead(SocketChannelImpl.java:411)
	at java.base/sun.nio.ch.SocketChannelImpl.read(SocketChannelImpl.java:493)
	at bg.sofia.uni.fmi.mjt.uno.server.ClientHandler.readMessageFromClient(ClientHandler.java:54)
	at bg.sofia.uni.fmi.mjt.uno.server.ClientHandler.run(ClientHandler.java:29)
	at java.base/java.lang.Thread.run(Thread.java:1575)
===================================================
Timestamp: 2025-01-30T13:12:46.312069200
Client Info: Unknown (error retrieving client info)
Log Level: ERROR
Message: Error occurred while handling client: Unknown (error retrieving client info)
Stacktrace:
java.nio.channels.ClosedChannelException
	at java.base/sun.nio.ch.SocketChannelImpl.ensureOpenAndConnected(SocketChannelImpl.java:224)
	at java.base/sun.nio.ch.SocketChannelImpl.implRead(SocketChannelImpl.java:411)
	at java.base/sun.nio.ch.SocketChannelImpl.read(SocketChannelImpl.java:493)
	at bg.sofia.uni.fmi.mjt.uno.server.ClientHandler.readMessageFromClient(ClientHandler.java:54)
	at bg.sofia.uni.fmi.mjt.uno.server.ClientHandler.run(ClientHandler.java:29)
	at java.base/java.lang.Thread.run(Thread.java:1575)
===================================================
Timestamp: 2025-01-30T13:12:46.304056800
Client Info: Username: Unknown, Address: /127.0.0.1:54863
Log Level: ERROR
Message: Error occurred while handling client: Username: Unknown, Address: /127.0.0.1:54863
Stacktrace:
java.net.SocketException: Connection reset
	at java.base/sun.nio.ch.SocketChannelImpl.throwConnectionReset(SocketChannelImpl.java:403)
	at java.base/sun.nio.ch.SocketChannelImpl.implRead(SocketChannelImpl.java:419)
	at java.base/sun.nio.ch.SocketChannelImpl.read(SocketChannelImpl.java:493)
	at bg.sofia.uni.fmi.mjt.uno.server.ClientHandler.readMessageFromClient(ClientHandler.java:54)
	at bg.sofia.uni.fmi.mjt.uno.server.ClientHandler.run(ClientHandler.java:29)
	at java.base/java.lang.Thread.run(Thread.java:1575)
===================================================
Timestamp: 2025-01-30T13:12:46.305057200
Client Info: Username: Unknown, Address: /127.0.0.1:54863
Log Level: ERROR
Message: Error occurred while handling client: Username: Unknown, Address: /127.0.0.1:54863
Stacktrace:
java.net.SocketException: Connection reset
	at java.base/sun.nio.ch.SocketChannelImpl.throwConnectionReset(SocketChannelImpl.java:403)
	at java.base/sun.nio.ch.SocketChannelImpl.implRead(SocketChannelImpl.java:419)
	at java.base/sun.nio.ch.SocketChannelImpl.read(SocketChannelImpl.java:493)
	at bg.sofia.uni.fmi.mjt.uno.server.ClientHandler.readMessageFromClient(ClientHandler.java:54)
	at bg.sofia.uni.fmi.mjt.uno.server.ClientHandler.run(ClientHandler.java:29)
	at java.base/java.lang.Thread.run(Thread.java:1575)
===================================================
Timestamp: 2025-01-30T13:12:46.305057200
Client Info: Username: Unknown, Address: /127.0.0.1:54863
Log Level: ERROR
Message: Error occurred while handling client: Username: Unknown, Address: /127.0.0.1:54863
Stacktrace:
java.net.SocketException: Connection reset
	at java.base/sun.nio.ch.SocketChannelImpl.throwConnectionReset(SocketChannelImpl.java:403)
	at java.base/sun.nio.ch.SocketChannelImpl.implRead(SocketChannelImpl.java:419)
	at java.base/sun.nio.ch.SocketChannelImpl.read(SocketChannelImpl.java:493)
	at bg.sofia.uni.fmi.mjt.uno.server.ClientHandler.readMessageFromClient(ClientHandler.java:54)
	at bg.sofia.uni.fmi.mjt.uno.server.ClientHandler.run(ClientHandler.java:29)
	at java.base/java.lang.Thread.run(Thread.java:1575)
===================================================
Timestamp: 2025-01-30T13:12:46.305057200
Client Info: Username: Unknown, Address: /127.0.0.1:54863
Log Level: ERROR
Message: Error occurred while handling client: Username: Unknown, Address: /127.0.0.1:54863
Stacktrace:
java.net.SocketException: Connection reset
	at java.base/sun.nio.ch.SocketChannelImpl.throwConnectionReset(SocketChannelImpl.java:403)
	at java.base/sun.nio.ch.SocketChannelImpl.implRead(SocketChannelImpl.java:419)
	at java.base/sun.nio.ch.SocketChannelImpl.read(SocketChannelImpl.java:493)
	at bg.sofia.uni.fmi.mjt.uno.server.ClientHandler.readMessageFromClient(ClientHandler.java:54)
	at bg.sofia.uni.fmi.mjt.uno.server.ClientHandler.run(ClientHandler.java:29)
	at java.base/java.lang.Thread.run(Thread.java:1575)
===================================================
Timestamp: 2025-01-30T13:12:46.306068700
Client Info: Username: Unknown, Address: /127.0.0.1:54863
Log Level: ERROR
Message: Error occurred while handling client: Username: Unknown, Address: /127.0.0.1:54863
Stacktrace:
java.net.SocketException: Connection reset
	at java.base/sun.nio.ch.SocketChannelImpl.throwConnectionReset(SocketChannelImpl.java:403)
	at java.base/sun.nio.ch.SocketChannelImpl.implRead(SocketChannelImpl.java:419)
	at java.base/sun.nio.ch.SocketChannelImpl.read(SocketChannelImpl.java:493)
	at bg.sofia.uni.fmi.mjt.uno.server.ClientHandler.readMessageFromClient(ClientHandler.java:54)
	at bg.sofia.uni.fmi.mjt.uno.server.ClientHandler.run(ClientHandler.java:29)
	at java.base/java.lang.Thread.run(Thread.java:1575)
===================================================
Timestamp: 2025-01-30T13:12:46.312069200
Client Info: Username: Unknown, Address: /127.0.0.1:54863
Log Level: ERROR
Message: Error occurred while handling client: Username: Unknown, Address: /127.0.0.1:54863
Stacktrace:
java.net.SocketException: Connection reset
	at java.base/sun.nio.ch.SocketChannelImpl.throwConnectionReset(SocketChannelImpl.java:403)
	at java.base/sun.nio.ch.SocketChannelImpl.implRead(SocketChannelImpl.java:419)
	at java.base/sun.nio.ch.SocketChannelImpl.read(SocketChannelImpl.java:493)
	at bg.sofia.uni.fmi.mjt.uno.server.ClientHandler.readMessageFromClient(ClientHandler.java:54)
	at bg.sofia.uni.fmi.mjt.uno.server.ClientHandler.run(ClientHandler.java:29)
	at java.base/java.lang.Thread.run(Thread.java:1575)
===================================================
Timestamp: 2025-01-30T13:12:46.302055
Client Info: Username: Unknown, Address: /127.0.0.1:54863
Log Level: ERROR
Message: Error occurred while handling client: Username: Unknown, Address: /127.0.0.1:54863
Stacktrace:
java.net.SocketException: Connection reset
	at java.base/sun.nio.ch.SocketChannelImpl.throwConnectionReset(SocketChannelImpl.java:403)
	at java.base/sun.nio.ch.SocketChannelImpl.implRead(SocketChannelImpl.java:419)
	at java.base/sun.nio.ch.SocketChannelImpl.read(SocketChannelImpl.java:493)
	at bg.sofia.uni.fmi.mjt.uno.server.ClientHandler.readMessageFromClient(ClientHandler.java:54)
	at bg.sofia.uni.fmi.mjt.uno.server.ClientHandler.run(ClientHandler.java:29)
	at java.base/java.lang.Thread.run(Thread.java:1575)
===================================================
Timestamp: 2025-01-30T13:12:46.313068300
Client Info: Username: Unknown, Address: /127.0.0.1:54863
Log Level: ERROR
Message: Error occurred while handling client: Username: Unknown, Address: /127.0.0.1:54863
Stacktrace:
java.net.SocketException: Connection reset
	at java.base/sun.nio.ch.SocketChannelImpl.throwConnectionReset(SocketChannelImpl.java:403)
	at java.base/sun.nio.ch.SocketChannelImpl.implRead(SocketChannelImpl.java:419)
	at java.base/sun.nio.ch.SocketChannelImpl.read(SocketChannelImpl.java:493)
	at bg.sofia.uni.fmi.mjt.uno.server.ClientHandler.readMessageFromClient(ClientHandler.java:54)
	at bg.sofia.uni.fmi.mjt.uno.server.ClientHandler.run(ClientHandler.java:29)
	at java.base/java.lang.Thread.run(Thread.java:1575)
===================================================
Timestamp: 2025-01-30T13:12:46.313068300
Client Info: Username: Unknown, Address: /127.0.0.1:54863
Log Level: ERROR
Message: Error occurred while handling client: Username: Unknown, Address: /127.0.0.1:54863
Stacktrace:
java.net.SocketException: Connection reset
	at java.base/sun.nio.ch.SocketChannelImpl.throwConnectionReset(SocketChannelImpl.java:403)
	at java.base/sun.nio.ch.SocketChannelImpl.implRead(SocketChannelImpl.java:419)
	at java.base/sun.nio.ch.SocketChannelImpl.read(SocketChannelImpl.java:493)
	at bg.sofia.uni.fmi.mjt.uno.server.ClientHandler.readMessageFromClient(ClientHandler.java:54)
	at bg.sofia.uni.fmi.mjt.uno.server.ClientHandler.run(ClientHandler.java:29)
	at java.base/java.lang.Thread.run(Thread.java:1575)
===================================================
Timestamp: 2025-01-30T13:12:46.307067
Client Info: Username: Unknown, Address: /127.0.0.1:54863
Log Level: ERROR
Message: Error occurred while handling client: Username: Unknown, Address: /127.0.0.1:54863
Stacktrace:
java.net.SocketException: Connection reset
	at java.base/sun.nio.ch.SocketChannelImpl.throwConnectionReset(SocketChannelImpl.java:403)
	at java.base/sun.nio.ch.SocketChannelImpl.implRead(SocketChannelImpl.java:419)
	at java.base/sun.nio.ch.SocketChannelImpl.read(SocketChannelImpl.java:493)
	at bg.sofia.uni.fmi.mjt.uno.server.ClientHandler.readMessageFromClient(ClientHandler.java:54)
	at bg.sofia.uni.fmi.mjt.uno.server.ClientHandler.run(ClientHandler.java:29)
	at java.base/java.lang.Thread.run(Thread.java:1575)
===================================================
Timestamp: 2025-01-30T13:12:46.312069200
Client Info: Unknown (error retrieving client info)
Log Level: ERROR
Message: Error occurred while handling client: Unknown (error retrieving client info)
Stacktrace:
java.nio.channels.ClosedChannelException
	at java.base/sun.nio.ch.SocketChannelImpl.ensureOpenAndConnected(SocketChannelImpl.java:224)
	at java.base/sun.nio.ch.SocketChannelImpl.implRead(SocketChannelImpl.java:411)
	at java.base/sun.nio.ch.SocketChannelImpl.read(SocketChannelImpl.java:493)
	at bg.sofia.uni.fmi.mjt.uno.server.ClientHandler.readMessageFromClient(ClientHandler.java:54)
	at bg.sofia.uni.fmi.mjt.uno.server.ClientHandler.run(ClientHandler.java:29)
	at java.base/java.lang.Thread.run(Thread.java:1575)
===================================================
Timestamp: 2025-01-30T13:12:46.305057200
Client Info: Username: Unknown, Address: /127.0.0.1:54863
Log Level: ERROR
Message: Error occurred while handling client: Username: Unknown, Address: /127.0.0.1:54863
Stacktrace:
java.net.SocketException: Connection reset
	at java.base/sun.nio.ch.SocketChannelImpl.throwConnectionReset(SocketChannelImpl.java:403)
	at java.base/sun.nio.ch.SocketChannelImpl.implRead(SocketChannelImpl.java:419)
	at java.base/sun.nio.ch.SocketChannelImpl.read(SocketChannelImpl.java:493)
	at bg.sofia.uni.fmi.mjt.uno.server.ClientHandler.readMessageFromClient(ClientHandler.java:54)
	at bg.sofia.uni.fmi.mjt.uno.server.ClientHandler.run(ClientHandler.java:29)
	at java.base/java.lang.Thread.run(Thread.java:1575)
===================================================
Timestamp: 2025-01-30T13:12:46.304056800
Client Info: Unknown (error retrieving client info)
Log Level: ERROR
Message: Error occurred while handling client: Unknown (error retrieving client info)
Stacktrace:
java.nio.channels.ClosedChannelException
	at java.base/sun.nio.ch.SocketChannelImpl.ensureOpenAndConnected(SocketChannelImpl.java:224)
	at java.base/sun.nio.ch.SocketChannelImpl.implRead(SocketChannelImpl.java:411)
	at java.base/sun.nio.ch.SocketChannelImpl.read(SocketChannelImpl.java:493)
	at bg.sofia.uni.fmi.mjt.uno.server.ClientHandler.readMessageFromClient(ClientHandler.java:54)
	at bg.sofia.uni.fmi.mjt.uno.server.ClientHandler.run(ClientHandler.java:29)
	at java.base/java.lang.Thread.run(Thread.java:1575)
===================================================
Timestamp: 2025-01-30T13:12:46.313068300
Client Info: Unknown (error retrieving client info)
Log Level: ERROR
Message: Error occurred while handling client: Unknown (error retrieving client info)
Stacktrace:
java.nio.channels.ClosedChannelException
	at java.base/sun.nio.ch.SocketChannelImpl.ensureOpenAndConnected(SocketChannelImpl.java:224)
	at java.base/sun.nio.ch.SocketChannelImpl.implRead(SocketChannelImpl.java:411)
	at java.base/sun.nio.ch.SocketChannelImpl.read(SocketChannelImpl.java:493)
	at bg.sofia.uni.fmi.mjt.uno.server.ClientHandler.readMessageFromClient(ClientHandler.java:54)
	at bg.sofia.uni.fmi.mjt.uno.server.ClientHandler.run(ClientHandler.java:29)
	at java.base/java.lang.Thread.run(Thread.java:1575)
===================================================
Timestamp: 2025-01-30T13:12:46.306068700
Client Info: Unknown (error retrieving client info)
Log Level: ERROR
Message: Error occurred while handling client: Unknown (error retrieving client info)
Stacktrace:
java.nio.channels.ClosedChannelException
	at java.base/sun.nio.ch.SocketChannelImpl.ensureOpenAndConnected(SocketChannelImpl.java:224)
	at java.base/sun.nio.ch.SocketChannelImpl.implRead(SocketChannelImpl.java:411)
	at java.base/sun.nio.ch.SocketChannelImpl.read(SocketChannelImpl.java:493)
	at bg.sofia.uni.fmi.mjt.uno.server.ClientHandler.readMessageFromClient(ClientHandler.java:54)
	at bg.sofia.uni.fmi.mjt.uno.server.ClientHandler.run(ClientHandler.java:29)
	at java.base/java.lang.Thread.run(Thread.java:1575)
===================================================
Timestamp: 2025-01-30T13:12:46.305057200
Client Info: Username: Unknown, Address: /127.0.0.1:54863
Log Level: ERROR
Message: Error occurred while handling client: Username: Unknown, Address: /127.0.0.1:54863
Stacktrace:
java.net.SocketException: Connection reset
	at java.base/sun.nio.ch.SocketChannelImpl.throwConnectionReset(SocketChannelImpl.java:403)
	at java.base/sun.nio.ch.SocketChannelImpl.implRead(SocketChannelImpl.java:419)
	at java.base/sun.nio.ch.SocketChannelImpl.read(SocketChannelImpl.java:493)
	at bg.sofia.uni.fmi.mjt.uno.server.ClientHandler.readMessageFromClient(ClientHandler.java:54)
	at bg.sofia.uni.fmi.mjt.uno.server.ClientHandler.run(ClientHandler.java:29)
	at java.base/java.lang.Thread.run(Thread.java:1575)
===================================================
Timestamp: 2025-01-30T13:12:46.312069200
Client Info: Username: Unknown, Address: /127.0.0.1:54863
Log Level: ERROR
Message: Error occurred while handling client: Username: Unknown, Address: /127.0.0.1:54863
Stacktrace:
java.net.SocketException: Connection reset
	at java.base/sun.nio.ch.SocketChannelImpl.throwConnectionReset(SocketChannelImpl.java:403)
	at java.base/sun.nio.ch.SocketChannelImpl.implRead(SocketChannelImpl.java:419)
	at java.base/sun.nio.ch.SocketChannelImpl.read(SocketChannelImpl.java:493)
	at bg.sofia.uni.fmi.mjt.uno.server.ClientHandler.readMessageFromClient(ClientHandler.java:54)
	at bg.sofia.uni.fmi.mjt.uno.server.ClientHandler.run(ClientHandler.java:29)
	at java.base/java.lang.Thread.run(Thread.java:1575)
===================================================
Timestamp: 2025-01-30T13:12:46.313068300
Client Info: Unknown (error retrieving client info)
Log Level: ERROR
Message: Error occurred while handling client: Unknown (error retrieving client info)
Stacktrace:
java.nio.channels.ClosedChannelException
	at java.base/sun.nio.ch.SocketChannelImpl.ensureOpenAndConnected(SocketChannelImpl.java:224)
	at java.base/sun.nio.ch.SocketChannelImpl.implRead(SocketChannelImpl.java:411)
	at java.base/sun.nio.ch.SocketChannelImpl.read(SocketChannelImpl.java:493)
	at bg.sofia.uni.fmi.mjt.uno.server.ClientHandler.readMessageFromClient(ClientHandler.java:54)
	at bg.sofia.uni.fmi.mjt.uno.server.ClientHandler.run(ClientHandler.java:29)
	at java.base/java.lang.Thread.run(Thread.java:1575)
===================================================
Timestamp: 2025-01-30T13:12:46.319069500
Client Info: Unknown (error retrieving client info)
Log Level: ERROR
Message: Error occurred while handling client: Unknown (error retrieving client info)
Stacktrace:
java.nio.channels.ClosedChannelException
	at java.base/sun.nio.ch.SocketChannelImpl.ensureOpenAndConnected(SocketChannelImpl.java:224)
	at java.base/sun.nio.ch.SocketChannelImpl.implRead(SocketChannelImpl.java:411)
	at java.base/sun.nio.ch.SocketChannelImpl.read(SocketChannelImpl.java:493)
	at bg.sofia.uni.fmi.mjt.uno.server.ClientHandler.readMessageFromClient(ClientHandler.java:54)
	at bg.sofia.uni.fmi.mjt.uno.server.ClientHandler.run(ClientHandler.java:29)
	at java.base/java.lang.Thread.run(Thread.java:1575)
===================================================
Timestamp: 2025-01-30T13:12:46.319069500
Client Info: Username: Unknown, Address: /127.0.0.1:54863
Log Level: ERROR
Message: Error occurred while handling client: Username: Unknown, Address: /127.0.0.1:54863
Stacktrace:
java.net.SocketException: Connection reset
	at java.base/sun.nio.ch.SocketChannelImpl.throwConnectionReset(SocketChannelImpl.java:403)
	at java.base/sun.nio.ch.SocketChannelImpl.implRead(SocketChannelImpl.java:419)
	at java.base/sun.nio.ch.SocketChannelImpl.read(SocketChannelImpl.java:493)
	at bg.sofia.uni.fmi.mjt.uno.server.ClientHandler.readMessageFromClient(ClientHandler.java:54)
	at bg.sofia.uni.fmi.mjt.uno.server.ClientHandler.run(ClientHandler.java:29)
	at java.base/java.lang.Thread.run(Thread.java:1575)
===================================================
Timestamp: 2025-01-30T13:12:46.313068300
Client Info: Username: Unknown, Address: /127.0.0.1:54863
Log Level: ERROR
Message: Error occurred while handling client: Username: Unknown, Address: /127.0.0.1:54863
Stacktrace:
java.net.SocketException: Connection reset
	at java.base/sun.nio.ch.SocketChannelImpl.throwConnectionReset(SocketChannelImpl.java:403)
	at java.base/sun.nio.ch.SocketChannelImpl.implRead(SocketChannelImpl.java:419)
	at java.base/sun.nio.ch.SocketChannelImpl.read(SocketChannelImpl.java:493)
	at bg.sofia.uni.fmi.mjt.uno.server.ClientHandler.readMessageFromClient(ClientHandler.java:54)
	at bg.sofia.uni.fmi.mjt.uno.server.ClientHandler.run(ClientHandler.java:29)
	at java.base/java.lang.Thread.run(Thread.java:1575)
===================================================
Timestamp: 2025-01-30T13:12:46.318068100
Client Info: Username: Unknown, Address: /127.0.0.1:54863
Log Level: ERROR
Message: Error occurred while handling client: Username: Unknown, Address: /127.0.0.1:54863
Stacktrace:
java.net.SocketException: Connection reset
	at java.base/sun.nio.ch.SocketChannelImpl.throwConnectionReset(SocketChannelImpl.java:403)
	at java.base/sun.nio.ch.SocketChannelImpl.implRead(SocketChannelImpl.java:419)
	at java.base/sun.nio.ch.SocketChannelImpl.read(SocketChannelImpl.java:493)
	at bg.sofia.uni.fmi.mjt.uno.server.ClientHandler.readMessageFromClient(ClientHandler.java:54)
	at bg.sofia.uni.fmi.mjt.uno.server.ClientHandler.run(ClientHandler.java:29)
	at java.base/java.lang.Thread.run(Thread.java:1575)
===================================================
Timestamp: 2025-01-30T13:12:46.318068100
Client Info: Unknown (error retrieving client info)
Log Level: ERROR
Message: Error occurred while handling client: Unknown (error retrieving client info)
Stacktrace:
java.nio.channels.ClosedChannelException
	at java.base/sun.nio.ch.SocketChannelImpl.ensureOpenAndConnected(SocketChannelImpl.java:224)
	at java.base/sun.nio.ch.SocketChannelImpl.implRead(SocketChannelImpl.java:411)
	at java.base/sun.nio.ch.SocketChannelImpl.read(SocketChannelImpl.java:493)
	at bg.sofia.uni.fmi.mjt.uno.server.ClientHandler.readMessageFromClient(ClientHandler.java:54)
	at bg.sofia.uni.fmi.mjt.uno.server.ClientHandler.run(ClientHandler.java:29)
	at java.base/java.lang.Thread.run(Thread.java:1575)
===================================================
Timestamp: 2025-01-30T13:12:46.315068300
Client Info: Username: Unknown, Address: /127.0.0.1:54863
Log Level: ERROR
Message: Error occurred while handling client: Username: Unknown, Address: /127.0.0.1:54863
Stacktrace:
java.net.SocketException: Connection reset
	at java.base/sun.nio.ch.SocketChannelImpl.throwConnectionReset(SocketChannelImpl.java:403)
	at java.base/sun.nio.ch.SocketChannelImpl.implRead(SocketChannelImpl.java:419)
	at java.base/sun.nio.ch.SocketChannelImpl.read(SocketChannelImpl.java:493)
	at bg.sofia.uni.fmi.mjt.uno.server.ClientHandler.readMessageFromClient(ClientHandler.java:54)
	at bg.sofia.uni.fmi.mjt.uno.server.ClientHandler.run(ClientHandler.java:29)
	at java.base/java.lang.Thread.run(Thread.java:1575)
===================================================
Timestamp: 2025-01-30T13:12:46.315068300
Client Info: Username: Unknown, Address: /127.0.0.1:54863
Log Level: ERROR
Message: Error occurred while handling client: Username: Unknown, Address: /127.0.0.1:54863
Stacktrace:
java.net.SocketException: Connection reset
	at java.base/sun.nio.ch.SocketChannelImpl.throwConnectionReset(SocketChannelImpl.java:403)
	at java.base/sun.nio.ch.SocketChannelImpl.implRead(SocketChannelImpl.java:419)
	at java.base/sun.nio.ch.SocketChannelImpl.read(SocketChannelImpl.java:493)
	at bg.sofia.uni.fmi.mjt.uno.server.ClientHandler.readMessageFromClient(ClientHandler.java:54)
	at bg.sofia.uni.fmi.mjt.uno.server.ClientHandler.run(ClientHandler.java:29)
	at java.base/java.lang.Thread.run(Thread.java:1575)
===================================================
Timestamp: 2025-01-30T13:12:46.316067200
Client Info: Username: Unknown, Address: /127.0.0.1:54863
Log Level: ERROR
Message: Error occurred while handling client: Username: Unknown, Address: /127.0.0.1:54863
Stacktrace:
java.net.SocketException: Connection reset
	at java.base/sun.nio.ch.SocketChannelImpl.throwConnectionReset(SocketChannelImpl.java:403)
	at java.base/sun.nio.ch.SocketChannelImpl.implRead(SocketChannelImpl.java:419)
	at java.base/sun.nio.ch.SocketChannelImpl.read(SocketChannelImpl.java:493)
	at bg.sofia.uni.fmi.mjt.uno.server.ClientHandler.readMessageFromClient(ClientHandler.java:54)
	at bg.sofia.uni.fmi.mjt.uno.server.ClientHandler.run(ClientHandler.java:29)
	at java.base/java.lang.Thread.run(Thread.java:1575)
===================================================
Timestamp: 2025-01-30T13:12:46.318068100
Client Info: Unknown (error retrieving client info)
Log Level: ERROR
Message: Error occurred while handling client: Unknown (error retrieving client info)
Stacktrace:
java.nio.channels.ClosedChannelException
	at java.base/sun.nio.ch.SocketChannelImpl.ensureOpenAndConnected(SocketChannelImpl.java:224)
	at java.base/sun.nio.ch.SocketChannelImpl.implRead(SocketChannelImpl.java:411)
	at java.base/sun.nio.ch.SocketChannelImpl.read(SocketChannelImpl.java:493)
	at bg.sofia.uni.fmi.mjt.uno.server.ClientHandler.readMessageFromClient(ClientHandler.java:54)
	at bg.sofia.uni.fmi.mjt.uno.server.ClientHandler.run(ClientHandler.java:29)
	at java.base/java.lang.Thread.run(Thread.java:1575)
===================================================
Timestamp: 2025-01-30T13:12:46.318068100
Client Info: Username: Unknown, Address: /127.0.0.1:54863
Log Level: ERROR
Message: Error occurred while handling client: Username: Unknown, Address: /127.0.0.1:54863
Stacktrace:
java.net.SocketException: Connection reset
	at java.base/sun.nio.ch.SocketChannelImpl.throwConnectionReset(SocketChannelImpl.java:403)
	at java.base/sun.nio.ch.SocketChannelImpl.implRead(SocketChannelImpl.java:419)
	at java.base/sun.nio.ch.SocketChannelImpl.read(SocketChannelImpl.java:493)
	at bg.sofia.uni.fmi.mjt.uno.server.ClientHandler.readMessageFromClient(ClientHandler.java:54)
	at bg.sofia.uni.fmi.mjt.uno.server.ClientHandler.run(ClientHandler.java:29)
	at java.base/java.lang.Thread.run(Thread.java:1575)
===================================================
Timestamp: 2025-01-30T13:12:46.318068100
Client Info: Username: Unknown, Address: /127.0.0.1:54863
Log Level: ERROR
Message: Error occurred while handling client: Username: Unknown, Address: /127.0.0.1:54863
Stacktrace:
java.net.SocketException: Connection reset
	at java.base/sun.nio.ch.SocketChannelImpl.throwConnectionReset(SocketChannelImpl.java:403)
	at java.base/sun.nio.ch.SocketChannelImpl.implRead(SocketChannelImpl.java:419)
	at java.base/sun.nio.ch.SocketChannelImpl.read(SocketChannelImpl.java:493)
	at bg.sofia.uni.fmi.mjt.uno.server.ClientHandler.readMessageFromClient(ClientHandler.java:54)
	at bg.sofia.uni.fmi.mjt.uno.server.ClientHandler.run(ClientHandler.java:29)
	at java.base/java.lang.Thread.run(Thread.java:1575)
===================================================
Timestamp: 2025-01-30T13:12:46.317068800
Client Info: Username: Unknown, Address: /127.0.0.1:54863
Log Level: ERROR
Message: Error occurred while handling client: Username: Unknown, Address: /127.0.0.1:54863
Stacktrace:
java.net.SocketException: Connection reset
	at java.base/sun.nio.ch.SocketChannelImpl.throwConnectionReset(SocketChannelImpl.java:403)
	at java.base/sun.nio.ch.SocketChannelImpl.implRead(SocketChannelImpl.java:419)
	at java.base/sun.nio.ch.SocketChannelImpl.read(SocketChannelImpl.java:493)
	at bg.sofia.uni.fmi.mjt.uno.server.ClientHandler.readMessageFromClient(ClientHandler.java:54)
	at bg.sofia.uni.fmi.mjt.uno.server.ClientHandler.run(ClientHandler.java:29)
	at java.base/java.lang.Thread.run(Thread.java:1575)
===================================================
Timestamp: 2025-01-30T13:12:46.317068800
Client Info: Unknown (error retrieving client info)
Log Level: ERROR
Message: Error occurred while handling client: Unknown (error retrieving client info)
Stacktrace:
java.nio.channels.ClosedChannelException
	at java.base/sun.nio.ch.SocketChannelImpl.ensureOpenAndConnected(SocketChannelImpl.java:224)
	at java.base/sun.nio.ch.SocketChannelImpl.implRead(SocketChannelImpl.java:411)
	at java.base/sun.nio.ch.SocketChannelImpl.read(SocketChannelImpl.java:493)
	at bg.sofia.uni.fmi.mjt.uno.server.ClientHandler.readMessageFromClient(ClientHandler.java:54)
	at bg.sofia.uni.fmi.mjt.uno.server.ClientHandler.run(ClientHandler.java:29)
	at java.base/java.lang.Thread.run(Thread.java:1575)
===================================================
Timestamp: 2025-01-30T13:12:46.316067200
Client Info: Username: Unknown, Address: /127.0.0.1:54863
Log Level: ERROR
Message: Error occurred while handling client: Username: Unknown, Address: /127.0.0.1:54863
Stacktrace:
java.net.SocketException: Connection reset
	at java.base/sun.nio.ch.SocketChannelImpl.throwConnectionReset(SocketChannelImpl.java:403)
	at java.base/sun.nio.ch.SocketChannelImpl.implRead(SocketChannelImpl.java:419)
	at java.base/sun.nio.ch.SocketChannelImpl.read(SocketChannelImpl.java:493)
	at bg.sofia.uni.fmi.mjt.uno.server.ClientHandler.readMessageFromClient(ClientHandler.java:54)
	at bg.sofia.uni.fmi.mjt.uno.server.ClientHandler.run(ClientHandler.java:29)
	at java.base/java.lang.Thread.run(Thread.java:1575)
===================================================
Timestamp: 2025-01-30T13:12:46.318068100
Client Info: Unknown (error retrieving client info)
Log Level: ERROR
Message: Error occurred while handling client: Unknown (error retrieving client info)
Stacktrace:
java.nio.channels.ClosedChannelException
	at java.base/sun.nio.ch.SocketChannelImpl.ensureOpenAndConnected(SocketChannelImpl.java:224)
	at java.base/sun.nio.ch.SocketChannelImpl.implRead(SocketChannelImpl.java:411)
	at java.base/sun.nio.ch.SocketChannelImpl.read(SocketChannelImpl.java:493)
	at bg.sofia.uni.fmi.mjt.uno.server.ClientHandler.readMessageFromClient(ClientHandler.java:54)
	at bg.sofia.uni.fmi.mjt.uno.server.ClientHandler.run(ClientHandler.java:29)
	at java.base/java.lang.Thread.run(Thread.java:1575)
===================================================
Timestamp: 2025-01-30T13:12:46.319069500
Client Info: Unknown (error retrieving client info)
Log Level: ERROR
Message: Error occurred while handling client: Unknown (error retrieving client info)
Stacktrace:
java.nio.channels.ClosedChannelException
	at java.base/sun.nio.ch.SocketChannelImpl.ensureOpenAndConnected(SocketChannelImpl.java:224)
	at java.base/sun.nio.ch.SocketChannelImpl.implRead(SocketChannelImpl.java:411)
	at java.base/sun.nio.ch.SocketChannelImpl.read(SocketChannelImpl.java:493)
	at bg.sofia.uni.fmi.mjt.uno.server.ClientHandler.readMessageFromClient(ClientHandler.java:54)
	at bg.sofia.uni.fmi.mjt.uno.server.ClientHandler.run(ClientHandler.java:29)
	at java.base/java.lang.Thread.run(Thread.java:1575)
===================================================
Timestamp: 2025-01-30T13:12:46.318068100
Client Info: Username: Unknown, Address: /127.0.0.1:54863
Log Level: ERROR
Message: Error occurred while handling client: Username: Unknown, Address: /127.0.0.1:54863
Stacktrace:
java.net.SocketException: Connection reset
	at java.base/sun.nio.ch.SocketChannelImpl.throwConnectionReset(SocketChannelImpl.java:403)
	at java.base/sun.nio.ch.SocketChannelImpl.implRead(SocketChannelImpl.java:419)
	at java.base/sun.nio.ch.SocketChannelImpl.read(SocketChannelImpl.java:493)
	at bg.sofia.uni.fmi.mjt.uno.server.ClientHandler.readMessageFromClient(ClientHandler.java:54)
	at bg.sofia.uni.fmi.mjt.uno.server.ClientHandler.run(ClientHandler.java:29)
	at java.base/java.lang.Thread.run(Thread.java:1575)
===================================================
Timestamp: 2025-01-30T13:12:46.314070
Client Info: Unknown (error retrieving client info)
Log Level: ERROR
Message: Error occurred while handling client: Unknown (error retrieving client info)
Stacktrace:
java.nio.channels.ClosedChannelException
	at java.base/sun.nio.ch.SocketChannelImpl.ensureOpenAndConnected(SocketChannelImpl.java:224)
	at java.base/sun.nio.ch.SocketChannelImpl.implRead(SocketChannelImpl.java:411)
	at java.base/sun.nio.ch.SocketChannelImpl.read(SocketChannelImpl.java:493)
	at bg.sofia.uni.fmi.mjt.uno.server.ClientHandler.readMessageFromClient(ClientHandler.java:54)
	at bg.sofia.uni.fmi.mjt.uno.server.ClientHandler.run(ClientHandler.java:29)
	at java.base/java.lang.Thread.run(Thread.java:1575)
===================================================
Timestamp: 2025-01-30T13:12:46.319069500
Client Info: Unknown (error retrieving client info)
Log Level: ERROR
Message: Error occurred while handling client: Unknown (error retrieving client info)
Stacktrace:
java.nio.channels.ClosedChannelException
	at java.base/sun.nio.ch.SocketChannelImpl.ensureOpenAndConnected(SocketChannelImpl.java:224)
	at java.base/sun.nio.ch.SocketChannelImpl.implRead(SocketChannelImpl.java:411)
	at java.base/sun.nio.ch.SocketChannelImpl.read(SocketChannelImpl.java:493)
	at bg.sofia.uni.fmi.mjt.uno.server.ClientHandler.readMessageFromClient(ClientHandler.java:54)
	at bg.sofia.uni.fmi.mjt.uno.server.ClientHandler.run(ClientHandler.java:29)
	at java.base/java.lang.Thread.run(Thread.java:1575)
===================================================
Timestamp: 2025-01-30T13:12:46.318068100
Client Info: Username: Unknown, Address: /127.0.0.1:54863
Log Level: ERROR
Message: Error occurred while handling client: Username: Unknown, Address: /127.0.0.1:54863
Stacktrace:
java.net.SocketException: Connection reset
	at java.base/sun.nio.ch.SocketChannelImpl.throwConnectionReset(SocketChannelImpl.java:403)
	at java.base/sun.nio.ch.SocketChannelImpl.implRead(SocketChannelImpl.java:419)
	at java.base/sun.nio.ch.SocketChannelImpl.read(SocketChannelImpl.java:493)
	at bg.sofia.uni.fmi.mjt.uno.server.ClientHandler.readMessageFromClient(ClientHandler.java:54)
	at bg.sofia.uni.fmi.mjt.uno.server.ClientHandler.run(ClientHandler.java:29)
	at java.base/java.lang.Thread.run(Thread.java:1575)
===================================================
Timestamp: 2025-01-30T13:12:46.317068800
Client Info: Username: Unknown, Address: /127.0.0.1:54863
Log Level: ERROR
Message: Error occurred while handling client: Username: Unknown, Address: /127.0.0.1:54863
Stacktrace:
java.net.SocketException: Connection reset
	at java.base/sun.nio.ch.SocketChannelImpl.throwConnectionReset(SocketChannelImpl.java:403)
	at java.base/sun.nio.ch.SocketChannelImpl.implRead(SocketChannelImpl.java:419)
	at java.base/sun.nio.ch.SocketChannelImpl.read(SocketChannelImpl.java:493)
	at bg.sofia.uni.fmi.mjt.uno.server.ClientHandler.readMessageFromClient(ClientHandler.java:54)
	at bg.sofia.uni.fmi.mjt.uno.server.ClientHandler.run(ClientHandler.java:29)
	at java.base/java.lang.Thread.run(Thread.java:1575)
===================================================
Timestamp: 2025-01-30T13:12:46.314070
Client Info: Username: Unknown, Address: /127.0.0.1:54863
Log Level: ERROR
Message: Error occurred while handling client: Username: Unknown, Address: /127.0.0.1:54863
Stacktrace:
java.net.SocketException: Connection reset
	at java.base/sun.nio.ch.SocketChannelImpl.throwConnectionReset(SocketChannelImpl.java:403)
	at java.base/sun.nio.ch.SocketChannelImpl.implRead(SocketChannelImpl.java:419)
	at java.base/sun.nio.ch.SocketChannelImpl.read(SocketChannelImpl.java:493)
	at bg.sofia.uni.fmi.mjt.uno.server.ClientHandler.readMessageFromClient(ClientHandler.java:54)
	at bg.sofia.uni.fmi.mjt.uno.server.ClientHandler.run(ClientHandler.java:29)
	at java.base/java.lang.Thread.run(Thread.java:1575)
===================================================
Timestamp: 2025-01-30T13:12:46.320581500
Client Info: Unknown (error retrieving client info)
Log Level: ERROR
Message: Error occurred while handling client: Unknown (error retrieving client info)
Stacktrace:
java.nio.channels.ClosedChannelException
	at java.base/sun.nio.ch.SocketChannelImpl.ensureOpenAndConnected(SocketChannelImpl.java:224)
	at java.base/sun.nio.ch.SocketChannelImpl.implRead(SocketChannelImpl.java:411)
	at java.base/sun.nio.ch.SocketChannelImpl.read(SocketChannelImpl.java:493)
	at bg.sofia.uni.fmi.mjt.uno.server.ClientHandler.readMessageFromClient(ClientHandler.java:54)
	at bg.sofia.uni.fmi.mjt.uno.server.ClientHandler.run(ClientHandler.java:29)
	at java.base/java.lang.Thread.run(Thread.java:1575)
===================================================
Timestamp: 2025-01-30T13:12:46.319069500
Client Info: Unknown (error retrieving client info)
Log Level: ERROR
Message: Error occurred while handling client: Unknown (error retrieving client info)
Stacktrace:
java.nio.channels.ClosedChannelException
	at java.base/sun.nio.ch.SocketChannelImpl.ensureOpenAndConnected(SocketChannelImpl.java:224)
	at java.base/sun.nio.ch.SocketChannelImpl.implRead(SocketChannelImpl.java:411)
	at java.base/sun.nio.ch.SocketChannelImpl.read(SocketChannelImpl.java:493)
	at bg.sofia.uni.fmi.mjt.uno.server.ClientHandler.readMessageFromClient(ClientHandler.java:54)
	at bg.sofia.uni.fmi.mjt.uno.server.ClientHandler.run(ClientHandler.java:29)
	at java.base/java.lang.Thread.run(Thread.java:1575)
===================================================
Timestamp: 2025-01-30T13:12:46.315068300
Client Info: Unknown (error retrieving client info)
Log Level: ERROR
Message: Error occurred while handling client: Unknown (error retrieving client info)
Stacktrace:
java.nio.channels.ClosedChannelException
	at java.base/sun.nio.ch.SocketChannelImpl.ensureOpenAndConnected(SocketChannelImpl.java:224)
	at java.base/sun.nio.ch.SocketChannelImpl.implRead(SocketChannelImpl.java:411)
	at java.base/sun.nio.ch.SocketChannelImpl.read(SocketChannelImpl.java:493)
	at bg.sofia.uni.fmi.mjt.uno.server.ClientHandler.readMessageFromClient(ClientHandler.java:54)
	at bg.sofia.uni.fmi.mjt.uno.server.ClientHandler.run(ClientHandler.java:29)
	at java.base/java.lang.Thread.run(Thread.java:1575)
===================================================
Timestamp: 2025-01-30T13:12:46.314070
Client Info: Unknown (error retrieving client info)
Log Level: ERROR
Message: Error occurred while handling client: Unknown (error retrieving client info)
Stacktrace:
java.nio.channels.ClosedChannelException
	at java.base/sun.nio.ch.SocketChannelImpl.ensureOpenAndConnected(SocketChannelImpl.java:224)
	at java.base/sun.nio.ch.SocketChannelImpl.implRead(SocketChannelImpl.java:411)
	at java.base/sun.nio.ch.SocketChannelImpl.read(SocketChannelImpl.java:493)
	at bg.sofia.uni.fmi.mjt.uno.server.ClientHandler.readMessageFromClient(ClientHandler.java:54)
	at bg.sofia.uni.fmi.mjt.uno.server.ClientHandler.run(ClientHandler.java:29)
	at java.base/java.lang.Thread.run(Thread.java:1575)
===================================================
Timestamp: 2025-01-30T13:12:46.316067200
Client Info: Unknown (error retrieving client info)
Log Level: ERROR
Message: Error occurred while handling client: Unknown (error retrieving client info)
Stacktrace:
java.nio.channels.ClosedChannelException
	at java.base/sun.nio.ch.SocketChannelImpl.ensureOpenAndConnected(SocketChannelImpl.java:224)
	at java.base/sun.nio.ch.SocketChannelImpl.implRead(SocketChannelImpl.java:411)
	at java.base/sun.nio.ch.SocketChannelImpl.read(SocketChannelImpl.java:493)
	at bg.sofia.uni.fmi.mjt.uno.server.ClientHandler.readMessageFromClient(ClientHandler.java:54)
	at bg.sofia.uni.fmi.mjt.uno.server.ClientHandler.run(ClientHandler.java:29)
	at java.base/java.lang.Thread.run(Thread.java:1575)
===================================================
Timestamp: 2025-01-30T13:12:46.314070
Client Info: Unknown (error retrieving client info)
Log Level: ERROR
Message: Error occurred while handling client: Unknown (error retrieving client info)
Stacktrace:
java.nio.channels.ClosedChannelException
	at java.base/sun.nio.ch.SocketChannelImpl.ensureOpenAndConnected(SocketChannelImpl.java:224)
	at java.base/sun.nio.ch.SocketChannelImpl.implRead(SocketChannelImpl.java:411)
	at java.base/sun.nio.ch.SocketChannelImpl.read(SocketChannelImpl.java:493)
	at bg.sofia.uni.fmi.mjt.uno.server.ClientHandler.readMessageFromClient(ClientHandler.java:54)
	at bg.sofia.uni.fmi.mjt.uno.server.ClientHandler.run(ClientHandler.java:29)
	at java.base/java.lang.Thread.run(Thread.java:1575)
===================================================
Timestamp: 2025-01-30T13:12:46.313068300
Client Info: Unknown (error retrieving client info)
Log Level: ERROR
Message: Error occurred while handling client: Unknown (error retrieving client info)
Stacktrace:
java.nio.channels.ClosedChannelException
	at java.base/sun.nio.ch.SocketChannelImpl.ensureOpenAndConnected(SocketChannelImpl.java:224)
	at java.base/sun.nio.ch.SocketChannelImpl.implRead(SocketChannelImpl.java:411)
	at java.base/sun.nio.ch.SocketChannelImpl.read(SocketChannelImpl.java:493)
	at bg.sofia.uni.fmi.mjt.uno.server.ClientHandler.readMessageFromClient(ClientHandler.java:54)
	at bg.sofia.uni.fmi.mjt.uno.server.ClientHandler.run(ClientHandler.java:29)
	at java.base/java.lang.Thread.run(Thread.java:1575)
===================================================
Timestamp: 2025-01-30T13:12:46.315068300
Client Info: Unknown (error retrieving client info)
Log Level: ERROR
Message: Error occurred while handling client: Unknown (error retrieving client info)
Stacktrace:
java.nio.channels.ClosedChannelException
	at java.base/sun.nio.ch.SocketChannelImpl.ensureOpenAndConnected(SocketChannelImpl.java:224)
	at java.base/sun.nio.ch.SocketChannelImpl.implRead(SocketChannelImpl.java:411)
	at java.base/sun.nio.ch.SocketChannelImpl.read(SocketChannelImpl.java:493)
	at bg.sofia.uni.fmi.mjt.uno.server.ClientHandler.readMessageFromClient(ClientHandler.java:54)
	at bg.sofia.uni.fmi.mjt.uno.server.ClientHandler.run(ClientHandler.java:29)
	at java.base/java.lang.Thread.run(Thread.java:1575)
===================================================
Timestamp: 2025-01-30T13:12:46.314070
Client Info: Unknown (error retrieving client info)
Log Level: ERROR
Message: Error occurred while handling client: Unknown (error retrieving client info)
Stacktrace:
java.nio.channels.ClosedChannelException
	at java.base/sun.nio.ch.SocketChannelImpl.ensureOpenAndConnected(SocketChannelImpl.java:224)
	at java.base/sun.nio.ch.SocketChannelImpl.implRead(SocketChannelImpl.java:411)
	at java.base/sun.nio.ch.SocketChannelImpl.read(SocketChannelImpl.java:493)
	at bg.sofia.uni.fmi.mjt.uno.server.ClientHandler.readMessageFromClient(ClientHandler.java:54)
	at bg.sofia.uni.fmi.mjt.uno.server.ClientHandler.run(ClientHandler.java:29)
	at java.base/java.lang.Thread.run(Thread.java:1575)
===================================================
Timestamp: 2025-01-30T13:12:46.315068300
Client Info: Unknown (error retrieving client info)
Log Level: ERROR
Message: Error occurred while handling client: Unknown (error retrieving client info)
Stacktrace:
java.nio.channels.ClosedChannelException
	at java.base/sun.nio.ch.SocketChannelImpl.ensureOpenAndConnected(SocketChannelImpl.java:224)
	at java.base/sun.nio.ch.SocketChannelImpl.implRead(SocketChannelImpl.java:411)
	at java.base/sun.nio.ch.SocketChannelImpl.read(SocketChannelImpl.java:493)
	at bg.sofia.uni.fmi.mjt.uno.server.ClientHandler.readMessageFromClient(ClientHandler.java:54)
	at bg.sofia.uni.fmi.mjt.uno.server.ClientHandler.run(ClientHandler.java:29)
	at java.base/java.lang.Thread.run(Thread.java:1575)
===================================================
Timestamp: 2025-01-30T13:12:46.314070
Client Info: Unknown (error retrieving client info)
Log Level: ERROR
Message: Error occurred while handling client: Unknown (error retrieving client info)
Stacktrace:
java.nio.channels.ClosedChannelException
	at java.base/sun.nio.ch.SocketChannelImpl.ensureOpenAndConnected(SocketChannelImpl.java:224)
	at java.base/sun.nio.ch.SocketChannelImpl.implRead(SocketChannelImpl.java:411)
	at java.base/sun.nio.ch.SocketChannelImpl.read(SocketChannelImpl.java:493)
	at bg.sofia.uni.fmi.mjt.uno.server.ClientHandler.readMessageFromClient(ClientHandler.java:54)
	at bg.sofia.uni.fmi.mjt.uno.server.ClientHandler.run(ClientHandler.java:29)
	at java.base/java.lang.Thread.run(Thread.java:1575)
===================================================
Timestamp: 2025-01-30T13:12:46.320581500
Client Info: Unknown (error retrieving client info)
Log Level: ERROR
Message: Error occurred while handling client: Unknown (error retrieving client info)
Stacktrace:
java.nio.channels.ClosedChannelException
	at java.base/sun.nio.ch.SocketChannelImpl.ensureOpenAndConnected(SocketChannelImpl.java:224)
	at java.base/sun.nio.ch.SocketChannelImpl.implRead(SocketChannelImpl.java:411)
	at java.base/sun.nio.ch.SocketChannelImpl.read(SocketChannelImpl.java:493)
	at bg.sofia.uni.fmi.mjt.uno.server.ClientHandler.readMessageFromClient(ClientHandler.java:54)
	at bg.sofia.uni.fmi.mjt.uno.server.ClientHandler.run(ClientHandler.java:29)
	at java.base/java.lang.Thread.run(Thread.java:1575)
===================================================
Timestamp: 2025-01-30T13:12:46.319069500
Client Info: Unknown (error retrieving client info)
Log Level: ERROR
Message: Error occurred while handling client: Unknown (error retrieving client info)
Stacktrace:
java.nio.channels.ClosedChannelException
	at java.base/sun.nio.ch.SocketChannelImpl.ensureOpenAndConnected(SocketChannelImpl.java:224)
	at java.base/sun.nio.ch.SocketChannelImpl.implRead(SocketChannelImpl.java:411)
	at java.base/sun.nio.ch.SocketChannelImpl.read(SocketChannelImpl.java:493)
	at bg.sofia.uni.fmi.mjt.uno.server.ClientHandler.readMessageFromClient(ClientHandler.java:54)
	at bg.sofia.uni.fmi.mjt.uno.server.ClientHandler.run(ClientHandler.java:29)
	at java.base/java.lang.Thread.run(Thread.java:1575)
===================================================
Timestamp: 2025-01-30T13:12:46.323098700
Client Info: Unknown (error retrieving client info)
Log Level: ERROR
Message: Error occurred while handling client: Unknown (error retrieving client info)
Stacktrace:
java.nio.channels.ClosedChannelException
	at java.base/sun.nio.ch.SocketChannelImpl.ensureOpenAndConnected(SocketChannelImpl.java:224)
	at java.base/sun.nio.ch.SocketChannelImpl.implRead(SocketChannelImpl.java:411)
	at java.base/sun.nio.ch.SocketChannelImpl.read(SocketChannelImpl.java:493)
	at bg.sofia.uni.fmi.mjt.uno.server.ClientHandler.readMessageFromClient(ClientHandler.java:54)
	at bg.sofia.uni.fmi.mjt.uno.server.ClientHandler.run(ClientHandler.java:29)
	at java.base/java.lang.Thread.run(Thread.java:1575)
===================================================
Timestamp: 2025-01-30T13:12:46.323098700
Client Info: Unknown (error retrieving client info)
Log Level: ERROR
Message: Error occurred while handling client: Unknown (error retrieving client info)
Stacktrace:
java.nio.channels.ClosedChannelException
	at java.base/sun.nio.ch.SocketChannelImpl.ensureOpenAndConnected(SocketChannelImpl.java:224)
	at java.base/sun.nio.ch.SocketChannelImpl.implRead(SocketChannelImpl.java:411)
	at java.base/sun.nio.ch.SocketChannelImpl.read(SocketChannelImpl.java:493)
	at bg.sofia.uni.fmi.mjt.uno.server.ClientHandler.readMessageFromClient(ClientHandler.java:54)
	at bg.sofia.uni.fmi.mjt.uno.server.ClientHandler.run(ClientHandler.java:29)
	at java.base/java.lang.Thread.run(Thread.java:1575)
===================================================
Timestamp: 2025-01-30T13:12:46.323098700
Client Info: Unknown (error retrieving client info)
Log Level: ERROR
Message: Error occurred while handling client: Unknown (error retrieving client info)
Stacktrace:
java.nio.channels.ClosedChannelException
	at java.base/sun.nio.ch.SocketChannelImpl.ensureOpenAndConnected(SocketChannelImpl.java:224)
	at java.base/sun.nio.ch.SocketChannelImpl.implRead(SocketChannelImpl.java:411)
	at java.base/sun.nio.ch.SocketChannelImpl.read(SocketChannelImpl.java:493)
	at bg.sofia.uni.fmi.mjt.uno.server.ClientHandler.readMessageFromClient(ClientHandler.java:54)
	at bg.sofia.uni.fmi.mjt.uno.server.ClientHandler.run(ClientHandler.java:29)
	at java.base/java.lang.Thread.run(Thread.java:1575)
===================================================
Timestamp: 2025-01-30T13:12:46.324110100
Client Info: Unknown (error retrieving client info)
Log Level: ERROR
Message: Error occurred while handling client: Unknown (error retrieving client info)
Stacktrace:
java.nio.channels.ClosedChannelException
	at java.base/sun.nio.ch.SocketChannelImpl.ensureOpenAndConnected(SocketChannelImpl.java:224)
	at java.base/sun.nio.ch.SocketChannelImpl.implRead(SocketChannelImpl.java:411)
	at java.base/sun.nio.ch.SocketChannelImpl.read(SocketChannelImpl.java:493)
	at bg.sofia.uni.fmi.mjt.uno.server.ClientHandler.readMessageFromClient(ClientHandler.java:54)
	at bg.sofia.uni.fmi.mjt.uno.server.ClientHandler.run(ClientHandler.java:29)
	at java.base/java.lang.Thread.run(Thread.java:1575)
===================================================
Timestamp: 2025-01-30T13:12:46.324110100
Client Info: Unknown (error retrieving client info)
Log Level: ERROR
Message: Error occurred while handling client: Unknown (error retrieving client info)
Stacktrace:
java.nio.channels.ClosedChannelException
	at java.base/sun.nio.ch.SocketChannelImpl.ensureOpenAndConnected(SocketChannelImpl.java:224)
	at java.base/sun.nio.ch.SocketChannelImpl.implRead(SocketChannelImpl.java:411)
	at java.base/sun.nio.ch.SocketChannelImpl.read(SocketChannelImpl.java:493)
	at bg.sofia.uni.fmi.mjt.uno.server.ClientHandler.readMessageFromClient(ClientHandler.java:54)
	at bg.sofia.uni.fmi.mjt.uno.server.ClientHandler.run(ClientHandler.java:29)
	at java.base/java.lang.Thread.run(Thread.java:1575)
===================================================
Timestamp: 2025-01-30T13:12:46.325107800
Client Info: Unknown (error retrieving client info)
Log Level: ERROR
Message: Error occurred while handling client: Unknown (error retrieving client info)
Stacktrace:
java.nio.channels.ClosedChannelException
	at java.base/sun.nio.ch.SocketChannelImpl.ensureOpenAndConnected(SocketChannelImpl.java:224)
	at java.base/sun.nio.ch.SocketChannelImpl.implRead(SocketChannelImpl.java:411)
	at java.base/sun.nio.ch.SocketChannelImpl.read(SocketChannelImpl.java:493)
	at bg.sofia.uni.fmi.mjt.uno.server.ClientHandler.readMessageFromClient(ClientHandler.java:54)
	at bg.sofia.uni.fmi.mjt.uno.server.ClientHandler.run(ClientHandler.java:29)
	at java.base/java.lang.Thread.run(Thread.java:1575)
===================================================
Timestamp: 2025-01-30T13:12:46.325107800
Client Info: Unknown (error retrieving client info)
Log Level: ERROR
Message: Error occurred while handling client: Unknown (error retrieving client info)
Stacktrace:
java.nio.channels.ClosedChannelException
	at java.base/sun.nio.ch.SocketChannelImpl.ensureOpenAndConnected(SocketChannelImpl.java:224)
	at java.base/sun.nio.ch.SocketChannelImpl.implRead(SocketChannelImpl.java:411)
	at java.base/sun.nio.ch.SocketChannelImpl.read(SocketChannelImpl.java:493)
	at bg.sofia.uni.fmi.mjt.uno.server.ClientHandler.readMessageFromClient(ClientHandler.java:54)
	at bg.sofia.uni.fmi.mjt.uno.server.ClientHandler.run(ClientHandler.java:29)
	at java.base/java.lang.Thread.run(Thread.java:1575)
===================================================
Timestamp: 2025-01-30T13:12:46.327110100
Client Info: Unknown (error retrieving client info)
Log Level: ERROR
Message: Error occurred while handling client: Unknown (error retrieving client info)
Stacktrace:
java.nio.channels.ClosedChannelException
	at java.base/sun.nio.ch.SocketChannelImpl.ensureOpenAndConnected(SocketChannelImpl.java:224)
	at java.base/sun.nio.ch.SocketChannelImpl.implRead(SocketChannelImpl.java:411)
	at java.base/sun.nio.ch.SocketChannelImpl.read(SocketChannelImpl.java:493)
	at bg.sofia.uni.fmi.mjt.uno.server.ClientHandler.readMessageFromClient(ClientHandler.java:54)
	at bg.sofia.uni.fmi.mjt.uno.server.ClientHandler.run(ClientHandler.java:29)
	at java.base/java.lang.Thread.run(Thread.java:1575)
===================================================
Timestamp: 2025-01-30T13:12:46.327110100
Client Info: Unknown (error retrieving client info)
Log Level: ERROR
Message: Error occurred while handling client: Unknown (error retrieving client info)
Stacktrace:
java.nio.channels.ClosedChannelException
	at java.base/sun.nio.ch.SocketChannelImpl.ensureOpenAndConnected(SocketChannelImpl.java:224)
	at java.base/sun.nio.ch.SocketChannelImpl.implRead(SocketChannelImpl.java:411)
	at java.base/sun.nio.ch.SocketChannelImpl.read(SocketChannelImpl.java:493)
	at bg.sofia.uni.fmi.mjt.uno.server.ClientHandler.readMessageFromClient(ClientHandler.java:54)
	at bg.sofia.uni.fmi.mjt.uno.server.ClientHandler.run(ClientHandler.java:29)
	at java.base/java.lang.Thread.run(Thread.java:1575)
===================================================
Timestamp: 2025-01-30T13:12:46.328110100
Client Info: Unknown (error retrieving client info)
Log Level: ERROR
Message: Error occurred while handling client: Unknown (error retrieving client info)
Stacktrace:
java.nio.channels.ClosedChannelException
	at java.base/sun.nio.ch.SocketChannelImpl.ensureOpenAndConnected(SocketChannelImpl.java:224)
	at java.base/sun.nio.ch.SocketChannelImpl.implRead(SocketChannelImpl.java:411)
	at java.base/sun.nio.ch.SocketChannelImpl.read(SocketChannelImpl.java:493)
	at bg.sofia.uni.fmi.mjt.uno.server.ClientHandler.readMessageFromClient(ClientHandler.java:54)
	at bg.sofia.uni.fmi.mjt.uno.server.ClientHandler.run(ClientHandler.java:29)
	at java.base/java.lang.Thread.run(Thread.java:1575)
===================================================
Timestamp: 2025-01-30T13:12:46.328110100
Client Info: Unknown (error retrieving client info)
Log Level: ERROR
Message: Error occurred while handling client: Unknown (error retrieving client info)
Stacktrace:
java.nio.channels.ClosedChannelException
	at java.base/sun.nio.ch.SocketChannelImpl.ensureOpenAndConnected(SocketChannelImpl.java:224)
	at java.base/sun.nio.ch.SocketChannelImpl.implRead(SocketChannelImpl.java:411)
	at java.base/sun.nio.ch.SocketChannelImpl.read(SocketChannelImpl.java:493)
	at bg.sofia.uni.fmi.mjt.uno.server.ClientHandler.readMessageFromClient(ClientHandler.java:54)
	at bg.sofia.uni.fmi.mjt.uno.server.ClientHandler.run(ClientHandler.java:29)
	at java.base/java.lang.Thread.run(Thread.java:1575)
===================================================
Timestamp: 2025-01-30T13:12:46.328110100
Client Info: Unknown (error retrieving client info)
Log Level: ERROR
Message: Error occurred while handling client: Unknown (error retrieving client info)
Stacktrace:
java.nio.channels.ClosedChannelException
	at java.base/sun.nio.ch.SocketChannelImpl.ensureOpenAndConnected(SocketChannelImpl.java:224)
	at java.base/sun.nio.ch.SocketChannelImpl.implRead(SocketChannelImpl.java:411)
	at java.base/sun.nio.ch.SocketChannelImpl.read(SocketChannelImpl.java:493)
	at bg.sofia.uni.fmi.mjt.uno.server.ClientHandler.readMessageFromClient(ClientHandler.java:54)
	at bg.sofia.uni.fmi.mjt.uno.server.ClientHandler.run(ClientHandler.java:29)
	at java.base/java.lang.Thread.run(Thread.java:1575)
===================================================
Timestamp: 2025-01-30T13:12:46.328110100
Client Info: Unknown (error retrieving client info)
Log Level: ERROR
Message: Error occurred while handling client: Unknown (error retrieving client info)
Stacktrace:
java.nio.channels.ClosedChannelException
	at java.base/sun.nio.ch.SocketChannelImpl.ensureOpenAndConnected(SocketChannelImpl.java:224)
	at java.base/sun.nio.ch.SocketChannelImpl.implRead(SocketChannelImpl.java:411)
	at java.base/sun.nio.ch.SocketChannelImpl.read(SocketChannelImpl.java:493)
	at bg.sofia.uni.fmi.mjt.uno.server.ClientHandler.readMessageFromClient(ClientHandler.java:54)
	at bg.sofia.uni.fmi.mjt.uno.server.ClientHandler.run(ClientHandler.java:29)
	at java.base/java.lang.Thread.run(Thread.java:1575)
===================================================
Timestamp: 2025-01-30T13:12:46.329110400
Client Info: Unknown (error retrieving client info)
Log Level: ERROR
Message: Error occurred while handling client: Unknown (error retrieving client info)
Stacktrace:
java.nio.channels.ClosedChannelException
	at java.base/sun.nio.ch.SocketChannelImpl.ensureOpenAndConnected(SocketChannelImpl.java:224)
	at java.base/sun.nio.ch.SocketChannelImpl.implRead(SocketChannelImpl.java:411)
	at java.base/sun.nio.ch.SocketChannelImpl.read(SocketChannelImpl.java:493)
	at bg.sofia.uni.fmi.mjt.uno.server.ClientHandler.readMessageFromClient(ClientHandler.java:54)
	at bg.sofia.uni.fmi.mjt.uno.server.ClientHandler.run(ClientHandler.java:29)
	at java.base/java.lang.Thread.run(Thread.java:1575)
===================================================
Timestamp: 2025-01-30T13:12:46.329110400
Client Info: Unknown (error retrieving client info)
Log Level: ERROR
Message: Error occurred while handling client: Unknown (error retrieving client info)
Stacktrace:
java.nio.channels.ClosedChannelException
	at java.base/sun.nio.ch.SocketChannelImpl.ensureOpenAndConnected(SocketChannelImpl.java:224)
	at java.base/sun.nio.ch.SocketChannelImpl.implRead(SocketChannelImpl.java:411)
	at java.base/sun.nio.ch.SocketChannelImpl.read(SocketChannelImpl.java:493)
	at bg.sofia.uni.fmi.mjt.uno.server.ClientHandler.readMessageFromClient(ClientHandler.java:54)
	at bg.sofia.uni.fmi.mjt.uno.server.ClientHandler.run(ClientHandler.java:29)
	at java.base/java.lang.Thread.run(Thread.java:1575)
===================================================
Timestamp: 2025-01-30T13:12:46.329110400
Client Info: Unknown (error retrieving client info)
Log Level: ERROR
Message: Error occurred while handling client: Unknown (error retrieving client info)
Stacktrace:
java.nio.channels.ClosedChannelException
	at java.base/sun.nio.ch.SocketChannelImpl.ensureOpenAndConnected(SocketChannelImpl.java:224)
	at java.base/sun.nio.ch.SocketChannelImpl.implRead(SocketChannelImpl.java:411)
	at java.base/sun.nio.ch.SocketChannelImpl.read(SocketChannelImpl.java:493)
	at bg.sofia.uni.fmi.mjt.uno.server.ClientHandler.readMessageFromClient(ClientHandler.java:54)
	at bg.sofia.uni.fmi.mjt.uno.server.ClientHandler.run(ClientHandler.java:29)
	at java.base/java.lang.Thread.run(Thread.java:1575)
===================================================
Timestamp: 2025-01-30T13:12:46.330107100
Client Info: Unknown (error retrieving client info)
Log Level: ERROR
Message: Error occurred while handling client: Unknown (error retrieving client info)
Stacktrace:
java.nio.channels.ClosedChannelException
	at java.base/sun.nio.ch.SocketChannelImpl.ensureOpenAndConnected(SocketChannelImpl.java:224)
	at java.base/sun.nio.ch.SocketChannelImpl.implRead(SocketChannelImpl.java:411)
	at java.base/sun.nio.ch.SocketChannelImpl.read(SocketChannelImpl.java:493)
	at bg.sofia.uni.fmi.mjt.uno.server.ClientHandler.readMessageFromClient(ClientHandler.java:54)
	at bg.sofia.uni.fmi.mjt.uno.server.ClientHandler.run(ClientHandler.java:29)
	at java.base/java.lang.Thread.run(Thread.java:1575)
===================================================
Timestamp: 2025-01-30T13:12:46.330107100
Client Info: Unknown (error retrieving client info)
Log Level: ERROR
Message: Error occurred while handling client: Unknown (error retrieving client info)
Stacktrace:
java.nio.channels.ClosedChannelException
	at java.base/sun.nio.ch.SocketChannelImpl.ensureOpenAndConnected(SocketChannelImpl.java:224)
	at java.base/sun.nio.ch.SocketChannelImpl.implRead(SocketChannelImpl.java:411)
	at java.base/sun.nio.ch.SocketChannelImpl.read(SocketChannelImpl.java:493)
	at bg.sofia.uni.fmi.mjt.uno.server.ClientHandler.readMessageFromClient(ClientHandler.java:54)
	at bg.sofia.uni.fmi.mjt.uno.server.ClientHandler.run(ClientHandler.java:29)
	at java.base/java.lang.Thread.run(Thread.java:1575)
===================================================
Timestamp: 2025-01-30T13:12:46.330107100
Client Info: Unknown (error retrieving client info)
Log Level: ERROR
Message: Error occurred while handling client: Unknown (error retrieving client info)
Stacktrace:
java.nio.channels.ClosedChannelException
	at java.base/sun.nio.ch.SocketChannelImpl.ensureOpenAndConnected(SocketChannelImpl.java:224)
	at java.base/sun.nio.ch.SocketChannelImpl.implRead(SocketChannelImpl.java:411)
	at java.base/sun.nio.ch.SocketChannelImpl.read(SocketChannelImpl.java:493)
	at bg.sofia.uni.fmi.mjt.uno.server.ClientHandler.readMessageFromClient(ClientHandler.java:54)
	at bg.sofia.uni.fmi.mjt.uno.server.ClientHandler.run(ClientHandler.java:29)
	at java.base/java.lang.Thread.run(Thread.java:1575)
===================================================
Timestamp: 2025-01-30T13:12:46.332109700
Client Info: Unknown (error retrieving client info)
Log Level: ERROR
Message: Error occurred while handling client: Unknown (error retrieving client info)
Stacktrace:
java.nio.channels.ClosedChannelException
	at java.base/sun.nio.ch.SocketChannelImpl.ensureOpenAndConnected(SocketChannelImpl.java:224)
	at java.base/sun.nio.ch.SocketChannelImpl.implRead(SocketChannelImpl.java:411)
	at java.base/sun.nio.ch.SocketChannelImpl.read(SocketChannelImpl.java:493)
	at bg.sofia.uni.fmi.mjt.uno.server.ClientHandler.readMessageFromClient(ClientHandler.java:54)
	at bg.sofia.uni.fmi.mjt.uno.server.ClientHandler.run(ClientHandler.java:29)
	at java.base/java.lang.Thread.run(Thread.java:1575)
===================================================
Timestamp: 2025-01-30T13:12:46.333618100
Client Info: Unknown (error retrieving client info)
Log Level: ERROR
Message: Error occurred while handling client: Unknown (error retrieving client info)
Stacktrace:
java.nio.channels.ClosedChannelException
	at java.base/sun.nio.ch.SocketChannelImpl.ensureOpenAndConnected(SocketChannelImpl.java:224)
	at java.base/sun.nio.ch.SocketChannelImpl.implRead(SocketChannelImpl.java:411)
	at java.base/sun.nio.ch.SocketChannelImpl.read(SocketChannelImpl.java:493)
	at bg.sofia.uni.fmi.mjt.uno.server.ClientHandler.readMessageFromClient(ClientHandler.java:54)
	at bg.sofia.uni.fmi.mjt.uno.server.ClientHandler.run(ClientHandler.java:29)
	at java.base/java.lang.Thread.run(Thread.java:1575)
===================================================
Timestamp: 2025-01-30T13:12:46.333618100
Client Info: Unknown (error retrieving client info)
Log Level: ERROR
Message: Error occurred while handling client: Unknown (error retrieving client info)
Stacktrace:
java.nio.channels.ClosedChannelException
	at java.base/sun.nio.ch.SocketChannelImpl.ensureOpenAndConnected(SocketChannelImpl.java:224)
	at java.base/sun.nio.ch.SocketChannelImpl.implRead(SocketChannelImpl.java:411)
	at java.base/sun.nio.ch.SocketChannelImpl.read(SocketChannelImpl.java:493)
	at bg.sofia.uni.fmi.mjt.uno.server.ClientHandler.readMessageFromClient(ClientHandler.java:54)
	at bg.sofia.uni.fmi.mjt.uno.server.ClientHandler.run(ClientHandler.java:29)
	at java.base/java.lang.Thread.run(Thread.java:1575)
===================================================
Timestamp: 2025-01-30T13:12:46.333618100
Client Info: Unknown (error retrieving client info)
Log Level: ERROR
Message: Error occurred while handling client: Unknown (error retrieving client info)
Stacktrace:
java.nio.channels.ClosedChannelException
	at java.base/sun.nio.ch.SocketChannelImpl.ensureOpenAndConnected(SocketChannelImpl.java:224)
	at java.base/sun.nio.ch.SocketChannelImpl.implRead(SocketChannelImpl.java:411)
	at java.base/sun.nio.ch.SocketChannelImpl.read(SocketChannelImpl.java:493)
	at bg.sofia.uni.fmi.mjt.uno.server.ClientHandler.readMessageFromClient(ClientHandler.java:54)
	at bg.sofia.uni.fmi.mjt.uno.server.ClientHandler.run(ClientHandler.java:29)
	at java.base/java.lang.Thread.run(Thread.java:1575)
===================================================
Timestamp: 2025-01-30T13:12:46.334631300
Client Info: Unknown (error retrieving client info)
Log Level: ERROR
Message: Error occurred while handling client: Unknown (error retrieving client info)
Stacktrace:
java.nio.channels.ClosedChannelException
	at java.base/sun.nio.ch.SocketChannelImpl.ensureOpenAndConnected(SocketChannelImpl.java:224)
	at java.base/sun.nio.ch.SocketChannelImpl.implRead(SocketChannelImpl.java:411)
	at java.base/sun.nio.ch.SocketChannelImpl.read(SocketChannelImpl.java:493)
	at bg.sofia.uni.fmi.mjt.uno.server.ClientHandler.readMessageFromClient(ClientHandler.java:54)
	at bg.sofia.uni.fmi.mjt.uno.server.ClientHandler.run(ClientHandler.java:29)
	at java.base/java.lang.Thread.run(Thread.java:1575)
===================================================
Timestamp: 2025-01-30T13:12:46.336630
Client Info: Unknown (error retrieving client info)
Log Level: ERROR
Message: Error occurred while handling client: Unknown (error retrieving client info)
Stacktrace:
java.nio.channels.ClosedChannelException
	at java.base/sun.nio.ch.SocketChannelImpl.ensureOpenAndConnected(SocketChannelImpl.java:224)
	at java.base/sun.nio.ch.SocketChannelImpl.implRead(SocketChannelImpl.java:411)
	at java.base/sun.nio.ch.SocketChannelImpl.read(SocketChannelImpl.java:493)
	at bg.sofia.uni.fmi.mjt.uno.server.ClientHandler.readMessageFromClient(ClientHandler.java:54)
	at bg.sofia.uni.fmi.mjt.uno.server.ClientHandler.run(ClientHandler.java:29)
	at java.base/java.lang.Thread.run(Thread.java:1575)
===================================================
Timestamp: 2025-01-30T13:12:46.337631500
Client Info: Unknown (error retrieving client info)
Log Level: ERROR
Message: Error occurred while handling client: Unknown (error retrieving client info)
Stacktrace:
java.nio.channels.ClosedChannelException
	at java.base/sun.nio.ch.SocketChannelImpl.ensureOpenAndConnected(SocketChannelImpl.java:224)
	at java.base/sun.nio.ch.SocketChannelImpl.implRead(SocketChannelImpl.java:411)
	at java.base/sun.nio.ch.SocketChannelImpl.read(SocketChannelImpl.java:493)
	at bg.sofia.uni.fmi.mjt.uno.server.ClientHandler.readMessageFromClient(ClientHandler.java:54)
	at bg.sofia.uni.fmi.mjt.uno.server.ClientHandler.run(ClientHandler.java:29)
	at java.base/java.lang.Thread.run(Thread.java:1575)
===================================================
Timestamp: 2025-01-30T13:12:46.337631500
Client Info: Unknown (error retrieving client info)
Log Level: ERROR
Message: Error occurred while handling client: Unknown (error retrieving client info)
Stacktrace:
java.nio.channels.ClosedChannelException
	at java.base/sun.nio.ch.SocketChannelImpl.ensureOpenAndConnected(SocketChannelImpl.java:224)
	at java.base/sun.nio.ch.SocketChannelImpl.implRead(SocketChannelImpl.java:411)
	at java.base/sun.nio.ch.SocketChannelImpl.read(SocketChannelImpl.java:493)
	at bg.sofia.uni.fmi.mjt.uno.server.ClientHandler.readMessageFromClient(ClientHandler.java:54)
	at bg.sofia.uni.fmi.mjt.uno.server.ClientHandler.run(ClientHandler.java:29)
	at java.base/java.lang.Thread.run(Thread.java:1575)
===================================================
Timestamp: 2025-01-30T13:12:46.337631500
Client Info: Unknown (error retrieving client info)
Log Level: ERROR
Message: Error occurred while handling client: Unknown (error retrieving client info)
Stacktrace:
java.nio.channels.ClosedChannelException
	at java.base/sun.nio.ch.SocketChannelImpl.ensureOpenAndConnected(SocketChannelImpl.java:224)
	at java.base/sun.nio.ch.SocketChannelImpl.implRead(SocketChannelImpl.java:411)
	at java.base/sun.nio.ch.SocketChannelImpl.read(SocketChannelImpl.java:493)
	at bg.sofia.uni.fmi.mjt.uno.server.ClientHandler.readMessageFromClient(ClientHandler.java:54)
	at bg.sofia.uni.fmi.mjt.uno.server.ClientHandler.run(ClientHandler.java:29)
	at java.base/java.lang.Thread.run(Thread.java:1575)
===================================================
Timestamp: 2025-01-30T13:12:46.337631500
Client Info: Unknown (error retrieving client info)
Log Level: ERROR
Message: Error occurred while handling client: Unknown (error retrieving client info)
Stacktrace:
java.nio.channels.ClosedChannelException
	at java.base/sun.nio.ch.SocketChannelImpl.ensureOpenAndConnected(SocketChannelImpl.java:224)
	at java.base/sun.nio.ch.SocketChannelImpl.implRead(SocketChannelImpl.java:411)
	at java.base/sun.nio.ch.SocketChannelImpl.read(SocketChannelImpl.java:493)
	at bg.sofia.uni.fmi.mjt.uno.server.ClientHandler.readMessageFromClient(ClientHandler.java:54)
	at bg.sofia.uni.fmi.mjt.uno.server.ClientHandler.run(ClientHandler.java:29)
	at java.base/java.lang.Thread.run(Thread.java:1575)
===================================================
Timestamp: 2025-01-30T13:12:46.339629600
Client Info: Unknown (error retrieving client info)
Log Level: ERROR
Message: Error occurred while handling client: Unknown (error retrieving client info)
Stacktrace:
java.nio.channels.ClosedChannelException
	at java.base/sun.nio.ch.SocketChannelImpl.ensureOpenAndConnected(SocketChannelImpl.java:224)
	at java.base/sun.nio.ch.SocketChannelImpl.implRead(SocketChannelImpl.java:411)
	at java.base/sun.nio.ch.SocketChannelImpl.read(SocketChannelImpl.java:493)
	at bg.sofia.uni.fmi.mjt.uno.server.ClientHandler.readMessageFromClient(ClientHandler.java:54)
	at bg.sofia.uni.fmi.mjt.uno.server.ClientHandler.run(ClientHandler.java:29)
	at java.base/java.lang.Thread.run(Thread.java:1575)
===================================================
Timestamp: 2025-01-30T13:12:46.340630100
Client Info: Unknown (error retrieving client info)
Log Level: ERROR
Message: Error occurred while handling client: Unknown (error retrieving client info)
Stacktrace:
java.nio.channels.ClosedChannelException
	at java.base/sun.nio.ch.SocketChannelImpl.ensureOpenAndConnected(SocketChannelImpl.java:224)
	at java.base/sun.nio.ch.SocketChannelImpl.implRead(SocketChannelImpl.java:411)
	at java.base/sun.nio.ch.SocketChannelImpl.read(SocketChannelImpl.java:493)
	at bg.sofia.uni.fmi.mjt.uno.server.ClientHandler.readMessageFromClient(ClientHandler.java:54)
	at bg.sofia.uni.fmi.mjt.uno.server.ClientHandler.run(ClientHandler.java:29)
	at java.base/java.lang.Thread.run(Thread.java:1575)
===================================================
Timestamp: 2025-01-30T13:12:46.340630100
Client Info: Unknown (error retrieving client info)
Log Level: ERROR
Message: Error occurred while handling client: Unknown (error retrieving client info)
Stacktrace:
java.nio.channels.ClosedChannelException
	at java.base/sun.nio.ch.SocketChannelImpl.ensureOpenAndConnected(SocketChannelImpl.java:224)
	at java.base/sun.nio.ch.SocketChannelImpl.implRead(SocketChannelImpl.java:411)
	at java.base/sun.nio.ch.SocketChannelImpl.read(SocketChannelImpl.java:493)
	at bg.sofia.uni.fmi.mjt.uno.server.ClientHandler.readMessageFromClient(ClientHandler.java:54)
	at bg.sofia.uni.fmi.mjt.uno.server.ClientHandler.run(ClientHandler.java:29)
	at java.base/java.lang.Thread.run(Thread.java:1575)
===================================================
Timestamp: 2025-01-30T13:12:46.342630600
Client Info: Unknown (error retrieving client info)
Log Level: ERROR
Message: Error occurred while handling client: Unknown (error retrieving client info)
Stacktrace:
java.nio.channels.ClosedChannelException
	at java.base/sun.nio.ch.SocketChannelImpl.ensureOpenAndConnected(SocketChannelImpl.java:224)
	at java.base/sun.nio.ch.SocketChannelImpl.implRead(SocketChannelImpl.java:411)
	at java.base/sun.nio.ch.SocketChannelImpl.read(SocketChannelImpl.java:493)
	at bg.sofia.uni.fmi.mjt.uno.server.ClientHandler.readMessageFromClient(ClientHandler.java:54)
	at bg.sofia.uni.fmi.mjt.uno.server.ClientHandler.run(ClientHandler.java:29)
	at java.base/java.lang.Thread.run(Thread.java:1575)
===================================================
Timestamp: 2025-01-30T13:12:46.342630600
Client Info: Unknown (error retrieving client info)
Log Level: ERROR
Message: Error occurred while handling client: Unknown (error retrieving client info)
Stacktrace:
java.nio.channels.ClosedChannelException
	at java.base/sun.nio.ch.SocketChannelImpl.ensureOpenAndConnected(SocketChannelImpl.java:224)
	at java.base/sun.nio.ch.SocketChannelImpl.implRead(SocketChannelImpl.java:411)
	at java.base/sun.nio.ch.SocketChannelImpl.read(SocketChannelImpl.java:493)
	at bg.sofia.uni.fmi.mjt.uno.server.ClientHandler.readMessageFromClient(ClientHandler.java:54)
	at bg.sofia.uni.fmi.mjt.uno.server.ClientHandler.run(ClientHandler.java:29)
	at java.base/java.lang.Thread.run(Thread.java:1575)
===================================================
Timestamp: 2025-01-30T13:12:46.343630500
Client Info: Unknown (error retrieving client info)
Log Level: ERROR
Message: Error occurred while handling client: Unknown (error retrieving client info)
Stacktrace:
java.nio.channels.ClosedChannelException
	at java.base/sun.nio.ch.SocketChannelImpl.ensureOpenAndConnected(SocketChannelImpl.java:224)
	at java.base/sun.nio.ch.SocketChannelImpl.implRead(SocketChannelImpl.java:411)
	at java.base/sun.nio.ch.SocketChannelImpl.read(SocketChannelImpl.java:493)
	at bg.sofia.uni.fmi.mjt.uno.server.ClientHandler.readMessageFromClient(ClientHandler.java:54)
	at bg.sofia.uni.fmi.mjt.uno.server.ClientHandler.run(ClientHandler.java:29)
	at java.base/java.lang.Thread.run(Thread.java:1575)
===================================================
Timestamp: 2025-01-30T13:12:46.343630500
Client Info: Unknown (error retrieving client info)
Log Level: ERROR
Message: Error occurred while handling client: Unknown (error retrieving client info)
Stacktrace:
java.nio.channels.ClosedChannelException
	at java.base/sun.nio.ch.SocketChannelImpl.ensureOpenAndConnected(SocketChannelImpl.java:224)
	at java.base/sun.nio.ch.SocketChannelImpl.implRead(SocketChannelImpl.java:411)
	at java.base/sun.nio.ch.SocketChannelImpl.read(SocketChannelImpl.java:493)
	at bg.sofia.uni.fmi.mjt.uno.server.ClientHandler.readMessageFromClient(ClientHandler.java:54)
	at bg.sofia.uni.fmi.mjt.uno.server.ClientHandler.run(ClientHandler.java:29)
	at java.base/java.lang.Thread.run(Thread.java:1575)
===================================================
Timestamp: 2025-01-30T13:12:46.344756800
Client Info: Unknown (error retrieving client info)
Log Level: ERROR
Message: Error occurred while handling client: Unknown (error retrieving client info)
Stacktrace:
java.nio.channels.ClosedChannelException
	at java.base/sun.nio.ch.SocketChannelImpl.ensureOpenAndConnected(SocketChannelImpl.java:224)
	at java.base/sun.nio.ch.SocketChannelImpl.implRead(SocketChannelImpl.java:411)
	at java.base/sun.nio.ch.SocketChannelImpl.read(SocketChannelImpl.java:493)
	at bg.sofia.uni.fmi.mjt.uno.server.ClientHandler.readMessageFromClient(ClientHandler.java:54)
	at bg.sofia.uni.fmi.mjt.uno.server.ClientHandler.run(ClientHandler.java:29)
	at java.base/java.lang.Thread.run(Thread.java:1575)
===================================================
Timestamp: 2025-01-30T13:12:46.346692600
Client Info: Unknown (error retrieving client info)
Log Level: ERROR
Message: Error occurred while handling client: Unknown (error retrieving client info)
Stacktrace:
java.nio.channels.ClosedChannelException
	at java.base/sun.nio.ch.SocketChannelImpl.ensureOpenAndConnected(SocketChannelImpl.java:224)
	at java.base/sun.nio.ch.SocketChannelImpl.implRead(SocketChannelImpl.java:411)
	at java.base/sun.nio.ch.SocketChannelImpl.read(SocketChannelImpl.java:493)
	at bg.sofia.uni.fmi.mjt.uno.server.ClientHandler.readMessageFromClient(ClientHandler.java:54)
	at bg.sofia.uni.fmi.mjt.uno.server.ClientHandler.run(ClientHandler.java:29)
	at java.base/java.lang.Thread.run(Thread.java:1575)
===================================================
Timestamp: 2025-01-30T13:12:46.347628800
Client Info: Unknown (error retrieving client info)
Log Level: ERROR
Message: Error occurred while handling client: Unknown (error retrieving client info)
Stacktrace:
java.nio.channels.ClosedChannelException
	at java.base/sun.nio.ch.SocketChannelImpl.ensureOpenAndConnected(SocketChannelImpl.java:224)
	at java.base/sun.nio.ch.SocketChannelImpl.implRead(SocketChannelImpl.java:411)
	at java.base/sun.nio.ch.SocketChannelImpl.read(SocketChannelImpl.java:493)
	at bg.sofia.uni.fmi.mjt.uno.server.ClientHandler.readMessageFromClient(ClientHandler.java:54)
	at bg.sofia.uni.fmi.mjt.uno.server.ClientHandler.run(ClientHandler.java:29)
	at java.base/java.lang.Thread.run(Thread.java:1575)
===================================================
Timestamp: 2025-01-30T13:12:46.348629500
Client Info: Unknown (error retrieving client info)
Log Level: ERROR
Message: Error occurred while handling client: Unknown (error retrieving client info)
Stacktrace:
java.nio.channels.ClosedChannelException
	at java.base/sun.nio.ch.SocketChannelImpl.ensureOpenAndConnected(SocketChannelImpl.java:224)
	at java.base/sun.nio.ch.SocketChannelImpl.implRead(SocketChannelImpl.java:411)
	at java.base/sun.nio.ch.SocketChannelImpl.read(SocketChannelImpl.java:493)
	at bg.sofia.uni.fmi.mjt.uno.server.ClientHandler.readMessageFromClient(ClientHandler.java:54)
	at bg.sofia.uni.fmi.mjt.uno.server.ClientHandler.run(ClientHandler.java:29)
	at java.base/java.lang.Thread.run(Thread.java:1575)
===================================================
Timestamp: 2025-01-30T13:12:46.349631
Client Info: Unknown (error retrieving client info)
Log Level: ERROR
Message: Error occurred while handling client: Unknown (error retrieving client info)
Stacktrace:
java.nio.channels.ClosedChannelException
	at java.base/sun.nio.ch.SocketChannelImpl.ensureOpenAndConnected(SocketChannelImpl.java:224)
	at java.base/sun.nio.ch.SocketChannelImpl.implRead(SocketChannelImpl.java:411)
	at java.base/sun.nio.ch.SocketChannelImpl.read(SocketChannelImpl.java:493)
	at bg.sofia.uni.fmi.mjt.uno.server.ClientHandler.readMessageFromClient(ClientHandler.java:54)
	at bg.sofia.uni.fmi.mjt.uno.server.ClientHandler.run(ClientHandler.java:29)
	at java.base/java.lang.Thread.run(Thread.java:1575)
===================================================
Timestamp: 2025-01-30T13:12:46.349631
Client Info: Unknown (error retrieving client info)
Log Level: ERROR
Message: Error occurred while handling client: Unknown (error retrieving client info)
Stacktrace:
java.nio.channels.ClosedChannelException
	at java.base/sun.nio.ch.SocketChannelImpl.ensureOpenAndConnected(SocketChannelImpl.java:224)
	at java.base/sun.nio.ch.SocketChannelImpl.implRead(SocketChannelImpl.java:411)
	at java.base/sun.nio.ch.SocketChannelImpl.read(SocketChannelImpl.java:493)
	at bg.sofia.uni.fmi.mjt.uno.server.ClientHandler.readMessageFromClient(ClientHandler.java:54)
	at bg.sofia.uni.fmi.mjt.uno.server.ClientHandler.run(ClientHandler.java:29)
	at java.base/java.lang.Thread.run(Thread.java:1575)
===================================================
Timestamp: 2025-01-30T13:12:46.349631
Client Info: Unknown (error retrieving client info)
Log Level: ERROR
Message: Error occurred while handling client: Unknown (error retrieving client info)
Stacktrace:
java.nio.channels.ClosedChannelException
	at java.base/sun.nio.ch.SocketChannelImpl.ensureOpenAndConnected(SocketChannelImpl.java:224)
	at java.base/sun.nio.ch.SocketChannelImpl.implRead(SocketChannelImpl.java:411)
	at java.base/sun.nio.ch.SocketChannelImpl.read(SocketChannelImpl.java:493)
	at bg.sofia.uni.fmi.mjt.uno.server.ClientHandler.readMessageFromClient(ClientHandler.java:54)
	at bg.sofia.uni.fmi.mjt.uno.server.ClientHandler.run(ClientHandler.java:29)
	at java.base/java.lang.Thread.run(Thread.java:1575)
===================================================
Timestamp: 2025-01-30T13:12:46.349631
Client Info: Unknown (error retrieving client info)
Log Level: ERROR
Message: Error occurred while handling client: Unknown (error retrieving client info)
Stacktrace:
java.nio.channels.ClosedChannelException
	at java.base/sun.nio.ch.SocketChannelImpl.ensureOpenAndConnected(SocketChannelImpl.java:224)
	at java.base/sun.nio.ch.SocketChannelImpl.implRead(SocketChannelImpl.java:411)
	at java.base/sun.nio.ch.SocketChannelImpl.read(SocketChannelImpl.java:493)
	at bg.sofia.uni.fmi.mjt.uno.server.ClientHandler.readMessageFromClient(ClientHandler.java:54)
	at bg.sofia.uni.fmi.mjt.uno.server.ClientHandler.run(ClientHandler.java:29)
	at java.base/java.lang.Thread.run(Thread.java:1575)
===================================================
Timestamp: 2025-01-30T13:12:46.350629400
Client Info: Unknown (error retrieving client info)
Log Level: ERROR
Message: Error occurred while handling client: Unknown (error retrieving client info)
Stacktrace:
java.nio.channels.ClosedChannelException
	at java.base/sun.nio.ch.SocketChannelImpl.ensureOpenAndConnected(SocketChannelImpl.java:224)
	at java.base/sun.nio.ch.SocketChannelImpl.implRead(SocketChannelImpl.java:411)
	at java.base/sun.nio.ch.SocketChannelImpl.read(SocketChannelImpl.java:493)
	at bg.sofia.uni.fmi.mjt.uno.server.ClientHandler.readMessageFromClient(ClientHandler.java:54)
	at bg.sofia.uni.fmi.mjt.uno.server.ClientHandler.run(ClientHandler.java:29)
	at java.base/java.lang.Thread.run(Thread.java:1575)
===================================================
Timestamp: 2025-01-30T13:12:46.350629400
Client Info: Unknown (error retrieving client info)
Log Level: ERROR
Message: Error occurred while handling client: Unknown (error retrieving client info)
Stacktrace:
java.nio.channels.ClosedChannelException
	at java.base/sun.nio.ch.SocketChannelImpl.ensureOpenAndConnected(SocketChannelImpl.java:224)
	at java.base/sun.nio.ch.SocketChannelImpl.implRead(SocketChannelImpl.java:411)
	at java.base/sun.nio.ch.SocketChannelImpl.read(SocketChannelImpl.java:493)
	at bg.sofia.uni.fmi.mjt.uno.server.ClientHandler.readMessageFromClient(ClientHandler.java:54)
	at bg.sofia.uni.fmi.mjt.uno.server.ClientHandler.run(ClientHandler.java:29)
	at java.base/java.lang.Thread.run(Thread.java:1575)
===================================================
Timestamp: 2025-01-30T13:12:46.350629400
Client Info: Unknown (error retrieving client info)
Log Level: ERROR
Message: Error occurred while handling client: Unknown (error retrieving client info)
Stacktrace:
java.nio.channels.ClosedChannelException
	at java.base/sun.nio.ch.SocketChannelImpl.ensureOpenAndConnected(SocketChannelImpl.java:224)
	at java.base/sun.nio.ch.SocketChannelImpl.implRead(SocketChannelImpl.java:411)
	at java.base/sun.nio.ch.SocketChannelImpl.read(SocketChannelImpl.java:493)
	at bg.sofia.uni.fmi.mjt.uno.server.ClientHandler.readMessageFromClient(ClientHandler.java:54)
	at bg.sofia.uni.fmi.mjt.uno.server.ClientHandler.run(ClientHandler.java:29)
	at java.base/java.lang.Thread.run(Thread.java:1575)
===================================================
Timestamp: 2025-01-30T13:12:46.350629400
Client Info: Unknown (error retrieving client info)
Log Level: ERROR
Message: Error occurred while handling client: Unknown (error retrieving client info)
Stacktrace:
java.nio.channels.ClosedChannelException
	at java.base/sun.nio.ch.SocketChannelImpl.ensureOpenAndConnected(SocketChannelImpl.java:224)
	at java.base/sun.nio.ch.SocketChannelImpl.implRead(SocketChannelImpl.java:411)
	at java.base/sun.nio.ch.SocketChannelImpl.read(SocketChannelImpl.java:493)
	at bg.sofia.uni.fmi.mjt.uno.server.ClientHandler.readMessageFromClient(ClientHandler.java:54)
	at bg.sofia.uni.fmi.mjt.uno.server.ClientHandler.run(ClientHandler.java:29)
	at java.base/java.lang.Thread.run(Thread.java:1575)
===================================================
Timestamp: 2025-01-30T13:12:46.351630200
Client Info: Unknown (error retrieving client info)
Log Level: ERROR
Message: Error occurred while handling client: Unknown (error retrieving client info)
Stacktrace:
java.nio.channels.ClosedChannelException
	at java.base/sun.nio.ch.SocketChannelImpl.ensureOpenAndConnected(SocketChannelImpl.java:224)
	at java.base/sun.nio.ch.SocketChannelImpl.implRead(SocketChannelImpl.java:411)
	at java.base/sun.nio.ch.SocketChannelImpl.read(SocketChannelImpl.java:493)
	at bg.sofia.uni.fmi.mjt.uno.server.ClientHandler.readMessageFromClient(ClientHandler.java:54)
	at bg.sofia.uni.fmi.mjt.uno.server.ClientHandler.run(ClientHandler.java:29)
	at java.base/java.lang.Thread.run(Thread.java:1575)
===================================================
Timestamp: 2025-01-30T13:12:46.351630200
Client Info: Unknown (error retrieving client info)
Log Level: ERROR
Message: Error occurred while handling client: Unknown (error retrieving client info)
Stacktrace:
java.nio.channels.ClosedChannelException
	at java.base/sun.nio.ch.SocketChannelImpl.ensureOpenAndConnected(SocketChannelImpl.java:224)
	at java.base/sun.nio.ch.SocketChannelImpl.implRead(SocketChannelImpl.java:411)
	at java.base/sun.nio.ch.SocketChannelImpl.read(SocketChannelImpl.java:493)
	at bg.sofia.uni.fmi.mjt.uno.server.ClientHandler.readMessageFromClient(ClientHandler.java:54)
	at bg.sofia.uni.fmi.mjt.uno.server.ClientHandler.run(ClientHandler.java:29)
	at java.base/java.lang.Thread.run(Thread.java:1575)
===================================================
Timestamp: 2025-01-30T13:12:46.351630200
Client Info: Unknown (error retrieving client info)
Log Level: ERROR
Message: Error occurred while handling client: Unknown (error retrieving client info)
Stacktrace:
java.nio.channels.ClosedChannelException
	at java.base/sun.nio.ch.SocketChannelImpl.ensureOpenAndConnected(SocketChannelImpl.java:224)
	at java.base/sun.nio.ch.SocketChannelImpl.implRead(SocketChannelImpl.java:411)
	at java.base/sun.nio.ch.SocketChannelImpl.read(SocketChannelImpl.java:493)
	at bg.sofia.uni.fmi.mjt.uno.server.ClientHandler.readMessageFromClient(ClientHandler.java:54)
	at bg.sofia.uni.fmi.mjt.uno.server.ClientHandler.run(ClientHandler.java:29)
	at java.base/java.lang.Thread.run(Thread.java:1575)
===================================================
Timestamp: 2025-01-30T13:12:46.352628600
Client Info: Unknown (error retrieving client info)
Log Level: ERROR
Message: Error occurred while handling client: Unknown (error retrieving client info)
Stacktrace:
java.nio.channels.ClosedChannelException
	at java.base/sun.nio.ch.SocketChannelImpl.ensureOpenAndConnected(SocketChannelImpl.java:224)
	at java.base/sun.nio.ch.SocketChannelImpl.implRead(SocketChannelImpl.java:411)
	at java.base/sun.nio.ch.SocketChannelImpl.read(SocketChannelImpl.java:493)
	at bg.sofia.uni.fmi.mjt.uno.server.ClientHandler.readMessageFromClient(ClientHandler.java:54)
	at bg.sofia.uni.fmi.mjt.uno.server.ClientHandler.run(ClientHandler.java:29)
	at java.base/java.lang.Thread.run(Thread.java:1575)
===================================================
Timestamp: 2025-01-30T13:12:46.352628600
Client Info: Unknown (error retrieving client info)
Log Level: ERROR
Message: Error occurred while handling client: Unknown (error retrieving client info)
Stacktrace:
java.nio.channels.ClosedChannelException
	at java.base/sun.nio.ch.SocketChannelImpl.ensureOpenAndConnected(SocketChannelImpl.java:224)
	at java.base/sun.nio.ch.SocketChannelImpl.implRead(SocketChannelImpl.java:411)
	at java.base/sun.nio.ch.SocketChannelImpl.read(SocketChannelImpl.java:493)
	at bg.sofia.uni.fmi.mjt.uno.server.ClientHandler.readMessageFromClient(ClientHandler.java:54)
	at bg.sofia.uni.fmi.mjt.uno.server.ClientHandler.run(ClientHandler.java:29)
	at java.base/java.lang.Thread.run(Thread.java:1575)
===================================================
Timestamp: 2025-01-30T13:12:46.352628600
Client Info: Unknown (error retrieving client info)
Log Level: ERROR
Message: Error occurred while handling client: Unknown (error retrieving client info)
Stacktrace:
java.nio.channels.ClosedChannelException
	at java.base/sun.nio.ch.SocketChannelImpl.ensureOpenAndConnected(SocketChannelImpl.java:224)
	at java.base/sun.nio.ch.SocketChannelImpl.implRead(SocketChannelImpl.java:411)
	at java.base/sun.nio.ch.SocketChannelImpl.read(SocketChannelImpl.java:493)
	at bg.sofia.uni.fmi.mjt.uno.server.ClientHandler.readMessageFromClient(ClientHandler.java:54)
	at bg.sofia.uni.fmi.mjt.uno.server.ClientHandler.run(ClientHandler.java:29)
	at java.base/java.lang.Thread.run(Thread.java:1575)
===================================================
Timestamp: 2025-01-30T13:12:46.353630800
Client Info: Unknown (error retrieving client info)
Log Level: ERROR
Message: Error occurred while handling client: Unknown (error retrieving client info)
Stacktrace:
java.nio.channels.ClosedChannelException
	at java.base/sun.nio.ch.SocketChannelImpl.ensureOpenAndConnected(SocketChannelImpl.java:224)
	at java.base/sun.nio.ch.SocketChannelImpl.implRead(SocketChannelImpl.java:411)
	at java.base/sun.nio.ch.SocketChannelImpl.read(SocketChannelImpl.java:493)
	at bg.sofia.uni.fmi.mjt.uno.server.ClientHandler.readMessageFromClient(ClientHandler.java:54)
	at bg.sofia.uni.fmi.mjt.uno.server.ClientHandler.run(ClientHandler.java:29)
	at java.base/java.lang.Thread.run(Thread.java:1575)
===================================================
Timestamp: 2025-01-30T13:12:46.353630800
Client Info: Unknown (error retrieving client info)
Log Level: ERROR
Message: Error occurred while handling client: Unknown (error retrieving client info)
Stacktrace:
java.nio.channels.ClosedChannelException
	at java.base/sun.nio.ch.SocketChannelImpl.ensureOpenAndConnected(SocketChannelImpl.java:224)
	at java.base/sun.nio.ch.SocketChannelImpl.implRead(SocketChannelImpl.java:411)
	at java.base/sun.nio.ch.SocketChannelImpl.read(SocketChannelImpl.java:493)
	at bg.sofia.uni.fmi.mjt.uno.server.ClientHandler.readMessageFromClient(ClientHandler.java:54)
	at bg.sofia.uni.fmi.mjt.uno.server.ClientHandler.run(ClientHandler.java:29)
	at java.base/java.lang.Thread.run(Thread.java:1575)
===================================================
Timestamp: 2025-01-30T13:12:46.354630400
Client Info: Unknown (error retrieving client info)
Log Level: ERROR
Message: Error occurred while handling client: Unknown (error retrieving client info)
Stacktrace:
java.nio.channels.ClosedChannelException
	at java.base/sun.nio.ch.SocketChannelImpl.ensureOpenAndConnected(SocketChannelImpl.java:224)
	at java.base/sun.nio.ch.SocketChannelImpl.implRead(SocketChannelImpl.java:411)
	at java.base/sun.nio.ch.SocketChannelImpl.read(SocketChannelImpl.java:493)
	at bg.sofia.uni.fmi.mjt.uno.server.ClientHandler.readMessageFromClient(ClientHandler.java:54)
	at bg.sofia.uni.fmi.mjt.uno.server.ClientHandler.run(ClientHandler.java:29)
	at java.base/java.lang.Thread.run(Thread.java:1575)
===================================================
Timestamp: 2025-01-30T13:12:46.355635
Client Info: Unknown (error retrieving client info)
Log Level: ERROR
Message: Error occurred while handling client: Unknown (error retrieving client info)
Stacktrace:
java.nio.channels.ClosedChannelException
	at java.base/sun.nio.ch.SocketChannelImpl.ensureOpenAndConnected(SocketChannelImpl.java:224)
	at java.base/sun.nio.ch.SocketChannelImpl.implRead(SocketChannelImpl.java:411)
	at java.base/sun.nio.ch.SocketChannelImpl.read(SocketChannelImpl.java:493)
	at bg.sofia.uni.fmi.mjt.uno.server.ClientHandler.readMessageFromClient(ClientHandler.java:54)
	at bg.sofia.uni.fmi.mjt.uno.server.ClientHandler.run(ClientHandler.java:29)
	at java.base/java.lang.Thread.run(Thread.java:1575)
===================================================
Timestamp: 2025-01-30T13:12:46.356631800
Client Info: Unknown (error retrieving client info)
Log Level: ERROR
Message: Error occurred while handling client: Unknown (error retrieving client info)
Stacktrace:
java.nio.channels.ClosedChannelException
	at java.base/sun.nio.ch.SocketChannelImpl.ensureOpenAndConnected(SocketChannelImpl.java:224)
	at java.base/sun.nio.ch.SocketChannelImpl.implRead(SocketChannelImpl.java:411)
	at java.base/sun.nio.ch.SocketChannelImpl.read(SocketChannelImpl.java:493)
	at bg.sofia.uni.fmi.mjt.uno.server.ClientHandler.readMessageFromClient(ClientHandler.java:54)
	at bg.sofia.uni.fmi.mjt.uno.server.ClientHandler.run(ClientHandler.java:29)
	at java.base/java.lang.Thread.run(Thread.java:1575)
===================================================
Timestamp: 2025-01-30T13:12:46.356631800
Client Info: Unknown (error retrieving client info)
Log Level: ERROR
Message: Error occurred while handling client: Unknown (error retrieving client info)
Stacktrace:
java.nio.channels.ClosedChannelException
	at java.base/sun.nio.ch.SocketChannelImpl.ensureOpenAndConnected(SocketChannelImpl.java:224)
	at java.base/sun.nio.ch.SocketChannelImpl.implRead(SocketChannelImpl.java:411)
	at java.base/sun.nio.ch.SocketChannelImpl.read(SocketChannelImpl.java:493)
	at bg.sofia.uni.fmi.mjt.uno.server.ClientHandler.readMessageFromClient(ClientHandler.java:54)
	at bg.sofia.uni.fmi.mjt.uno.server.ClientHandler.run(ClientHandler.java:29)
	at java.base/java.lang.Thread.run(Thread.java:1575)
===================================================
Timestamp: 2025-01-30T13:12:46.356631800
Client Info: Unknown (error retrieving client info)
Log Level: ERROR
Message: Error occurred while handling client: Unknown (error retrieving client info)
Stacktrace:
java.nio.channels.ClosedChannelException
	at java.base/sun.nio.ch.SocketChannelImpl.ensureOpenAndConnected(SocketChannelImpl.java:224)
	at java.base/sun.nio.ch.SocketChannelImpl.implRead(SocketChannelImpl.java:411)
	at java.base/sun.nio.ch.SocketChannelImpl.read(SocketChannelImpl.java:493)
	at bg.sofia.uni.fmi.mjt.uno.server.ClientHandler.readMessageFromClient(ClientHandler.java:54)
	at bg.sofia.uni.fmi.mjt.uno.server.ClientHandler.run(ClientHandler.java:29)
	at java.base/java.lang.Thread.run(Thread.java:1575)
===================================================
Timestamp: 2025-01-30T13:12:46.357634700
Client Info: Unknown (error retrieving client info)
Log Level: ERROR
Message: Error occurred while handling client: Unknown (error retrieving client info)
Stacktrace:
java.nio.channels.ClosedChannelException
	at java.base/sun.nio.ch.SocketChannelImpl.ensureOpenAndConnected(SocketChannelImpl.java:224)
	at java.base/sun.nio.ch.SocketChannelImpl.implRead(SocketChannelImpl.java:411)
	at java.base/sun.nio.ch.SocketChannelImpl.read(SocketChannelImpl.java:493)
	at bg.sofia.uni.fmi.mjt.uno.server.ClientHandler.readMessageFromClient(ClientHandler.java:54)
	at bg.sofia.uni.fmi.mjt.uno.server.ClientHandler.run(ClientHandler.java:29)
	at java.base/java.lang.Thread.run(Thread.java:1575)
===================================================
Timestamp: 2025-01-30T13:12:46.357634700
Client Info: Unknown (error retrieving client info)
Log Level: ERROR
Message: Error occurred while handling client: Unknown (error retrieving client info)
Stacktrace:
java.nio.channels.ClosedChannelException
	at java.base/sun.nio.ch.SocketChannelImpl.ensureOpenAndConnected(SocketChannelImpl.java:224)
	at java.base/sun.nio.ch.SocketChannelImpl.implRead(SocketChannelImpl.java:411)
	at java.base/sun.nio.ch.SocketChannelImpl.read(SocketChannelImpl.java:493)
	at bg.sofia.uni.fmi.mjt.uno.server.ClientHandler.readMessageFromClient(ClientHandler.java:54)
	at bg.sofia.uni.fmi.mjt.uno.server.ClientHandler.run(ClientHandler.java:29)
	at java.base/java.lang.Thread.run(Thread.java:1575)
===================================================
Timestamp: 2025-01-30T13:12:46.358633100
Client Info: Unknown (error retrieving client info)
Log Level: ERROR
Message: Error occurred while handling client: Unknown (error retrieving client info)
Stacktrace:
java.nio.channels.ClosedChannelException
	at java.base/sun.nio.ch.SocketChannelImpl.ensureOpenAndConnected(SocketChannelImpl.java:224)
	at java.base/sun.nio.ch.SocketChannelImpl.implRead(SocketChannelImpl.java:411)
	at java.base/sun.nio.ch.SocketChannelImpl.read(SocketChannelImpl.java:493)
	at bg.sofia.uni.fmi.mjt.uno.server.ClientHandler.readMessageFromClient(ClientHandler.java:54)
	at bg.sofia.uni.fmi.mjt.uno.server.ClientHandler.run(ClientHandler.java:29)
	at java.base/java.lang.Thread.run(Thread.java:1575)
===================================================
Timestamp: 2025-01-30T13:12:46.359630
Client Info: Unknown (error retrieving client info)
Log Level: ERROR
Message: Error occurred while handling client: Unknown (error retrieving client info)
Stacktrace:
java.nio.channels.ClosedChannelException
	at java.base/sun.nio.ch.SocketChannelImpl.ensureOpenAndConnected(SocketChannelImpl.java:224)
	at java.base/sun.nio.ch.SocketChannelImpl.implRead(SocketChannelImpl.java:411)
	at java.base/sun.nio.ch.SocketChannelImpl.read(SocketChannelImpl.java:493)
	at bg.sofia.uni.fmi.mjt.uno.server.ClientHandler.readMessageFromClient(ClientHandler.java:54)
	at bg.sofia.uni.fmi.mjt.uno.server.ClientHandler.run(ClientHandler.java:29)
	at java.base/java.lang.Thread.run(Thread.java:1575)
===================================================
Timestamp: 2025-01-30T13:12:46.360630
Client Info: Unknown (error retrieving client info)
Log Level: ERROR
Message: Error occurred while handling client: Unknown (error retrieving client info)
Stacktrace:
java.nio.channels.ClosedChannelException
	at java.base/sun.nio.ch.SocketChannelImpl.ensureOpenAndConnected(SocketChannelImpl.java:224)
	at java.base/sun.nio.ch.SocketChannelImpl.implRead(SocketChannelImpl.java:411)
	at java.base/sun.nio.ch.SocketChannelImpl.read(SocketChannelImpl.java:493)
	at bg.sofia.uni.fmi.mjt.uno.server.ClientHandler.readMessageFromClient(ClientHandler.java:54)
	at bg.sofia.uni.fmi.mjt.uno.server.ClientHandler.run(ClientHandler.java:29)
	at java.base/java.lang.Thread.run(Thread.java:1575)
===================================================
Timestamp: 2025-01-30T13:12:46.360630
Client Info: Unknown (error retrieving client info)
Log Level: ERROR
Message: Error occurred while handling client: Unknown (error retrieving client info)
Stacktrace:
java.nio.channels.ClosedChannelException
	at java.base/sun.nio.ch.SocketChannelImpl.ensureOpenAndConnected(SocketChannelImpl.java:224)
	at java.base/sun.nio.ch.SocketChannelImpl.implRead(SocketChannelImpl.java:411)
	at java.base/sun.nio.ch.SocketChannelImpl.read(SocketChannelImpl.java:493)
	at bg.sofia.uni.fmi.mjt.uno.server.ClientHandler.readMessageFromClient(ClientHandler.java:54)
	at bg.sofia.uni.fmi.mjt.uno.server.ClientHandler.run(ClientHandler.java:29)
	at java.base/java.lang.Thread.run(Thread.java:1575)
===================================================
Timestamp: 2025-01-30T13:12:46.361629600
Client Info: Unknown (error retrieving client info)
Log Level: ERROR
Message: Error occurred while handling client: Unknown (error retrieving client info)
Stacktrace:
java.nio.channels.ClosedChannelException
	at java.base/sun.nio.ch.SocketChannelImpl.ensureOpenAndConnected(SocketChannelImpl.java:224)
	at java.base/sun.nio.ch.SocketChannelImpl.implRead(SocketChannelImpl.java:411)
	at java.base/sun.nio.ch.SocketChannelImpl.read(SocketChannelImpl.java:493)
	at bg.sofia.uni.fmi.mjt.uno.server.ClientHandler.readMessageFromClient(ClientHandler.java:54)
	at bg.sofia.uni.fmi.mjt.uno.server.ClientHandler.run(ClientHandler.java:29)
	at java.base/java.lang.Thread.run(Thread.java:1575)
===================================================
Timestamp: 2025-01-30T13:12:46.361629600
Client Info: Unknown (error retrieving client info)
Log Level: ERROR
Message: Error occurred while handling client: Unknown (error retrieving client info)
Stacktrace:
java.nio.channels.ClosedChannelException
	at java.base/sun.nio.ch.SocketChannelImpl.ensureOpenAndConnected(SocketChannelImpl.java:224)
	at java.base/sun.nio.ch.SocketChannelImpl.implRead(SocketChannelImpl.java:411)
	at java.base/sun.nio.ch.SocketChannelImpl.read(SocketChannelImpl.java:493)
	at bg.sofia.uni.fmi.mjt.uno.server.ClientHandler.readMessageFromClient(ClientHandler.java:54)
	at bg.sofia.uni.fmi.mjt.uno.server.ClientHandler.run(ClientHandler.java:29)
	at java.base/java.lang.Thread.run(Thread.java:1575)
===================================================
Timestamp: 2025-01-30T13:12:46.361629600
Client Info: Unknown (error retrieving client info)
Log Level: ERROR
Message: Error occurred while handling client: Unknown (error retrieving client info)
Stacktrace:
java.nio.channels.ClosedChannelException
	at java.base/sun.nio.ch.SocketChannelImpl.ensureOpenAndConnected(SocketChannelImpl.java:224)
	at java.base/sun.nio.ch.SocketChannelImpl.implRead(SocketChannelImpl.java:411)
	at java.base/sun.nio.ch.SocketChannelImpl.read(SocketChannelImpl.java:493)
	at bg.sofia.uni.fmi.mjt.uno.server.ClientHandler.readMessageFromClient(ClientHandler.java:54)
	at bg.sofia.uni.fmi.mjt.uno.server.ClientHandler.run(ClientHandler.java:29)
	at java.base/java.lang.Thread.run(Thread.java:1575)
===================================================
Timestamp: 2025-01-30T13:12:46.361629600
Client Info: Unknown (error retrieving client info)
Log Level: ERROR
Message: Error occurred while handling client: Unknown (error retrieving client info)
Stacktrace:
java.nio.channels.ClosedChannelException
	at java.base/sun.nio.ch.SocketChannelImpl.ensureOpenAndConnected(SocketChannelImpl.java:224)
	at java.base/sun.nio.ch.SocketChannelImpl.implRead(SocketChannelImpl.java:411)
	at java.base/sun.nio.ch.SocketChannelImpl.read(SocketChannelImpl.java:493)
	at bg.sofia.uni.fmi.mjt.uno.server.ClientHandler.readMessageFromClient(ClientHandler.java:54)
	at bg.sofia.uni.fmi.mjt.uno.server.ClientHandler.run(ClientHandler.java:29)
	at java.base/java.lang.Thread.run(Thread.java:1575)
===================================================
Timestamp: 2025-01-30T13:12:46.362629400
Client Info: Unknown (error retrieving client info)
Log Level: ERROR
Message: Error occurred while handling client: Unknown (error retrieving client info)
Stacktrace:
java.nio.channels.ClosedChannelException
	at java.base/sun.nio.ch.SocketChannelImpl.ensureOpenAndConnected(SocketChannelImpl.java:224)
	at java.base/sun.nio.ch.SocketChannelImpl.implRead(SocketChannelImpl.java:411)
	at java.base/sun.nio.ch.SocketChannelImpl.read(SocketChannelImpl.java:493)
	at bg.sofia.uni.fmi.mjt.uno.server.ClientHandler.readMessageFromClient(ClientHandler.java:54)
	at bg.sofia.uni.fmi.mjt.uno.server.ClientHandler.run(ClientHandler.java:29)
	at java.base/java.lang.Thread.run(Thread.java:1575)
===================================================
Timestamp: 2025-01-30T13:12:46.362629400
Client Info: Unknown (error retrieving client info)
Log Level: ERROR
Message: Error occurred while handling client: Unknown (error retrieving client info)
Stacktrace:
java.nio.channels.ClosedChannelException
	at java.base/sun.nio.ch.SocketChannelImpl.ensureOpenAndConnected(SocketChannelImpl.java:224)
	at java.base/sun.nio.ch.SocketChannelImpl.implRead(SocketChannelImpl.java:411)
	at java.base/sun.nio.ch.SocketChannelImpl.read(SocketChannelImpl.java:493)
	at bg.sofia.uni.fmi.mjt.uno.server.ClientHandler.readMessageFromClient(ClientHandler.java:54)
	at bg.sofia.uni.fmi.mjt.uno.server.ClientHandler.run(ClientHandler.java:29)
	at java.base/java.lang.Thread.run(Thread.java:1575)
===================================================
Timestamp: 2025-01-30T13:12:46.363630100
Client Info: Unknown (error retrieving client info)
Log Level: ERROR
Message: Error occurred while handling client: Unknown (error retrieving client info)
Stacktrace:
java.nio.channels.ClosedChannelException
	at java.base/sun.nio.ch.SocketChannelImpl.ensureOpenAndConnected(SocketChannelImpl.java:224)
	at java.base/sun.nio.ch.SocketChannelImpl.implRead(SocketChannelImpl.java:411)
	at java.base/sun.nio.ch.SocketChannelImpl.read(SocketChannelImpl.java:493)
	at bg.sofia.uni.fmi.mjt.uno.server.ClientHandler.readMessageFromClient(ClientHandler.java:54)
	at bg.sofia.uni.fmi.mjt.uno.server.ClientHandler.run(ClientHandler.java:29)
	at java.base/java.lang.Thread.run(Thread.java:1575)
===================================================
Timestamp: 2025-01-30T13:12:46.364630700
Client Info: Unknown (error retrieving client info)
Log Level: ERROR
Message: Error occurred while handling client: Unknown (error retrieving client info)
Stacktrace:
java.nio.channels.ClosedChannelException
	at java.base/sun.nio.ch.SocketChannelImpl.ensureOpenAndConnected(SocketChannelImpl.java:224)
	at java.base/sun.nio.ch.SocketChannelImpl.implRead(SocketChannelImpl.java:411)
	at java.base/sun.nio.ch.SocketChannelImpl.read(SocketChannelImpl.java:493)
	at bg.sofia.uni.fmi.mjt.uno.server.ClientHandler.readMessageFromClient(ClientHandler.java:54)
	at bg.sofia.uni.fmi.mjt.uno.server.ClientHandler.run(ClientHandler.java:29)
	at java.base/java.lang.Thread.run(Thread.java:1575)
===================================================
Timestamp: 2025-01-30T13:12:46.364630700
Client Info: Unknown (error retrieving client info)
Log Level: ERROR
Message: Error occurred while handling client: Unknown (error retrieving client info)
Stacktrace:
java.nio.channels.ClosedChannelException
	at java.base/sun.nio.ch.SocketChannelImpl.ensureOpenAndConnected(SocketChannelImpl.java:224)
	at java.base/sun.nio.ch.SocketChannelImpl.implRead(SocketChannelImpl.java:411)
	at java.base/sun.nio.ch.SocketChannelImpl.read(SocketChannelImpl.java:493)
	at bg.sofia.uni.fmi.mjt.uno.server.ClientHandler.readMessageFromClient(ClientHandler.java:54)
	at bg.sofia.uni.fmi.mjt.uno.server.ClientHandler.run(ClientHandler.java:29)
	at java.base/java.lang.Thread.run(Thread.java:1575)
===================================================
Timestamp: 2025-01-30T13:12:46.364630700
Client Info: Unknown (error retrieving client info)
Log Level: ERROR
Message: Error occurred while handling client: Unknown (error retrieving client info)
Stacktrace:
java.nio.channels.ClosedChannelException
	at java.base/sun.nio.ch.SocketChannelImpl.ensureOpenAndConnected(SocketChannelImpl.java:224)
	at java.base/sun.nio.ch.SocketChannelImpl.implRead(SocketChannelImpl.java:411)
	at java.base/sun.nio.ch.SocketChannelImpl.read(SocketChannelImpl.java:493)
	at bg.sofia.uni.fmi.mjt.uno.server.ClientHandler.readMessageFromClient(ClientHandler.java:54)
	at bg.sofia.uni.fmi.mjt.uno.server.ClientHandler.run(ClientHandler.java:29)
	at java.base/java.lang.Thread.run(Thread.java:1575)
===================================================
Timestamp: 2025-01-30T13:12:46.364630700
Client Info: Unknown (error retrieving client info)
Log Level: ERROR
Message: Error occurred while handling client: Unknown (error retrieving client info)
Stacktrace:
java.nio.channels.ClosedChannelException
	at java.base/sun.nio.ch.SocketChannelImpl.ensureOpenAndConnected(SocketChannelImpl.java:224)
	at java.base/sun.nio.ch.SocketChannelImpl.implRead(SocketChannelImpl.java:411)
	at java.base/sun.nio.ch.SocketChannelImpl.read(SocketChannelImpl.java:493)
	at bg.sofia.uni.fmi.mjt.uno.server.ClientHandler.readMessageFromClient(ClientHandler.java:54)
	at bg.sofia.uni.fmi.mjt.uno.server.ClientHandler.run(ClientHandler.java:29)
	at java.base/java.lang.Thread.run(Thread.java:1575)
===================================================
Timestamp: 2025-01-30T13:12:46.364630700
Client Info: Unknown (error retrieving client info)
Log Level: ERROR
Message: Error occurred while handling client: Unknown (error retrieving client info)
Stacktrace:
java.nio.channels.ClosedChannelException
	at java.base/sun.nio.ch.SocketChannelImpl.ensureOpenAndConnected(SocketChannelImpl.java:224)
	at java.base/sun.nio.ch.SocketChannelImpl.implRead(SocketChannelImpl.java:411)
	at java.base/sun.nio.ch.SocketChannelImpl.read(SocketChannelImpl.java:493)
	at bg.sofia.uni.fmi.mjt.uno.server.ClientHandler.readMessageFromClient(ClientHandler.java:54)
	at bg.sofia.uni.fmi.mjt.uno.server.ClientHandler.run(ClientHandler.java:29)
	at java.base/java.lang.Thread.run(Thread.java:1575)
===================================================
Timestamp: 2025-01-30T13:12:46.365628800
Client Info: Unknown (error retrieving client info)
Log Level: ERROR
Message: Error occurred while handling client: Unknown (error retrieving client info)
Stacktrace:
java.nio.channels.ClosedChannelException
	at java.base/sun.nio.ch.SocketChannelImpl.ensureOpenAndConnected(SocketChannelImpl.java:224)
	at java.base/sun.nio.ch.SocketChannelImpl.implRead(SocketChannelImpl.java:411)
	at java.base/sun.nio.ch.SocketChannelImpl.read(SocketChannelImpl.java:493)
	at bg.sofia.uni.fmi.mjt.uno.server.ClientHandler.readMessageFromClient(ClientHandler.java:54)
	at bg.sofia.uni.fmi.mjt.uno.server.ClientHandler.run(ClientHandler.java:29)
	at java.base/java.lang.Thread.run(Thread.java:1575)
===================================================
Timestamp: 2025-01-30T13:12:46.365628800
Client Info: Unknown (error retrieving client info)
Log Level: ERROR
Message: Error occurred while handling client: Unknown (error retrieving client info)
Stacktrace:
java.nio.channels.ClosedChannelException
	at java.base/sun.nio.ch.SocketChannelImpl.ensureOpenAndConnected(SocketChannelImpl.java:224)
	at java.base/sun.nio.ch.SocketChannelImpl.implRead(SocketChannelImpl.java:411)
	at java.base/sun.nio.ch.SocketChannelImpl.read(SocketChannelImpl.java:493)
	at bg.sofia.uni.fmi.mjt.uno.server.ClientHandler.readMessageFromClient(ClientHandler.java:54)
	at bg.sofia.uni.fmi.mjt.uno.server.ClientHandler.run(ClientHandler.java:29)
	at java.base/java.lang.Thread.run(Thread.java:1575)
===================================================
Timestamp: 2025-01-30T13:12:46.365628800
Client Info: Unknown (error retrieving client info)
Log Level: ERROR
Message: Error occurred while handling client: Unknown (error retrieving client info)
Stacktrace:
java.nio.channels.ClosedChannelException
	at java.base/sun.nio.ch.SocketChannelImpl.ensureOpenAndConnected(SocketChannelImpl.java:224)
	at java.base/sun.nio.ch.SocketChannelImpl.implRead(SocketChannelImpl.java:411)
	at java.base/sun.nio.ch.SocketChannelImpl.read(SocketChannelImpl.java:493)
	at bg.sofia.uni.fmi.mjt.uno.server.ClientHandler.readMessageFromClient(ClientHandler.java:54)
	at bg.sofia.uni.fmi.mjt.uno.server.ClientHandler.run(ClientHandler.java:29)
	at java.base/java.lang.Thread.run(Thread.java:1575)
===================================================
Timestamp: 2025-01-30T13:12:46.366628700
Client Info: Unknown (error retrieving client info)
Log Level: ERROR
Message: Error occurred while handling client: Unknown (error retrieving client info)
Stacktrace:
java.nio.channels.ClosedChannelException
	at java.base/sun.nio.ch.SocketChannelImpl.ensureOpenAndConnected(SocketChannelImpl.java:224)
	at java.base/sun.nio.ch.SocketChannelImpl.implRead(SocketChannelImpl.java:411)
	at java.base/sun.nio.ch.SocketChannelImpl.read(SocketChannelImpl.java:493)
	at bg.sofia.uni.fmi.mjt.uno.server.ClientHandler.readMessageFromClient(ClientHandler.java:54)
	at bg.sofia.uni.fmi.mjt.uno.server.ClientHandler.run(ClientHandler.java:29)
	at java.base/java.lang.Thread.run(Thread.java:1575)
===================================================
Timestamp: 2025-01-30T13:12:46.366628700
Client Info: Unknown (error retrieving client info)
Log Level: ERROR
Message: Error occurred while handling client: Unknown (error retrieving client info)
Stacktrace:
java.nio.channels.ClosedChannelException
	at java.base/sun.nio.ch.SocketChannelImpl.ensureOpenAndConnected(SocketChannelImpl.java:224)
	at java.base/sun.nio.ch.SocketChannelImpl.implRead(SocketChannelImpl.java:411)
	at java.base/sun.nio.ch.SocketChannelImpl.read(SocketChannelImpl.java:493)
	at bg.sofia.uni.fmi.mjt.uno.server.ClientHandler.readMessageFromClient(ClientHandler.java:54)
	at bg.sofia.uni.fmi.mjt.uno.server.ClientHandler.run(ClientHandler.java:29)
	at java.base/java.lang.Thread.run(Thread.java:1575)
===================================================
Timestamp: 2025-01-30T13:12:46.366628700
Client Info: Unknown (error retrieving client info)
Log Level: ERROR
Message: Error occurred while handling client: Unknown (error retrieving client info)
Stacktrace:
java.nio.channels.ClosedChannelException
	at java.base/sun.nio.ch.SocketChannelImpl.ensureOpenAndConnected(SocketChannelImpl.java:224)
	at java.base/sun.nio.ch.SocketChannelImpl.implRead(SocketChannelImpl.java:411)
	at java.base/sun.nio.ch.SocketChannelImpl.read(SocketChannelImpl.java:493)
	at bg.sofia.uni.fmi.mjt.uno.server.ClientHandler.readMessageFromClient(ClientHandler.java:54)
	at bg.sofia.uni.fmi.mjt.uno.server.ClientHandler.run(ClientHandler.java:29)
	at java.base/java.lang.Thread.run(Thread.java:1575)
===================================================
Timestamp: 2025-01-30T13:12:46.366628700
Client Info: Unknown (error retrieving client info)
Log Level: ERROR
Message: Error occurred while handling client: Unknown (error retrieving client info)
Stacktrace:
java.nio.channels.ClosedChannelException
	at java.base/sun.nio.ch.SocketChannelImpl.ensureOpenAndConnected(SocketChannelImpl.java:224)
	at java.base/sun.nio.ch.SocketChannelImpl.implRead(SocketChannelImpl.java:411)
	at java.base/sun.nio.ch.SocketChannelImpl.read(SocketChannelImpl.java:493)
	at bg.sofia.uni.fmi.mjt.uno.server.ClientHandler.readMessageFromClient(ClientHandler.java:54)
	at bg.sofia.uni.fmi.mjt.uno.server.ClientHandler.run(ClientHandler.java:29)
	at java.base/java.lang.Thread.run(Thread.java:1575)
===================================================
Timestamp: 2025-01-30T13:12:46.366628700
Client Info: Unknown (error retrieving client info)
Log Level: ERROR
Message: Error occurred while handling client: Unknown (error retrieving client info)
Stacktrace:
java.nio.channels.ClosedChannelException
	at java.base/sun.nio.ch.SocketChannelImpl.ensureOpenAndConnected(SocketChannelImpl.java:224)
	at java.base/sun.nio.ch.SocketChannelImpl.implRead(SocketChannelImpl.java:411)
	at java.base/sun.nio.ch.SocketChannelImpl.read(SocketChannelImpl.java:493)
	at bg.sofia.uni.fmi.mjt.uno.server.ClientHandler.readMessageFromClient(ClientHandler.java:54)
	at bg.sofia.uni.fmi.mjt.uno.server.ClientHandler.run(ClientHandler.java:29)
	at java.base/java.lang.Thread.run(Thread.java:1575)
===================================================
Timestamp: 2025-01-30T13:12:46.367629500
Client Info: Unknown (error retrieving client info)
Log Level: ERROR
Message: Error occurred while handling client: Unknown (error retrieving client info)
Stacktrace:
java.nio.channels.ClosedChannelException
	at java.base/sun.nio.ch.SocketChannelImpl.ensureOpenAndConnected(SocketChannelImpl.java:224)
	at java.base/sun.nio.ch.SocketChannelImpl.implRead(SocketChannelImpl.java:411)
	at java.base/sun.nio.ch.SocketChannelImpl.read(SocketChannelImpl.java:493)
	at bg.sofia.uni.fmi.mjt.uno.server.ClientHandler.readMessageFromClient(ClientHandler.java:54)
	at bg.sofia.uni.fmi.mjt.uno.server.ClientHandler.run(ClientHandler.java:29)
	at java.base/java.lang.Thread.run(Thread.java:1575)
===================================================
Timestamp: 2025-01-30T13:12:46.367629500
Client Info: Unknown (error retrieving client info)
Log Level: ERROR
Message: Error occurred while handling client: Unknown (error retrieving client info)
Stacktrace:
java.nio.channels.ClosedChannelException
	at java.base/sun.nio.ch.SocketChannelImpl.ensureOpenAndConnected(SocketChannelImpl.java:224)
	at java.base/sun.nio.ch.SocketChannelImpl.implRead(SocketChannelImpl.java:411)
	at java.base/sun.nio.ch.SocketChannelImpl.read(SocketChannelImpl.java:493)
	at bg.sofia.uni.fmi.mjt.uno.server.ClientHandler.readMessageFromClient(ClientHandler.java:54)
	at bg.sofia.uni.fmi.mjt.uno.server.ClientHandler.run(ClientHandler.java:29)
	at java.base/java.lang.Thread.run(Thread.java:1575)
===================================================
Timestamp: 2025-01-30T13:12:46.368632200
Client Info: Unknown (error retrieving client info)
Log Level: ERROR
Message: Error occurred while handling client: Unknown (error retrieving client info)
Stacktrace:
java.nio.channels.ClosedChannelException
	at java.base/sun.nio.ch.SocketChannelImpl.ensureOpenAndConnected(SocketChannelImpl.java:224)
	at java.base/sun.nio.ch.SocketChannelImpl.implRead(SocketChannelImpl.java:411)
	at java.base/sun.nio.ch.SocketChannelImpl.read(SocketChannelImpl.java:493)
	at bg.sofia.uni.fmi.mjt.uno.server.ClientHandler.readMessageFromClient(ClientHandler.java:54)
	at bg.sofia.uni.fmi.mjt.uno.server.ClientHandler.run(ClientHandler.java:29)
	at java.base/java.lang.Thread.run(Thread.java:1575)
===================================================
Timestamp: 2025-01-30T13:12:46.368632200
Client Info: Unknown (error retrieving client info)
Log Level: ERROR
Message: Error occurred while handling client: Unknown (error retrieving client info)
Stacktrace:
java.nio.channels.ClosedChannelException
	at java.base/sun.nio.ch.SocketChannelImpl.ensureOpenAndConnected(SocketChannelImpl.java:224)
	at java.base/sun.nio.ch.SocketChannelImpl.implRead(SocketChannelImpl.java:411)
	at java.base/sun.nio.ch.SocketChannelImpl.read(SocketChannelImpl.java:493)
	at bg.sofia.uni.fmi.mjt.uno.server.ClientHandler.readMessageFromClient(ClientHandler.java:54)
	at bg.sofia.uni.fmi.mjt.uno.server.ClientHandler.run(ClientHandler.java:29)
	at java.base/java.lang.Thread.run(Thread.java:1575)
===================================================
Timestamp: 2025-01-30T13:12:46.369430200
Client Info: Unknown (error retrieving client info)
Log Level: ERROR
Message: Error occurred while handling client: Unknown (error retrieving client info)
Stacktrace:
java.nio.channels.ClosedChannelException
	at java.base/sun.nio.ch.SocketChannelImpl.ensureOpenAndConnected(SocketChannelImpl.java:224)
	at java.base/sun.nio.ch.SocketChannelImpl.implRead(SocketChannelImpl.java:411)
	at java.base/sun.nio.ch.SocketChannelImpl.read(SocketChannelImpl.java:493)
	at bg.sofia.uni.fmi.mjt.uno.server.ClientHandler.readMessageFromClient(ClientHandler.java:54)
	at bg.sofia.uni.fmi.mjt.uno.server.ClientHandler.run(ClientHandler.java:29)
	at java.base/java.lang.Thread.run(Thread.java:1575)
===================================================
Timestamp: 2025-01-30T13:12:46.370439600
Client Info: Unknown (error retrieving client info)
Log Level: ERROR
Message: Error occurred while handling client: Unknown (error retrieving client info)
Stacktrace:
java.nio.channels.ClosedChannelException
	at java.base/sun.nio.ch.SocketChannelImpl.ensureOpenAndConnected(SocketChannelImpl.java:224)
	at java.base/sun.nio.ch.SocketChannelImpl.implRead(SocketChannelImpl.java:411)
	at java.base/sun.nio.ch.SocketChannelImpl.read(SocketChannelImpl.java:493)
	at bg.sofia.uni.fmi.mjt.uno.server.ClientHandler.readMessageFromClient(ClientHandler.java:54)
	at bg.sofia.uni.fmi.mjt.uno.server.ClientHandler.run(ClientHandler.java:29)
	at java.base/java.lang.Thread.run(Thread.java:1575)
===================================================
Timestamp: 2025-01-30T13:12:46.370439600
Client Info: Unknown (error retrieving client info)
Log Level: ERROR
Message: Error occurred while handling client: Unknown (error retrieving client info)
Stacktrace:
java.nio.channels.ClosedChannelException
	at java.base/sun.nio.ch.SocketChannelImpl.ensureOpenAndConnected(SocketChannelImpl.java:224)
	at java.base/sun.nio.ch.SocketChannelImpl.implRead(SocketChannelImpl.java:411)
	at java.base/sun.nio.ch.SocketChannelImpl.read(SocketChannelImpl.java:493)
	at bg.sofia.uni.fmi.mjt.uno.server.ClientHandler.readMessageFromClient(ClientHandler.java:54)
	at bg.sofia.uni.fmi.mjt.uno.server.ClientHandler.run(ClientHandler.java:29)
	at java.base/java.lang.Thread.run(Thread.java:1575)
===================================================
Timestamp: 2025-01-30T13:12:46.370439600
Client Info: Unknown (error retrieving client info)
Log Level: ERROR
Message: Error occurred while handling client: Unknown (error retrieving client info)
Stacktrace:
java.nio.channels.ClosedChannelException
	at java.base/sun.nio.ch.SocketChannelImpl.ensureOpenAndConnected(SocketChannelImpl.java:224)
	at java.base/sun.nio.ch.SocketChannelImpl.implRead(SocketChannelImpl.java:411)
	at java.base/sun.nio.ch.SocketChannelImpl.read(SocketChannelImpl.java:493)
	at bg.sofia.uni.fmi.mjt.uno.server.ClientHandler.readMessageFromClient(ClientHandler.java:54)
	at bg.sofia.uni.fmi.mjt.uno.server.ClientHandler.run(ClientHandler.java:29)
	at java.base/java.lang.Thread.run(Thread.java:1575)
===================================================
Timestamp: 2025-01-30T13:12:46.370439600
Client Info: Unknown (error retrieving client info)
Log Level: ERROR
Message: Error occurred while handling client: Unknown (error retrieving client info)
Stacktrace:
java.nio.channels.ClosedChannelException
	at java.base/sun.nio.ch.SocketChannelImpl.ensureOpenAndConnected(SocketChannelImpl.java:224)
	at java.base/sun.nio.ch.SocketChannelImpl.implRead(SocketChannelImpl.java:411)
	at java.base/sun.nio.ch.SocketChannelImpl.read(SocketChannelImpl.java:493)
	at bg.sofia.uni.fmi.mjt.uno.server.ClientHandler.readMessageFromClient(ClientHandler.java:54)
	at bg.sofia.uni.fmi.mjt.uno.server.ClientHandler.run(ClientHandler.java:29)
	at java.base/java.lang.Thread.run(Thread.java:1575)
===================================================
Timestamp: 2025-01-30T13:12:46.370439600
Client Info: Unknown (error retrieving client info)
Log Level: ERROR
Message: Error occurred while handling client: Unknown (error retrieving client info)
Stacktrace:
java.nio.channels.ClosedChannelException
	at java.base/sun.nio.ch.SocketChannelImpl.ensureOpenAndConnected(SocketChannelImpl.java:224)
	at java.base/sun.nio.ch.SocketChannelImpl.implRead(SocketChannelImpl.java:411)
	at java.base/sun.nio.ch.SocketChannelImpl.read(SocketChannelImpl.java:493)
	at bg.sofia.uni.fmi.mjt.uno.server.ClientHandler.readMessageFromClient(ClientHandler.java:54)
	at bg.sofia.uni.fmi.mjt.uno.server.ClientHandler.run(ClientHandler.java:29)
	at java.base/java.lang.Thread.run(Thread.java:1575)
===================================================
Timestamp: 2025-01-30T13:12:46.372440100
Client Info: Unknown (error retrieving client info)
Log Level: ERROR
Message: Error occurred while handling client: Unknown (error retrieving client info)
Stacktrace:
java.nio.channels.ClosedChannelException
	at java.base/sun.nio.ch.SocketChannelImpl.ensureOpenAndConnected(SocketChannelImpl.java:224)
	at java.base/sun.nio.ch.SocketChannelImpl.implRead(SocketChannelImpl.java:411)
	at java.base/sun.nio.ch.SocketChannelImpl.read(SocketChannelImpl.java:493)
	at bg.sofia.uni.fmi.mjt.uno.server.ClientHandler.readMessageFromClient(ClientHandler.java:54)
	at bg.sofia.uni.fmi.mjt.uno.server.ClientHandler.run(ClientHandler.java:29)
	at java.base/java.lang.Thread.run(Thread.java:1575)
===================================================
Timestamp: 2025-01-30T13:12:46.372440100
Client Info: Unknown (error retrieving client info)
Log Level: ERROR
Message: Error occurred while handling client: Unknown (error retrieving client info)
Stacktrace:
java.nio.channels.ClosedChannelException
	at java.base/sun.nio.ch.SocketChannelImpl.ensureOpenAndConnected(SocketChannelImpl.java:224)
	at java.base/sun.nio.ch.SocketChannelImpl.implRead(SocketChannelImpl.java:411)
	at java.base/sun.nio.ch.SocketChannelImpl.read(SocketChannelImpl.java:493)
	at bg.sofia.uni.fmi.mjt.uno.server.ClientHandler.readMessageFromClient(ClientHandler.java:54)
	at bg.sofia.uni.fmi.mjt.uno.server.ClientHandler.run(ClientHandler.java:29)
	at java.base/java.lang.Thread.run(Thread.java:1575)
===================================================
Timestamp: 2025-01-30T13:12:46.372440100
Client Info: Unknown (error retrieving client info)
Log Level: ERROR
Message: Error occurred while handling client: Unknown (error retrieving client info)
Stacktrace:
java.nio.channels.ClosedChannelException
	at java.base/sun.nio.ch.SocketChannelImpl.ensureOpenAndConnected(SocketChannelImpl.java:224)
	at java.base/sun.nio.ch.SocketChannelImpl.implRead(SocketChannelImpl.java:411)
	at java.base/sun.nio.ch.SocketChannelImpl.read(SocketChannelImpl.java:493)
	at bg.sofia.uni.fmi.mjt.uno.server.ClientHandler.readMessageFromClient(ClientHandler.java:54)
	at bg.sofia.uni.fmi.mjt.uno.server.ClientHandler.run(ClientHandler.java:29)
	at java.base/java.lang.Thread.run(Thread.java:1575)
===================================================
Timestamp: 2025-01-30T13:12:46.372440100
Client Info: Unknown (error retrieving client info)
Log Level: ERROR
Message: Error occurred while handling client: Unknown (error retrieving client info)
Stacktrace:
java.nio.channels.ClosedChannelException
	at java.base/sun.nio.ch.SocketChannelImpl.ensureOpenAndConnected(SocketChannelImpl.java:224)
	at java.base/sun.nio.ch.SocketChannelImpl.implRead(SocketChannelImpl.java:411)
	at java.base/sun.nio.ch.SocketChannelImpl.read(SocketChannelImpl.java:493)
	at bg.sofia.uni.fmi.mjt.uno.server.ClientHandler.readMessageFromClient(ClientHandler.java:54)
	at bg.sofia.uni.fmi.mjt.uno.server.ClientHandler.run(ClientHandler.java:29)
	at java.base/java.lang.Thread.run(Thread.java:1575)
===================================================
Timestamp: 2025-01-30T13:12:46.373441200
Client Info: Unknown (error retrieving client info)
Log Level: ERROR
Message: Error occurred while handling client: Unknown (error retrieving client info)
Stacktrace:
java.nio.channels.ClosedChannelException
	at java.base/sun.nio.ch.SocketChannelImpl.ensureOpenAndConnected(SocketChannelImpl.java:224)
	at java.base/sun.nio.ch.SocketChannelImpl.implRead(SocketChannelImpl.java:411)
	at java.base/sun.nio.ch.SocketChannelImpl.read(SocketChannelImpl.java:493)
	at bg.sofia.uni.fmi.mjt.uno.server.ClientHandler.readMessageFromClient(ClientHandler.java:54)
	at bg.sofia.uni.fmi.mjt.uno.server.ClientHandler.run(ClientHandler.java:29)
	at java.base/java.lang.Thread.run(Thread.java:1575)
===================================================
Timestamp: 2025-01-30T13:12:46.374440900
Client Info: Unknown (error retrieving client info)
Log Level: ERROR
Message: Error occurred while handling client: Unknown (error retrieving client info)
Stacktrace:
java.nio.channels.ClosedChannelException
	at java.base/sun.nio.ch.SocketChannelImpl.ensureOpenAndConnected(SocketChannelImpl.java:224)
	at java.base/sun.nio.ch.SocketChannelImpl.implRead(SocketChannelImpl.java:411)
	at java.base/sun.nio.ch.SocketChannelImpl.read(SocketChannelImpl.java:493)
	at bg.sofia.uni.fmi.mjt.uno.server.ClientHandler.readMessageFromClient(ClientHandler.java:54)
	at bg.sofia.uni.fmi.mjt.uno.server.ClientHandler.run(ClientHandler.java:29)
	at java.base/java.lang.Thread.run(Thread.java:1575)
===================================================
Timestamp: 2025-01-30T13:12:46.376716300
Client Info: Unknown (error retrieving client info)
Log Level: ERROR
Message: Error occurred while handling client: Unknown (error retrieving client info)
Stacktrace:
java.nio.channels.ClosedChannelException
	at java.base/sun.nio.ch.SocketChannelImpl.ensureOpenAndConnected(SocketChannelImpl.java:224)
	at java.base/sun.nio.ch.SocketChannelImpl.implRead(SocketChannelImpl.java:411)
	at java.base/sun.nio.ch.SocketChannelImpl.read(SocketChannelImpl.java:493)
	at bg.sofia.uni.fmi.mjt.uno.server.ClientHandler.readMessageFromClient(ClientHandler.java:54)
	at bg.sofia.uni.fmi.mjt.uno.server.ClientHandler.run(ClientHandler.java:29)
	at java.base/java.lang.Thread.run(Thread.java:1575)
===================================================
Timestamp: 2025-01-30T13:12:46.376716300
Client Info: Unknown (error retrieving client info)
Log Level: ERROR
Message: Error occurred while handling client: Unknown (error retrieving client info)
Stacktrace:
java.nio.channels.ClosedChannelException
	at java.base/sun.nio.ch.SocketChannelImpl.ensureOpenAndConnected(SocketChannelImpl.java:224)
	at java.base/sun.nio.ch.SocketChannelImpl.implRead(SocketChannelImpl.java:411)
	at java.base/sun.nio.ch.SocketChannelImpl.read(SocketChannelImpl.java:493)
	at bg.sofia.uni.fmi.mjt.uno.server.ClientHandler.readMessageFromClient(ClientHandler.java:54)
	at bg.sofia.uni.fmi.mjt.uno.server.ClientHandler.run(ClientHandler.java:29)
	at java.base/java.lang.Thread.run(Thread.java:1575)
===================================================
Timestamp: 2025-01-30T13:12:46.377807400
Client Info: Unknown (error retrieving client info)
Log Level: ERROR
Message: Error occurred while handling client: Unknown (error retrieving client info)
Stacktrace:
java.nio.channels.ClosedChannelException
	at java.base/sun.nio.ch.SocketChannelImpl.ensureOpenAndConnected(SocketChannelImpl.java:224)
	at java.base/sun.nio.ch.SocketChannelImpl.implRead(SocketChannelImpl.java:411)
	at java.base/sun.nio.ch.SocketChannelImpl.read(SocketChannelImpl.java:493)
	at bg.sofia.uni.fmi.mjt.uno.server.ClientHandler.readMessageFromClient(ClientHandler.java:54)
	at bg.sofia.uni.fmi.mjt.uno.server.ClientHandler.run(ClientHandler.java:29)
	at java.base/java.lang.Thread.run(Thread.java:1575)
===================================================
Timestamp: 2025-01-30T13:12:46.377807400
Client Info: Unknown (error retrieving client info)
Log Level: ERROR
Message: Error occurred while handling client: Unknown (error retrieving client info)
Stacktrace:
java.nio.channels.ClosedChannelException
	at java.base/sun.nio.ch.SocketChannelImpl.ensureOpenAndConnected(SocketChannelImpl.java:224)
	at java.base/sun.nio.ch.SocketChannelImpl.implRead(SocketChannelImpl.java:411)
	at java.base/sun.nio.ch.SocketChannelImpl.read(SocketChannelImpl.java:493)
	at bg.sofia.uni.fmi.mjt.uno.server.ClientHandler.readMessageFromClient(ClientHandler.java:54)
	at bg.sofia.uni.fmi.mjt.uno.server.ClientHandler.run(ClientHandler.java:29)
	at java.base/java.lang.Thread.run(Thread.java:1575)
===================================================
Timestamp: 2025-01-30T13:12:46.377807400
Client Info: Unknown (error retrieving client info)
Log Level: ERROR
Message: Error occurred while handling client: Unknown (error retrieving client info)
Stacktrace:
java.nio.channels.ClosedChannelException
	at java.base/sun.nio.ch.SocketChannelImpl.ensureOpenAndConnected(SocketChannelImpl.java:224)
	at java.base/sun.nio.ch.SocketChannelImpl.implRead(SocketChannelImpl.java:411)
	at java.base/sun.nio.ch.SocketChannelImpl.read(SocketChannelImpl.java:493)
	at bg.sofia.uni.fmi.mjt.uno.server.ClientHandler.readMessageFromClient(ClientHandler.java:54)
	at bg.sofia.uni.fmi.mjt.uno.server.ClientHandler.run(ClientHandler.java:29)
	at java.base/java.lang.Thread.run(Thread.java:1575)
===================================================
Timestamp: 2025-01-30T13:12:46.377807400
Client Info: Unknown (error retrieving client info)
Log Level: ERROR
Message: Error occurred while handling client: Unknown (error retrieving client info)
Stacktrace:
java.nio.channels.ClosedChannelException
	at java.base/sun.nio.ch.SocketChannelImpl.ensureOpenAndConnected(SocketChannelImpl.java:224)
	at java.base/sun.nio.ch.SocketChannelImpl.implRead(SocketChannelImpl.java:411)
	at java.base/sun.nio.ch.SocketChannelImpl.read(SocketChannelImpl.java:493)
	at bg.sofia.uni.fmi.mjt.uno.server.ClientHandler.readMessageFromClient(ClientHandler.java:54)
	at bg.sofia.uni.fmi.mjt.uno.server.ClientHandler.run(ClientHandler.java:29)
	at java.base/java.lang.Thread.run(Thread.java:1575)
===================================================
Timestamp: 2025-01-30T13:12:46.378808100
Client Info: Unknown (error retrieving client info)
Log Level: ERROR
Message: Error occurred while handling client: Unknown (error retrieving client info)
Stacktrace:
java.nio.channels.ClosedChannelException
	at java.base/sun.nio.ch.SocketChannelImpl.ensureOpenAndConnected(SocketChannelImpl.java:224)
	at java.base/sun.nio.ch.SocketChannelImpl.implRead(SocketChannelImpl.java:411)
	at java.base/sun.nio.ch.SocketChannelImpl.read(SocketChannelImpl.java:493)
	at bg.sofia.uni.fmi.mjt.uno.server.ClientHandler.readMessageFromClient(ClientHandler.java:54)
	at bg.sofia.uni.fmi.mjt.uno.server.ClientHandler.run(ClientHandler.java:29)
	at java.base/java.lang.Thread.run(Thread.java:1575)
===================================================
Timestamp: 2025-01-30T13:12:46.379809100
Client Info: Unknown (error retrieving client info)
Log Level: ERROR
Message: Error occurred while handling client: Unknown (error retrieving client info)
Stacktrace:
java.nio.channels.ClosedChannelException
	at java.base/sun.nio.ch.SocketChannelImpl.ensureOpenAndConnected(SocketChannelImpl.java:224)
	at java.base/sun.nio.ch.SocketChannelImpl.implRead(SocketChannelImpl.java:411)
	at java.base/sun.nio.ch.SocketChannelImpl.read(SocketChannelImpl.java:493)
	at bg.sofia.uni.fmi.mjt.uno.server.ClientHandler.readMessageFromClient(ClientHandler.java:54)
	at bg.sofia.uni.fmi.mjt.uno.server.ClientHandler.run(ClientHandler.java:29)
	at java.base/java.lang.Thread.run(Thread.java:1575)
===================================================
Timestamp: 2025-01-30T13:12:46.380317300
Client Info: Unknown (error retrieving client info)
Log Level: ERROR
Message: Error occurred while handling client: Unknown (error retrieving client info)
Stacktrace:
java.nio.channels.ClosedChannelException
	at java.base/sun.nio.ch.SocketChannelImpl.ensureOpenAndConnected(SocketChannelImpl.java:224)
	at java.base/sun.nio.ch.SocketChannelImpl.implRead(SocketChannelImpl.java:411)
	at java.base/sun.nio.ch.SocketChannelImpl.read(SocketChannelImpl.java:493)
	at bg.sofia.uni.fmi.mjt.uno.server.ClientHandler.readMessageFromClient(ClientHandler.java:54)
	at bg.sofia.uni.fmi.mjt.uno.server.ClientHandler.run(ClientHandler.java:29)
	at java.base/java.lang.Thread.run(Thread.java:1575)
===================================================
Timestamp: 2025-01-30T13:12:46.380317300
Client Info: Unknown (error retrieving client info)
Log Level: ERROR
Message: Error occurred while handling client: Unknown (error retrieving client info)
Stacktrace:
java.nio.channels.ClosedChannelException
	at java.base/sun.nio.ch.SocketChannelImpl.ensureOpenAndConnected(SocketChannelImpl.java:224)
	at java.base/sun.nio.ch.SocketChannelImpl.implRead(SocketChannelImpl.java:411)
	at java.base/sun.nio.ch.SocketChannelImpl.read(SocketChannelImpl.java:493)
	at bg.sofia.uni.fmi.mjt.uno.server.ClientHandler.readMessageFromClient(ClientHandler.java:54)
	at bg.sofia.uni.fmi.mjt.uno.server.ClientHandler.run(ClientHandler.java:29)
	at java.base/java.lang.Thread.run(Thread.java:1575)
===================================================
Timestamp: 2025-01-30T13:12:46.381328
Client Info: Unknown (error retrieving client info)
Log Level: ERROR
Message: Error occurred while handling client: Unknown (error retrieving client info)
Stacktrace:
java.nio.channels.ClosedChannelException
	at java.base/sun.nio.ch.SocketChannelImpl.ensureOpenAndConnected(SocketChannelImpl.java:224)
	at java.base/sun.nio.ch.SocketChannelImpl.implRead(SocketChannelImpl.java:411)
	at java.base/sun.nio.ch.SocketChannelImpl.read(SocketChannelImpl.java:493)
	at bg.sofia.uni.fmi.mjt.uno.server.ClientHandler.readMessageFromClient(ClientHandler.java:54)
	at bg.sofia.uni.fmi.mjt.uno.server.ClientHandler.run(ClientHandler.java:29)
	at java.base/java.lang.Thread.run(Thread.java:1575)
===================================================
Timestamp: 2025-01-30T13:12:46.382328600
Client Info: Unknown (error retrieving client info)
Log Level: ERROR
Message: Error occurred while handling client: Unknown (error retrieving client info)
Stacktrace:
java.nio.channels.ClosedChannelException
	at java.base/sun.nio.ch.SocketChannelImpl.ensureOpenAndConnected(SocketChannelImpl.java:224)
	at java.base/sun.nio.ch.SocketChannelImpl.implRead(SocketChannelImpl.java:411)
	at java.base/sun.nio.ch.SocketChannelImpl.read(SocketChannelImpl.java:493)
	at bg.sofia.uni.fmi.mjt.uno.server.ClientHandler.readMessageFromClient(ClientHandler.java:54)
	at bg.sofia.uni.fmi.mjt.uno.server.ClientHandler.run(ClientHandler.java:29)
	at java.base/java.lang.Thread.run(Thread.java:1575)
===================================================
Timestamp: 2025-01-30T13:12:46.382328600
Client Info: Unknown (error retrieving client info)
Log Level: ERROR
Message: Error occurred while handling client: Unknown (error retrieving client info)
Stacktrace:
java.nio.channels.ClosedChannelException
	at java.base/sun.nio.ch.SocketChannelImpl.ensureOpenAndConnected(SocketChannelImpl.java:224)
	at java.base/sun.nio.ch.SocketChannelImpl.implRead(SocketChannelImpl.java:411)
	at java.base/sun.nio.ch.SocketChannelImpl.read(SocketChannelImpl.java:493)
	at bg.sofia.uni.fmi.mjt.uno.server.ClientHandler.readMessageFromClient(ClientHandler.java:54)
	at bg.sofia.uni.fmi.mjt.uno.server.ClientHandler.run(ClientHandler.java:29)
	at java.base/java.lang.Thread.run(Thread.java:1575)
===================================================
Timestamp: 2025-01-30T13:12:46.383326700
Client Info: Unknown (error retrieving client info)
Log Level: ERROR
Message: Error occurred while handling client: Unknown (error retrieving client info)
Stacktrace:
java.nio.channels.ClosedChannelException
	at java.base/sun.nio.ch.SocketChannelImpl.ensureOpenAndConnected(SocketChannelImpl.java:224)
	at java.base/sun.nio.ch.SocketChannelImpl.implRead(SocketChannelImpl.java:411)
	at java.base/sun.nio.ch.SocketChannelImpl.read(SocketChannelImpl.java:493)
	at bg.sofia.uni.fmi.mjt.uno.server.ClientHandler.readMessageFromClient(ClientHandler.java:54)
	at bg.sofia.uni.fmi.mjt.uno.server.ClientHandler.run(ClientHandler.java:29)
	at java.base/java.lang.Thread.run(Thread.java:1575)
===================================================
Timestamp: 2025-01-30T13:12:46.383326700
Client Info: Unknown (error retrieving client info)
Log Level: ERROR
Message: Error occurred while handling client: Unknown (error retrieving client info)
Stacktrace:
java.nio.channels.ClosedChannelException
	at java.base/sun.nio.ch.SocketChannelImpl.ensureOpenAndConnected(SocketChannelImpl.java:224)
	at java.base/sun.nio.ch.SocketChannelImpl.implRead(SocketChannelImpl.java:411)
	at java.base/sun.nio.ch.SocketChannelImpl.read(SocketChannelImpl.java:493)
	at bg.sofia.uni.fmi.mjt.uno.server.ClientHandler.readMessageFromClient(ClientHandler.java:54)
	at bg.sofia.uni.fmi.mjt.uno.server.ClientHandler.run(ClientHandler.java:29)
	at java.base/java.lang.Thread.run(Thread.java:1575)
===================================================
Timestamp: 2025-01-30T13:12:46.383326700
Client Info: Unknown (error retrieving client info)
Log Level: ERROR
Message: Error occurred while handling client: Unknown (error retrieving client info)
Stacktrace:
java.nio.channels.ClosedChannelException
	at java.base/sun.nio.ch.SocketChannelImpl.ensureOpenAndConnected(SocketChannelImpl.java:224)
	at java.base/sun.nio.ch.SocketChannelImpl.implRead(SocketChannelImpl.java:411)
	at java.base/sun.nio.ch.SocketChannelImpl.read(SocketChannelImpl.java:493)
	at bg.sofia.uni.fmi.mjt.uno.server.ClientHandler.readMessageFromClient(ClientHandler.java:54)
	at bg.sofia.uni.fmi.mjt.uno.server.ClientHandler.run(ClientHandler.java:29)
	at java.base/java.lang.Thread.run(Thread.java:1575)
===================================================
Timestamp: 2025-01-30T13:12:46.383326700
Client Info: Unknown (error retrieving client info)
Log Level: ERROR
Message: Error occurred while handling client: Unknown (error retrieving client info)
Stacktrace:
java.nio.channels.ClosedChannelException
	at java.base/sun.nio.ch.SocketChannelImpl.ensureOpenAndConnected(SocketChannelImpl.java:224)
	at java.base/sun.nio.ch.SocketChannelImpl.implRead(SocketChannelImpl.java:411)
	at java.base/sun.nio.ch.SocketChannelImpl.read(SocketChannelImpl.java:493)
	at bg.sofia.uni.fmi.mjt.uno.server.ClientHandler.readMessageFromClient(ClientHandler.java:54)
	at bg.sofia.uni.fmi.mjt.uno.server.ClientHandler.run(ClientHandler.java:29)
	at java.base/java.lang.Thread.run(Thread.java:1575)
===================================================
Timestamp: 2025-01-30T13:12:46.384328200
Client Info: Unknown (error retrieving client info)
Log Level: ERROR
Message: Error occurred while handling client: Unknown (error retrieving client info)
Stacktrace:
java.nio.channels.ClosedChannelException
	at java.base/sun.nio.ch.SocketChannelImpl.ensureOpenAndConnected(SocketChannelImpl.java:224)
	at java.base/sun.nio.ch.SocketChannelImpl.implRead(SocketChannelImpl.java:411)
	at java.base/sun.nio.ch.SocketChannelImpl.read(SocketChannelImpl.java:493)
	at bg.sofia.uni.fmi.mjt.uno.server.ClientHandler.readMessageFromClient(ClientHandler.java:54)
	at bg.sofia.uni.fmi.mjt.uno.server.ClientHandler.run(ClientHandler.java:29)
	at java.base/java.lang.Thread.run(Thread.java:1575)
===================================================
Timestamp: 2025-01-30T13:12:46.385327700
Client Info: Unknown (error retrieving client info)
Log Level: ERROR
Message: Error occurred while handling client: Unknown (error retrieving client info)
Stacktrace:
java.nio.channels.ClosedChannelException
	at java.base/sun.nio.ch.SocketChannelImpl.ensureOpenAndConnected(SocketChannelImpl.java:224)
	at java.base/sun.nio.ch.SocketChannelImpl.implRead(SocketChannelImpl.java:411)
	at java.base/sun.nio.ch.SocketChannelImpl.read(SocketChannelImpl.java:493)
	at bg.sofia.uni.fmi.mjt.uno.server.ClientHandler.readMessageFromClient(ClientHandler.java:54)
	at bg.sofia.uni.fmi.mjt.uno.server.ClientHandler.run(ClientHandler.java:29)
	at java.base/java.lang.Thread.run(Thread.java:1575)
===================================================
Timestamp: 2025-01-30T14:04:38.077670
Client Info: Username: krisi, Address: /127.0.0.1:55724
Log Level: ERROR
Message: Error occurred while handling client: Username: krisi, Address: /127.0.0.1:55724
Stacktrace:
java.net.SocketException: Connection reset
	at java.base/sun.nio.ch.SocketChannelImpl.throwConnectionReset(SocketChannelImpl.java:403)
	at java.base/sun.nio.ch.SocketChannelImpl.implRead(SocketChannelImpl.java:419)
	at java.base/sun.nio.ch.SocketChannelImpl.read(SocketChannelImpl.java:493)
	at bg.sofia.uni.fmi.mjt.uno.server.ClientHandler.readMessageFromClient(ClientHandler.java:54)
	at bg.sofia.uni.fmi.mjt.uno.server.ClientHandler.run(ClientHandler.java:29)
	at java.base/java.lang.Thread.run(Thread.java:1575)
===================================================
Timestamp: 2025-01-30T14:04:38.061526600
Client Info: Username: krisi, Address: /127.0.0.1:55724
Log Level: ERROR
Message: Error occurred while handling client: Username: krisi, Address: /127.0.0.1:55724
Stacktrace:
java.net.SocketException: Connection reset
	at java.base/sun.nio.ch.SocketChannelImpl.throwConnectionReset(SocketChannelImpl.java:403)
	at java.base/sun.nio.ch.SocketChannelImpl.implRead(SocketChannelImpl.java:419)
	at java.base/sun.nio.ch.SocketChannelImpl.read(SocketChannelImpl.java:493)
	at bg.sofia.uni.fmi.mjt.uno.server.ClientHandler.readMessageFromClient(ClientHandler.java:54)
	at bg.sofia.uni.fmi.mjt.uno.server.ClientHandler.run(ClientHandler.java:29)
	at java.base/java.lang.Thread.run(Thread.java:1575)
===================================================
Timestamp: 2025-01-30T14:04:38.062526100
Client Info: Username: krisi, Address: /127.0.0.1:55724
Log Level: ERROR
Message: Error occurred while handling client: Username: krisi, Address: /127.0.0.1:55724
Stacktrace:
java.net.SocketException: Connection reset
	at java.base/sun.nio.ch.SocketChannelImpl.throwConnectionReset(SocketChannelImpl.java:403)
	at java.base/sun.nio.ch.SocketChannelImpl.implRead(SocketChannelImpl.java:419)
	at java.base/sun.nio.ch.SocketChannelImpl.read(SocketChannelImpl.java:493)
	at bg.sofia.uni.fmi.mjt.uno.server.ClientHandler.readMessageFromClient(ClientHandler.java:54)
	at bg.sofia.uni.fmi.mjt.uno.server.ClientHandler.run(ClientHandler.java:29)
	at java.base/java.lang.Thread.run(Thread.java:1575)
===================================================
Timestamp: 2025-01-30T14:04:38.080671800
Client Info: Username: krisi, Address: /127.0.0.1:55724
Log Level: ERROR
Message: Error occurred while handling client: Username: krisi, Address: /127.0.0.1:55724
Stacktrace:
java.net.SocketException: Connection reset
	at java.base/sun.nio.ch.SocketChannelImpl.throwConnectionReset(SocketChannelImpl.java:403)
	at java.base/sun.nio.ch.SocketChannelImpl.implRead(SocketChannelImpl.java:419)
	at java.base/sun.nio.ch.SocketChannelImpl.read(SocketChannelImpl.java:493)
	at bg.sofia.uni.fmi.mjt.uno.server.ClientHandler.readMessageFromClient(ClientHandler.java:54)
	at bg.sofia.uni.fmi.mjt.uno.server.ClientHandler.run(ClientHandler.java:29)
	at java.base/java.lang.Thread.run(Thread.java:1575)
===================================================
Timestamp: 2025-01-30T14:04:38.061526600
Client Info: Username: krisi, Address: /127.0.0.1:55724
Log Level: ERROR
Message: Error occurred while handling client: Username: krisi, Address: /127.0.0.1:55724
Stacktrace:
java.net.SocketException: Connection reset
	at java.base/sun.nio.ch.SocketChannelImpl.throwConnectionReset(SocketChannelImpl.java:403)
	at java.base/sun.nio.ch.SocketChannelImpl.implRead(SocketChannelImpl.java:419)
	at java.base/sun.nio.ch.SocketChannelImpl.read(SocketChannelImpl.java:493)
	at bg.sofia.uni.fmi.mjt.uno.server.ClientHandler.readMessageFromClient(ClientHandler.java:54)
	at bg.sofia.uni.fmi.mjt.uno.server.ClientHandler.run(ClientHandler.java:29)
	at java.base/java.lang.Thread.run(Thread.java:1575)
===================================================
Timestamp: 2025-01-30T14:04:38.065526500
Client Info: Username: krisi, Address: /127.0.0.1:55724
Log Level: ERROR
Message: Error occurred while handling client: Username: krisi, Address: /127.0.0.1:55724
Stacktrace:
java.net.SocketException: Connection reset
	at java.base/sun.nio.ch.SocketChannelImpl.throwConnectionReset(SocketChannelImpl.java:403)
	at java.base/sun.nio.ch.SocketChannelImpl.implRead(SocketChannelImpl.java:419)
	at java.base/sun.nio.ch.SocketChannelImpl.read(SocketChannelImpl.java:493)
	at bg.sofia.uni.fmi.mjt.uno.server.ClientHandler.readMessageFromClient(ClientHandler.java:54)
	at bg.sofia.uni.fmi.mjt.uno.server.ClientHandler.run(ClientHandler.java:29)
	at java.base/java.lang.Thread.run(Thread.java:1575)
===================================================
Timestamp: 2025-01-30T14:04:38.122363300
Client Info: Username: krisi, Address: /127.0.0.1:55724
Log Level: ERROR
Message: Error occurred while handling client: Username: krisi, Address: /127.0.0.1:55724
Stacktrace:
java.net.SocketException: Connection reset
	at java.base/sun.nio.ch.SocketChannelImpl.throwConnectionReset(SocketChannelImpl.java:403)
	at java.base/sun.nio.ch.SocketChannelImpl.implRead(SocketChannelImpl.java:419)
	at java.base/sun.nio.ch.SocketChannelImpl.read(SocketChannelImpl.java:493)
	at bg.sofia.uni.fmi.mjt.uno.server.ClientHandler.readMessageFromClient(ClientHandler.java:54)
	at bg.sofia.uni.fmi.mjt.uno.server.ClientHandler.run(ClientHandler.java:29)
	at java.base/java.lang.Thread.run(Thread.java:1575)
===================================================
Timestamp: 2025-01-30T14:04:38.060528
Client Info: Username: krisi, Address: /127.0.0.1:55724
Log Level: ERROR
Message: Error occurred while handling client: Username: krisi, Address: /127.0.0.1:55724
Stacktrace:
java.net.SocketException: Connection reset
	at java.base/sun.nio.ch.SocketChannelImpl.throwConnectionReset(SocketChannelImpl.java:403)
	at java.base/sun.nio.ch.SocketChannelImpl.implRead(SocketChannelImpl.java:419)
	at java.base/sun.nio.ch.SocketChannelImpl.read(SocketChannelImpl.java:493)
	at bg.sofia.uni.fmi.mjt.uno.server.ClientHandler.readMessageFromClient(ClientHandler.java:54)
	at bg.sofia.uni.fmi.mjt.uno.server.ClientHandler.run(ClientHandler.java:29)
	at java.base/java.lang.Thread.run(Thread.java:1575)
===================================================
Timestamp: 2025-01-30T14:04:38.167046
Client Info: Username: krisi, Address: /127.0.0.1:55724
Log Level: ERROR
Message: Error occurred while handling client: Username: krisi, Address: /127.0.0.1:55724
Stacktrace:
java.net.SocketException: Connection reset
	at java.base/sun.nio.ch.SocketChannelImpl.throwConnectionReset(SocketChannelImpl.java:403)
	at java.base/sun.nio.ch.SocketChannelImpl.implRead(SocketChannelImpl.java:419)
	at java.base/sun.nio.ch.SocketChannelImpl.read(SocketChannelImpl.java:493)
	at bg.sofia.uni.fmi.mjt.uno.server.ClientHandler.readMessageFromClient(ClientHandler.java:54)
	at bg.sofia.uni.fmi.mjt.uno.server.ClientHandler.run(ClientHandler.java:29)
	at java.base/java.lang.Thread.run(Thread.java:1575)
===================================================
Timestamp: 2025-01-30T14:04:38.064525800
Client Info: Username: krisi, Address: /127.0.0.1:55724
Log Level: ERROR
Message: Error occurred while handling client: Username: krisi, Address: /127.0.0.1:55724
Stacktrace:
java.net.SocketException: Connection reset
	at java.base/sun.nio.ch.SocketChannelImpl.throwConnectionReset(SocketChannelImpl.java:403)
	at java.base/sun.nio.ch.SocketChannelImpl.implRead(SocketChannelImpl.java:419)
	at java.base/sun.nio.ch.SocketChannelImpl.read(SocketChannelImpl.java:493)
	at bg.sofia.uni.fmi.mjt.uno.server.ClientHandler.readMessageFromClient(ClientHandler.java:54)
	at bg.sofia.uni.fmi.mjt.uno.server.ClientHandler.run(ClientHandler.java:29)
	at java.base/java.lang.Thread.run(Thread.java:1575)
===================================================
Timestamp: 2025-01-30T14:04:38.060528
Client Info: Username: krisi, Address: /127.0.0.1:55724
Log Level: ERROR
Message: Error occurred while handling client: Username: krisi, Address: /127.0.0.1:55724
Stacktrace:
java.net.SocketException: Connection reset
	at java.base/sun.nio.ch.SocketChannelImpl.throwConnectionReset(SocketChannelImpl.java:403)
	at java.base/sun.nio.ch.SocketChannelImpl.implRead(SocketChannelImpl.java:419)
	at java.base/sun.nio.ch.SocketChannelImpl.read(SocketChannelImpl.java:493)
	at bg.sofia.uni.fmi.mjt.uno.server.ClientHandler.readMessageFromClient(ClientHandler.java:54)
	at bg.sofia.uni.fmi.mjt.uno.server.ClientHandler.run(ClientHandler.java:29)
	at java.base/java.lang.Thread.run(Thread.java:1575)
===================================================
Timestamp: 2025-01-30T14:04:38.062526100
Client Info: Username: krisi, Address: /127.0.0.1:55724
Log Level: ERROR
Message: Error occurred while handling client: Username: krisi, Address: /127.0.0.1:55724
Stacktrace:
java.net.SocketException: Connection reset
	at java.base/sun.nio.ch.SocketChannelImpl.throwConnectionReset(SocketChannelImpl.java:403)
	at java.base/sun.nio.ch.SocketChannelImpl.implRead(SocketChannelImpl.java:419)
	at java.base/sun.nio.ch.SocketChannelImpl.read(SocketChannelImpl.java:493)
	at bg.sofia.uni.fmi.mjt.uno.server.ClientHandler.readMessageFromClient(ClientHandler.java:54)
	at bg.sofia.uni.fmi.mjt.uno.server.ClientHandler.run(ClientHandler.java:29)
	at java.base/java.lang.Thread.run(Thread.java:1575)
===================================================
Timestamp: 2025-01-30T14:04:38.070206200
Client Info: Username: krisi, Address: /127.0.0.1:55724
Log Level: ERROR
Message: Error occurred while handling client: Username: krisi, Address: /127.0.0.1:55724
Stacktrace:
java.net.SocketException: Connection reset
	at java.base/sun.nio.ch.SocketChannelImpl.throwConnectionReset(SocketChannelImpl.java:403)
	at java.base/sun.nio.ch.SocketChannelImpl.implRead(SocketChannelImpl.java:419)
	at java.base/sun.nio.ch.SocketChannelImpl.read(SocketChannelImpl.java:493)
	at bg.sofia.uni.fmi.mjt.uno.server.ClientHandler.readMessageFromClient(ClientHandler.java:54)
	at bg.sofia.uni.fmi.mjt.uno.server.ClientHandler.run(ClientHandler.java:29)
	at java.base/java.lang.Thread.run(Thread.java:1575)
===================================================
Timestamp: 2025-01-30T14:04:38.086671300
Client Info: Username: krisi, Address: /127.0.0.1:55724
Log Level: ERROR
Message: Error occurred while handling client: Username: krisi, Address: /127.0.0.1:55724
Stacktrace:
java.net.SocketException: Connection reset
	at java.base/sun.nio.ch.SocketChannelImpl.throwConnectionReset(SocketChannelImpl.java:403)
	at java.base/sun.nio.ch.SocketChannelImpl.implRead(SocketChannelImpl.java:419)
	at java.base/sun.nio.ch.SocketChannelImpl.read(SocketChannelImpl.java:493)
	at bg.sofia.uni.fmi.mjt.uno.server.ClientHandler.readMessageFromClient(ClientHandler.java:54)
	at bg.sofia.uni.fmi.mjt.uno.server.ClientHandler.run(ClientHandler.java:29)
	at java.base/java.lang.Thread.run(Thread.java:1575)
===================================================
Timestamp: 2025-01-30T14:04:38.071208
Client Info: Username: krisi, Address: /127.0.0.1:55724
Log Level: ERROR
Message: Error occurred while handling client: Username: krisi, Address: /127.0.0.1:55724
Stacktrace:
java.net.SocketException: Connection reset
	at java.base/sun.nio.ch.SocketChannelImpl.throwConnectionReset(SocketChannelImpl.java:403)
	at java.base/sun.nio.ch.SocketChannelImpl.implRead(SocketChannelImpl.java:419)
	at java.base/sun.nio.ch.SocketChannelImpl.read(SocketChannelImpl.java:493)
	at bg.sofia.uni.fmi.mjt.uno.server.ClientHandler.readMessageFromClient(ClientHandler.java:54)
	at bg.sofia.uni.fmi.mjt.uno.server.ClientHandler.run(ClientHandler.java:29)
	at java.base/java.lang.Thread.run(Thread.java:1575)
===================================================
Timestamp: 2025-01-30T14:04:38.064525800
Client Info: Username: krisi, Address: /127.0.0.1:55724
Log Level: ERROR
Message: Error occurred while handling client: Username: krisi, Address: /127.0.0.1:55724
Stacktrace:
java.net.SocketException: Connection reset
	at java.base/sun.nio.ch.SocketChannelImpl.throwConnectionReset(SocketChannelImpl.java:403)
	at java.base/sun.nio.ch.SocketChannelImpl.implRead(SocketChannelImpl.java:419)
	at java.base/sun.nio.ch.SocketChannelImpl.read(SocketChannelImpl.java:493)
	at bg.sofia.uni.fmi.mjt.uno.server.ClientHandler.readMessageFromClient(ClientHandler.java:54)
	at bg.sofia.uni.fmi.mjt.uno.server.ClientHandler.run(ClientHandler.java:29)
	at java.base/java.lang.Thread.run(Thread.java:1575)
===================================================
Timestamp: 2025-01-30T14:04:38.085668900
Client Info: Username: krisi, Address: /127.0.0.1:55724
Log Level: ERROR
Message: Error occurred while handling client: Username: krisi, Address: /127.0.0.1:55724
Stacktrace:
java.net.SocketException: Connection reset
	at java.base/sun.nio.ch.SocketChannelImpl.throwConnectionReset(SocketChannelImpl.java:403)
	at java.base/sun.nio.ch.SocketChannelImpl.implRead(SocketChannelImpl.java:419)
	at java.base/sun.nio.ch.SocketChannelImpl.read(SocketChannelImpl.java:493)
	at bg.sofia.uni.fmi.mjt.uno.server.ClientHandler.readMessageFromClient(ClientHandler.java:54)
	at bg.sofia.uni.fmi.mjt.uno.server.ClientHandler.run(ClientHandler.java:29)
	at java.base/java.lang.Thread.run(Thread.java:1575)
===================================================
Timestamp: 2025-01-30T14:04:38.064525800
Client Info: Username: krisi, Address: /127.0.0.1:55724
Log Level: ERROR
Message: Error occurred while handling client: Username: krisi, Address: /127.0.0.1:55724
Stacktrace:
java.net.SocketException: Connection reset
	at java.base/sun.nio.ch.SocketChannelImpl.throwConnectionReset(SocketChannelImpl.java:403)
	at java.base/sun.nio.ch.SocketChannelImpl.implRead(SocketChannelImpl.java:419)
	at java.base/sun.nio.ch.SocketChannelImpl.read(SocketChannelImpl.java:493)
	at bg.sofia.uni.fmi.mjt.uno.server.ClientHandler.readMessageFromClient(ClientHandler.java:54)
	at bg.sofia.uni.fmi.mjt.uno.server.ClientHandler.run(ClientHandler.java:29)
	at java.base/java.lang.Thread.run(Thread.java:1575)
===================================================
Timestamp: 2025-01-30T14:04:38.085668900
Client Info: Username: krisi, Address: /127.0.0.1:55724
Log Level: ERROR
Message: Error occurred while handling client: Username: krisi, Address: /127.0.0.1:55724
Stacktrace:
java.net.SocketException: Connection reset
	at java.base/sun.nio.ch.SocketChannelImpl.throwConnectionReset(SocketChannelImpl.java:403)
	at java.base/sun.nio.ch.SocketChannelImpl.implRead(SocketChannelImpl.java:419)
	at java.base/sun.nio.ch.SocketChannelImpl.read(SocketChannelImpl.java:493)
	at bg.sofia.uni.fmi.mjt.uno.server.ClientHandler.readMessageFromClient(ClientHandler.java:54)
	at bg.sofia.uni.fmi.mjt.uno.server.ClientHandler.run(ClientHandler.java:29)
	at java.base/java.lang.Thread.run(Thread.java:1575)
===================================================
Timestamp: 2025-01-30T14:04:38.080671800
Client Info: Username: krisi, Address: /127.0.0.1:55724
Log Level: ERROR
Message: Error occurred while handling client: Username: krisi, Address: /127.0.0.1:55724
Stacktrace:
java.net.SocketException: Connection reset
	at java.base/sun.nio.ch.SocketChannelImpl.throwConnectionReset(SocketChannelImpl.java:403)
	at java.base/sun.nio.ch.SocketChannelImpl.implRead(SocketChannelImpl.java:419)
	at java.base/sun.nio.ch.SocketChannelImpl.read(SocketChannelImpl.java:493)
	at bg.sofia.uni.fmi.mjt.uno.server.ClientHandler.readMessageFromClient(ClientHandler.java:54)
	at bg.sofia.uni.fmi.mjt.uno.server.ClientHandler.run(ClientHandler.java:29)
	at java.base/java.lang.Thread.run(Thread.java:1575)
===================================================
Timestamp: 2025-01-30T14:04:38.064525800
Client Info: Username: krisi, Address: /127.0.0.1:55724
Log Level: ERROR
Message: Error occurred while handling client: Username: krisi, Address: /127.0.0.1:55724
Stacktrace:
java.net.SocketException: Connection reset
	at java.base/sun.nio.ch.SocketChannelImpl.throwConnectionReset(SocketChannelImpl.java:403)
	at java.base/sun.nio.ch.SocketChannelImpl.implRead(SocketChannelImpl.java:419)
	at java.base/sun.nio.ch.SocketChannelImpl.read(SocketChannelImpl.java:493)
	at bg.sofia.uni.fmi.mjt.uno.server.ClientHandler.readMessageFromClient(ClientHandler.java:54)
	at bg.sofia.uni.fmi.mjt.uno.server.ClientHandler.run(ClientHandler.java:29)
	at java.base/java.lang.Thread.run(Thread.java:1575)
===================================================
Timestamp: 2025-01-30T14:04:38.067206100
Client Info: Username: krisi, Address: /127.0.0.1:55724
Log Level: ERROR
Message: Error occurred while handling client: Username: krisi, Address: /127.0.0.1:55724
Stacktrace:
java.net.SocketException: Connection reset
	at java.base/sun.nio.ch.SocketChannelImpl.throwConnectionReset(SocketChannelImpl.java:403)
	at java.base/sun.nio.ch.SocketChannelImpl.implRead(SocketChannelImpl.java:419)
	at java.base/sun.nio.ch.SocketChannelImpl.read(SocketChannelImpl.java:493)
	at bg.sofia.uni.fmi.mjt.uno.server.ClientHandler.readMessageFromClient(ClientHandler.java:54)
	at bg.sofia.uni.fmi.mjt.uno.server.ClientHandler.run(ClientHandler.java:29)
	at java.base/java.lang.Thread.run(Thread.java:1575)
===================================================
Timestamp: 2025-01-30T14:04:38.135628700
Client Info: Username: krisi, Address: /127.0.0.1:55724
Log Level: ERROR
Message: Error occurred while handling client: Username: krisi, Address: /127.0.0.1:55724
Stacktrace:
java.net.SocketException: Connection reset
	at java.base/sun.nio.ch.SocketChannelImpl.throwConnectionReset(SocketChannelImpl.java:403)
	at java.base/sun.nio.ch.SocketChannelImpl.implRead(SocketChannelImpl.java:419)
	at java.base/sun.nio.ch.SocketChannelImpl.read(SocketChannelImpl.java:493)
	at bg.sofia.uni.fmi.mjt.uno.server.ClientHandler.readMessageFromClient(ClientHandler.java:54)
	at bg.sofia.uni.fmi.mjt.uno.server.ClientHandler.run(ClientHandler.java:29)
	at java.base/java.lang.Thread.run(Thread.java:1575)
===================================================
Timestamp: 2025-01-30T14:04:38.150142400
Client Info: Username: krisi, Address: /127.0.0.1:55724
Log Level: ERROR
Message: Error occurred while handling client: Username: krisi, Address: /127.0.0.1:55724
Stacktrace:
java.net.SocketException: Connection reset
	at java.base/sun.nio.ch.SocketChannelImpl.throwConnectionReset(SocketChannelImpl.java:403)
	at java.base/sun.nio.ch.SocketChannelImpl.implRead(SocketChannelImpl.java:419)
	at java.base/sun.nio.ch.SocketChannelImpl.read(SocketChannelImpl.java:493)
	at bg.sofia.uni.fmi.mjt.uno.server.ClientHandler.readMessageFromClient(ClientHandler.java:54)
	at bg.sofia.uni.fmi.mjt.uno.server.ClientHandler.run(ClientHandler.java:29)
	at java.base/java.lang.Thread.run(Thread.java:1575)
===================================================
Timestamp: 2025-01-30T14:04:38.062526100
Client Info: Username: krisi, Address: /127.0.0.1:55724
Log Level: ERROR
Message: Error occurred while handling client: Username: krisi, Address: /127.0.0.1:55724
Stacktrace:
java.net.SocketException: Connection reset
	at java.base/sun.nio.ch.SocketChannelImpl.throwConnectionReset(SocketChannelImpl.java:403)
	at java.base/sun.nio.ch.SocketChannelImpl.implRead(SocketChannelImpl.java:419)
	at java.base/sun.nio.ch.SocketChannelImpl.read(SocketChannelImpl.java:493)
	at bg.sofia.uni.fmi.mjt.uno.server.ClientHandler.readMessageFromClient(ClientHandler.java:54)
	at bg.sofia.uni.fmi.mjt.uno.server.ClientHandler.run(ClientHandler.java:29)
	at java.base/java.lang.Thread.run(Thread.java:1575)
===================================================
Timestamp: 2025-01-30T14:04:38.071208
Client Info: Username: krisi, Address: /127.0.0.1:55724
Log Level: ERROR
Message: Error occurred while handling client: Username: krisi, Address: /127.0.0.1:55724
Stacktrace:
java.net.SocketException: Connection reset
	at java.base/sun.nio.ch.SocketChannelImpl.throwConnectionReset(SocketChannelImpl.java:403)
	at java.base/sun.nio.ch.SocketChannelImpl.implRead(SocketChannelImpl.java:419)
	at java.base/sun.nio.ch.SocketChannelImpl.read(SocketChannelImpl.java:493)
	at bg.sofia.uni.fmi.mjt.uno.server.ClientHandler.readMessageFromClient(ClientHandler.java:54)
	at bg.sofia.uni.fmi.mjt.uno.server.ClientHandler.run(ClientHandler.java:29)
	at java.base/java.lang.Thread.run(Thread.java:1575)
===================================================
Timestamp: 2025-01-30T14:04:38.061526600
Client Info: Username: krisi, Address: /127.0.0.1:55724
Log Level: ERROR
Message: Error occurred while handling client: Username: krisi, Address: /127.0.0.1:55724
Stacktrace:
java.net.SocketException: Connection reset
	at java.base/sun.nio.ch.SocketChannelImpl.throwConnectionReset(SocketChannelImpl.java:403)
	at java.base/sun.nio.ch.SocketChannelImpl.implRead(SocketChannelImpl.java:419)
	at java.base/sun.nio.ch.SocketChannelImpl.read(SocketChannelImpl.java:493)
	at bg.sofia.uni.fmi.mjt.uno.server.ClientHandler.readMessageFromClient(ClientHandler.java:54)
	at bg.sofia.uni.fmi.mjt.uno.server.ClientHandler.run(ClientHandler.java:29)
	at java.base/java.lang.Thread.run(Thread.java:1575)
===================================================
Timestamp: 2025-01-30T14:04:38.065526500
Client Info: Username: krisi, Address: /127.0.0.1:55724
Log Level: ERROR
Message: Error occurred while handling client: Username: krisi, Address: /127.0.0.1:55724
Stacktrace:
java.net.SocketException: Connection reset
	at java.base/sun.nio.ch.SocketChannelImpl.throwConnectionReset(SocketChannelImpl.java:403)
	at java.base/sun.nio.ch.SocketChannelImpl.implRead(SocketChannelImpl.java:419)
	at java.base/sun.nio.ch.SocketChannelImpl.read(SocketChannelImpl.java:493)
	at bg.sofia.uni.fmi.mjt.uno.server.ClientHandler.readMessageFromClient(ClientHandler.java:54)
	at bg.sofia.uni.fmi.mjt.uno.server.ClientHandler.run(ClientHandler.java:29)
	at java.base/java.lang.Thread.run(Thread.java:1575)
===================================================
Timestamp: 2025-01-30T14:04:38.084669400
Client Info: Username: krisi, Address: /127.0.0.1:55724
Log Level: ERROR
Message: Error occurred while handling client: Username: krisi, Address: /127.0.0.1:55724
Stacktrace:
java.net.SocketException: Connection reset
	at java.base/sun.nio.ch.SocketChannelImpl.throwConnectionReset(SocketChannelImpl.java:403)
	at java.base/sun.nio.ch.SocketChannelImpl.implRead(SocketChannelImpl.java:419)
	at java.base/sun.nio.ch.SocketChannelImpl.read(SocketChannelImpl.java:493)
	at bg.sofia.uni.fmi.mjt.uno.server.ClientHandler.readMessageFromClient(ClientHandler.java:54)
	at bg.sofia.uni.fmi.mjt.uno.server.ClientHandler.run(ClientHandler.java:29)
	at java.base/java.lang.Thread.run(Thread.java:1575)
===================================================
Timestamp: 2025-01-30T14:04:38.065526500
Client Info: Username: krisi, Address: /127.0.0.1:55724
Log Level: ERROR
Message: Error occurred while handling client: Username: krisi, Address: /127.0.0.1:55724
Stacktrace:
java.net.SocketException: Connection reset
	at java.base/sun.nio.ch.SocketChannelImpl.throwConnectionReset(SocketChannelImpl.java:403)
	at java.base/sun.nio.ch.SocketChannelImpl.implRead(SocketChannelImpl.java:419)
	at java.base/sun.nio.ch.SocketChannelImpl.read(SocketChannelImpl.java:493)
	at bg.sofia.uni.fmi.mjt.uno.server.ClientHandler.readMessageFromClient(ClientHandler.java:54)
	at bg.sofia.uni.fmi.mjt.uno.server.ClientHandler.run(ClientHandler.java:29)
	at java.base/java.lang.Thread.run(Thread.java:1575)
===================================================
Timestamp: 2025-01-30T14:04:38.083668500
Client Info: Username: krisi, Address: /127.0.0.1:55724
Log Level: ERROR
Message: Error occurred while handling client: Username: krisi, Address: /127.0.0.1:55724
Stacktrace:
java.net.SocketException: Connection reset
	at java.base/sun.nio.ch.SocketChannelImpl.throwConnectionReset(SocketChannelImpl.java:403)
	at java.base/sun.nio.ch.SocketChannelImpl.implRead(SocketChannelImpl.java:419)
	at java.base/sun.nio.ch.SocketChannelImpl.read(SocketChannelImpl.java:493)
	at bg.sofia.uni.fmi.mjt.uno.server.ClientHandler.readMessageFromClient(ClientHandler.java:54)
	at bg.sofia.uni.fmi.mjt.uno.server.ClientHandler.run(ClientHandler.java:29)
	at java.base/java.lang.Thread.run(Thread.java:1575)
===================================================
Timestamp: 2025-01-30T14:04:38.065526500
Client Info: Username: krisi, Address: /127.0.0.1:55724
Log Level: ERROR
Message: Error occurred while handling client: Username: krisi, Address: /127.0.0.1:55724
Stacktrace:
java.net.SocketException: Connection reset
	at java.base/sun.nio.ch.SocketChannelImpl.throwConnectionReset(SocketChannelImpl.java:403)
	at java.base/sun.nio.ch.SocketChannelImpl.implRead(SocketChannelImpl.java:419)
	at java.base/sun.nio.ch.SocketChannelImpl.read(SocketChannelImpl.java:493)
	at bg.sofia.uni.fmi.mjt.uno.server.ClientHandler.readMessageFromClient(ClientHandler.java:54)
	at bg.sofia.uni.fmi.mjt.uno.server.ClientHandler.run(ClientHandler.java:29)
	at java.base/java.lang.Thread.run(Thread.java:1575)
===================================================
Timestamp: 2025-01-30T14:04:38.064525800
Client Info: Username: krisi, Address: /127.0.0.1:55724
Log Level: ERROR
Message: Error occurred while handling client: Username: krisi, Address: /127.0.0.1:55724
Stacktrace:
java.net.SocketException: Connection reset
	at java.base/sun.nio.ch.SocketChannelImpl.throwConnectionReset(SocketChannelImpl.java:403)
	at java.base/sun.nio.ch.SocketChannelImpl.implRead(SocketChannelImpl.java:419)
	at java.base/sun.nio.ch.SocketChannelImpl.read(SocketChannelImpl.java:493)
	at bg.sofia.uni.fmi.mjt.uno.server.ClientHandler.readMessageFromClient(ClientHandler.java:54)
	at bg.sofia.uni.fmi.mjt.uno.server.ClientHandler.run(ClientHandler.java:29)
	at java.base/java.lang.Thread.run(Thread.java:1575)
===================================================
Timestamp: 2025-01-30T14:04:38.082670200
Client Info: Username: krisi, Address: /127.0.0.1:55724
Log Level: ERROR
Message: Error occurred while handling client: Username: krisi, Address: /127.0.0.1:55724
Stacktrace:
java.net.SocketException: Connection reset
	at java.base/sun.nio.ch.SocketChannelImpl.throwConnectionReset(SocketChannelImpl.java:403)
	at java.base/sun.nio.ch.SocketChannelImpl.implRead(SocketChannelImpl.java:419)
	at java.base/sun.nio.ch.SocketChannelImpl.read(SocketChannelImpl.java:493)
	at bg.sofia.uni.fmi.mjt.uno.server.ClientHandler.readMessageFromClient(ClientHandler.java:54)
	at bg.sofia.uni.fmi.mjt.uno.server.ClientHandler.run(ClientHandler.java:29)
	at java.base/java.lang.Thread.run(Thread.java:1575)
===================================================
Timestamp: 2025-01-30T14:04:38.167735200
Client Info: Username: krisi, Address: /127.0.0.1:55724
Log Level: ERROR
Message: Error occurred while handling client: Username: krisi, Address: /127.0.0.1:55724
Stacktrace:
java.net.SocketException: Connection reset
	at java.base/sun.nio.ch.SocketChannelImpl.throwConnectionReset(SocketChannelImpl.java:403)
	at java.base/sun.nio.ch.SocketChannelImpl.implRead(SocketChannelImpl.java:419)
	at java.base/sun.nio.ch.SocketChannelImpl.read(SocketChannelImpl.java:493)
	at bg.sofia.uni.fmi.mjt.uno.server.ClientHandler.readMessageFromClient(ClientHandler.java:54)
	at bg.sofia.uni.fmi.mjt.uno.server.ClientHandler.run(ClientHandler.java:29)
	at java.base/java.lang.Thread.run(Thread.java:1575)
===================================================
Timestamp: 2025-01-30T14:04:38.060528
Client Info: Username: krisi, Address: /127.0.0.1:55724
Log Level: ERROR
Message: Error occurred while handling client: Username: krisi, Address: /127.0.0.1:55724
Stacktrace:
java.net.SocketException: Connection reset
	at java.base/sun.nio.ch.SocketChannelImpl.throwConnectionReset(SocketChannelImpl.java:403)
	at java.base/sun.nio.ch.SocketChannelImpl.implRead(SocketChannelImpl.java:419)
	at java.base/sun.nio.ch.SocketChannelImpl.read(SocketChannelImpl.java:493)
	at bg.sofia.uni.fmi.mjt.uno.server.ClientHandler.readMessageFromClient(ClientHandler.java:54)
	at bg.sofia.uni.fmi.mjt.uno.server.ClientHandler.run(ClientHandler.java:29)
	at java.base/java.lang.Thread.run(Thread.java:1575)
===================================================
Timestamp: 2025-01-30T14:04:38.061526600
Client Info: Username: krisi, Address: /127.0.0.1:55724
Log Level: ERROR
Message: Error occurred while handling client: Username: krisi, Address: /127.0.0.1:55724
Stacktrace:
java.net.SocketException: Connection reset
	at java.base/sun.nio.ch.SocketChannelImpl.throwConnectionReset(SocketChannelImpl.java:403)
	at java.base/sun.nio.ch.SocketChannelImpl.implRead(SocketChannelImpl.java:419)
	at java.base/sun.nio.ch.SocketChannelImpl.read(SocketChannelImpl.java:493)
	at bg.sofia.uni.fmi.mjt.uno.server.ClientHandler.readMessageFromClient(ClientHandler.java:54)
	at bg.sofia.uni.fmi.mjt.uno.server.ClientHandler.run(ClientHandler.java:29)
	at java.base/java.lang.Thread.run(Thread.java:1575)
===================================================
Timestamp: 2025-01-30T14:04:38.075206300
Client Info: Username: krisi, Address: /127.0.0.1:55724
Log Level: ERROR
Message: Error occurred while handling client: Username: krisi, Address: /127.0.0.1:55724
Stacktrace:
java.net.SocketException: Connection reset
	at java.base/sun.nio.ch.SocketChannelImpl.throwConnectionReset(SocketChannelImpl.java:403)
	at java.base/sun.nio.ch.SocketChannelImpl.implRead(SocketChannelImpl.java:419)
	at java.base/sun.nio.ch.SocketChannelImpl.read(SocketChannelImpl.java:493)
	at bg.sofia.uni.fmi.mjt.uno.server.ClientHandler.readMessageFromClient(ClientHandler.java:54)
	at bg.sofia.uni.fmi.mjt.uno.server.ClientHandler.run(ClientHandler.java:29)
	at java.base/java.lang.Thread.run(Thread.java:1575)
===================================================
Timestamp: 2025-01-30T14:04:38.061526600
Client Info: Username: krisi, Address: /127.0.0.1:55724
Log Level: ERROR
Message: Error occurred while handling client: Username: krisi, Address: /127.0.0.1:55724
Stacktrace:
java.net.SocketException: Connection reset
	at java.base/sun.nio.ch.SocketChannelImpl.throwConnectionReset(SocketChannelImpl.java:403)
	at java.base/sun.nio.ch.SocketChannelImpl.implRead(SocketChannelImpl.java:419)
	at java.base/sun.nio.ch.SocketChannelImpl.read(SocketChannelImpl.java:493)
	at bg.sofia.uni.fmi.mjt.uno.server.ClientHandler.readMessageFromClient(ClientHandler.java:54)
	at bg.sofia.uni.fmi.mjt.uno.server.ClientHandler.run(ClientHandler.java:29)
	at java.base/java.lang.Thread.run(Thread.java:1575)
===================================================
Timestamp: 2025-01-30T14:04:38.060528
Client Info: Username: krisi, Address: /127.0.0.1:55724
Log Level: ERROR
Message: Error occurred while handling client: Username: krisi, Address: /127.0.0.1:55724
Stacktrace:
java.net.SocketException: Connection reset
	at java.base/sun.nio.ch.SocketChannelImpl.throwConnectionReset(SocketChannelImpl.java:403)
	at java.base/sun.nio.ch.SocketChannelImpl.implRead(SocketChannelImpl.java:419)
	at java.base/sun.nio.ch.SocketChannelImpl.read(SocketChannelImpl.java:493)
	at bg.sofia.uni.fmi.mjt.uno.server.ClientHandler.readMessageFromClient(ClientHandler.java:54)
	at bg.sofia.uni.fmi.mjt.uno.server.ClientHandler.run(ClientHandler.java:29)
	at java.base/java.lang.Thread.run(Thread.java:1575)
===================================================
Timestamp: 2025-01-30T14:04:38.071208
Client Info: Username: krisi, Address: /127.0.0.1:55724
Log Level: ERROR
Message: Error occurred while handling client: Username: krisi, Address: /127.0.0.1:55724
Stacktrace:
java.net.SocketException: Connection reset
	at java.base/sun.nio.ch.SocketChannelImpl.throwConnectionReset(SocketChannelImpl.java:403)
	at java.base/sun.nio.ch.SocketChannelImpl.implRead(SocketChannelImpl.java:419)
	at java.base/sun.nio.ch.SocketChannelImpl.read(SocketChannelImpl.java:493)
	at bg.sofia.uni.fmi.mjt.uno.server.ClientHandler.readMessageFromClient(ClientHandler.java:54)
	at bg.sofia.uni.fmi.mjt.uno.server.ClientHandler.run(ClientHandler.java:29)
	at java.base/java.lang.Thread.run(Thread.java:1575)
===================================================
Timestamp: 2025-01-30T14:04:38.147613500
Client Info: Username: krisi, Address: /127.0.0.1:55724
Log Level: ERROR
Message: Error occurred while handling client: Username: krisi, Address: /127.0.0.1:55724
Stacktrace:
java.net.SocketException: Connection reset
	at java.base/sun.nio.ch.SocketChannelImpl.throwConnectionReset(SocketChannelImpl.java:403)
	at java.base/sun.nio.ch.SocketChannelImpl.implRead(SocketChannelImpl.java:419)
	at java.base/sun.nio.ch.SocketChannelImpl.read(SocketChannelImpl.java:493)
	at bg.sofia.uni.fmi.mjt.uno.server.ClientHandler.readMessageFromClient(ClientHandler.java:54)
	at bg.sofia.uni.fmi.mjt.uno.server.ClientHandler.run(ClientHandler.java:29)
	at java.base/java.lang.Thread.run(Thread.java:1575)
===================================================
Timestamp: 2025-01-30T14:04:38.077670
Client Info: Username: krisi, Address: /127.0.0.1:55724
Log Level: ERROR
Message: Error occurred while handling client: Username: krisi, Address: /127.0.0.1:55724
Stacktrace:
java.net.SocketException: Connection reset
	at java.base/sun.nio.ch.SocketChannelImpl.throwConnectionReset(SocketChannelImpl.java:403)
	at java.base/sun.nio.ch.SocketChannelImpl.implRead(SocketChannelImpl.java:419)
	at java.base/sun.nio.ch.SocketChannelImpl.read(SocketChannelImpl.java:493)
	at bg.sofia.uni.fmi.mjt.uno.server.ClientHandler.readMessageFromClient(ClientHandler.java:54)
	at bg.sofia.uni.fmi.mjt.uno.server.ClientHandler.run(ClientHandler.java:29)
	at java.base/java.lang.Thread.run(Thread.java:1575)
===================================================
Timestamp: 2025-01-30T14:04:38.061526600
Client Info: Username: krisi, Address: /127.0.0.1:55724
Log Level: ERROR
Message: Error occurred while handling client: Username: krisi, Address: /127.0.0.1:55724
Stacktrace:
java.net.SocketException: Connection reset
	at java.base/sun.nio.ch.SocketChannelImpl.throwConnectionReset(SocketChannelImpl.java:403)
	at java.base/sun.nio.ch.SocketChannelImpl.implRead(SocketChannelImpl.java:419)
	at java.base/sun.nio.ch.SocketChannelImpl.read(SocketChannelImpl.java:493)
	at bg.sofia.uni.fmi.mjt.uno.server.ClientHandler.readMessageFromClient(ClientHandler.java:54)
	at bg.sofia.uni.fmi.mjt.uno.server.ClientHandler.run(ClientHandler.java:29)
	at java.base/java.lang.Thread.run(Thread.java:1575)
===================================================
Timestamp: 2025-01-30T14:04:38.077670
Client Info: Username: krisi, Address: /127.0.0.1:55724
Log Level: ERROR
Message: Error occurred while handling client: Username: krisi, Address: /127.0.0.1:55724
Stacktrace:
java.net.SocketException: Connection reset
	at java.base/sun.nio.ch.SocketChannelImpl.throwConnectionReset(SocketChannelImpl.java:403)
	at java.base/sun.nio.ch.SocketChannelImpl.implRead(SocketChannelImpl.java:419)
	at java.base/sun.nio.ch.SocketChannelImpl.read(SocketChannelImpl.java:493)
	at bg.sofia.uni.fmi.mjt.uno.server.ClientHandler.readMessageFromClient(ClientHandler.java:54)
	at bg.sofia.uni.fmi.mjt.uno.server.ClientHandler.run(ClientHandler.java:29)
	at java.base/java.lang.Thread.run(Thread.java:1575)
===================================================
Timestamp: 2025-01-30T14:04:38.064525800
Client Info: Username: krisi, Address: /127.0.0.1:55724
Log Level: ERROR
Message: Error occurred while handling client: Username: krisi, Address: /127.0.0.1:55724
Stacktrace:
java.net.SocketException: Connection reset
	at java.base/sun.nio.ch.SocketChannelImpl.throwConnectionReset(SocketChannelImpl.java:403)
	at java.base/sun.nio.ch.SocketChannelImpl.implRead(SocketChannelImpl.java:419)
	at java.base/sun.nio.ch.SocketChannelImpl.read(SocketChannelImpl.java:493)
	at bg.sofia.uni.fmi.mjt.uno.server.ClientHandler.readMessageFromClient(ClientHandler.java:54)
	at bg.sofia.uni.fmi.mjt.uno.server.ClientHandler.run(ClientHandler.java:29)
	at java.base/java.lang.Thread.run(Thread.java:1575)
===================================================
Timestamp: 2025-01-30T14:04:38.085668900
Client Info: Username: krisi, Address: /127.0.0.1:55724
Log Level: ERROR
Message: Error occurred while handling client: Username: krisi, Address: /127.0.0.1:55724
Stacktrace:
java.net.SocketException: Connection reset
	at java.base/sun.nio.ch.SocketChannelImpl.throwConnectionReset(SocketChannelImpl.java:403)
	at java.base/sun.nio.ch.SocketChannelImpl.implRead(SocketChannelImpl.java:419)
	at java.base/sun.nio.ch.SocketChannelImpl.read(SocketChannelImpl.java:493)
	at bg.sofia.uni.fmi.mjt.uno.server.ClientHandler.readMessageFromClient(ClientHandler.java:54)
	at bg.sofia.uni.fmi.mjt.uno.server.ClientHandler.run(ClientHandler.java:29)
	at java.base/java.lang.Thread.run(Thread.java:1575)
===================================================
Timestamp: 2025-01-30T14:04:38.079673800
Client Info: Username: krisi, Address: /127.0.0.1:55724
Log Level: ERROR
Message: Error occurred while handling client: Username: krisi, Address: /127.0.0.1:55724
Stacktrace:
java.net.SocketException: Connection reset
	at java.base/sun.nio.ch.SocketChannelImpl.throwConnectionReset(SocketChannelImpl.java:403)
	at java.base/sun.nio.ch.SocketChannelImpl.implRead(SocketChannelImpl.java:419)
	at java.base/sun.nio.ch.SocketChannelImpl.read(SocketChannelImpl.java:493)
	at bg.sofia.uni.fmi.mjt.uno.server.ClientHandler.readMessageFromClient(ClientHandler.java:54)
	at bg.sofia.uni.fmi.mjt.uno.server.ClientHandler.run(ClientHandler.java:29)
	at java.base/java.lang.Thread.run(Thread.java:1575)
===================================================
Timestamp: 2025-01-30T14:04:38.063525900
Client Info: Username: krisi, Address: /127.0.0.1:55724
Log Level: ERROR
Message: Error occurred while handling client: Username: krisi, Address: /127.0.0.1:55724
Stacktrace:
java.net.SocketException: Connection reset
	at java.base/sun.nio.ch.SocketChannelImpl.throwConnectionReset(SocketChannelImpl.java:403)
	at java.base/sun.nio.ch.SocketChannelImpl.implRead(SocketChannelImpl.java:419)
	at java.base/sun.nio.ch.SocketChannelImpl.read(SocketChannelImpl.java:493)
	at bg.sofia.uni.fmi.mjt.uno.server.ClientHandler.readMessageFromClient(ClientHandler.java:54)
	at bg.sofia.uni.fmi.mjt.uno.server.ClientHandler.run(ClientHandler.java:29)
	at java.base/java.lang.Thread.run(Thread.java:1575)
===================================================
Timestamp: 2025-01-30T14:04:38.084669400
Client Info: Username: krisi, Address: /127.0.0.1:55724
Log Level: ERROR
Message: Error occurred while handling client: Username: krisi, Address: /127.0.0.1:55724
Stacktrace:
java.net.SocketException: Connection reset
	at java.base/sun.nio.ch.SocketChannelImpl.throwConnectionReset(SocketChannelImpl.java:403)
	at java.base/sun.nio.ch.SocketChannelImpl.implRead(SocketChannelImpl.java:419)
	at java.base/sun.nio.ch.SocketChannelImpl.read(SocketChannelImpl.java:493)
	at bg.sofia.uni.fmi.mjt.uno.server.ClientHandler.readMessageFromClient(ClientHandler.java:54)
	at bg.sofia.uni.fmi.mjt.uno.server.ClientHandler.run(ClientHandler.java:29)
	at java.base/java.lang.Thread.run(Thread.java:1575)
===================================================
Timestamp: 2025-01-30T14:04:38.142959800
Client Info: Username: krisi, Address: /127.0.0.1:55724
Log Level: ERROR
Message: Error occurred while handling client: Username: krisi, Address: /127.0.0.1:55724
Stacktrace:
java.net.SocketException: Connection reset
	at java.base/sun.nio.ch.SocketChannelImpl.throwConnectionReset(SocketChannelImpl.java:403)
	at java.base/sun.nio.ch.SocketChannelImpl.implRead(SocketChannelImpl.java:419)
	at java.base/sun.nio.ch.SocketChannelImpl.read(SocketChannelImpl.java:493)
	at bg.sofia.uni.fmi.mjt.uno.server.ClientHandler.readMessageFromClient(ClientHandler.java:54)
	at bg.sofia.uni.fmi.mjt.uno.server.ClientHandler.run(ClientHandler.java:29)
	at java.base/java.lang.Thread.run(Thread.java:1575)
===================================================
Timestamp: 2025-01-30T14:04:38.076207500
Client Info: Username: krisi, Address: /127.0.0.1:55724
Log Level: ERROR
Message: Error occurred while handling client: Username: krisi, Address: /127.0.0.1:55724
Stacktrace:
java.net.SocketException: Connection reset
	at java.base/sun.nio.ch.SocketChannelImpl.throwConnectionReset(SocketChannelImpl.java:403)
	at java.base/sun.nio.ch.SocketChannelImpl.implRead(SocketChannelImpl.java:419)
	at java.base/sun.nio.ch.SocketChannelImpl.read(SocketChannelImpl.java:493)
	at bg.sofia.uni.fmi.mjt.uno.server.ClientHandler.readMessageFromClient(ClientHandler.java:54)
	at bg.sofia.uni.fmi.mjt.uno.server.ClientHandler.run(ClientHandler.java:29)
	at java.base/java.lang.Thread.run(Thread.java:1575)
===================================================
Timestamp: 2025-01-30T14:04:38.064525800
Client Info: Username: krisi, Address: /127.0.0.1:55724
Log Level: ERROR
Message: Error occurred while handling client: Username: krisi, Address: /127.0.0.1:55724
Stacktrace:
java.net.SocketException: Connection reset
	at java.base/sun.nio.ch.SocketChannelImpl.throwConnectionReset(SocketChannelImpl.java:403)
	at java.base/sun.nio.ch.SocketChannelImpl.implRead(SocketChannelImpl.java:419)
	at java.base/sun.nio.ch.SocketChannelImpl.read(SocketChannelImpl.java:493)
	at bg.sofia.uni.fmi.mjt.uno.server.ClientHandler.readMessageFromClient(ClientHandler.java:54)
	at bg.sofia.uni.fmi.mjt.uno.server.ClientHandler.run(ClientHandler.java:29)
	at java.base/java.lang.Thread.run(Thread.java:1575)
===================================================
Timestamp: 2025-01-30T14:04:38.063525900
Client Info: Username: krisi, Address: /127.0.0.1:55724
Log Level: ERROR
Message: Error occurred while handling client: Username: krisi, Address: /127.0.0.1:55724
Stacktrace:
java.net.SocketException: Connection reset
	at java.base/sun.nio.ch.SocketChannelImpl.throwConnectionReset(SocketChannelImpl.java:403)
	at java.base/sun.nio.ch.SocketChannelImpl.implRead(SocketChannelImpl.java:419)
	at java.base/sun.nio.ch.SocketChannelImpl.read(SocketChannelImpl.java:493)
	at bg.sofia.uni.fmi.mjt.uno.server.ClientHandler.readMessageFromClient(ClientHandler.java:54)
	at bg.sofia.uni.fmi.mjt.uno.server.ClientHandler.run(ClientHandler.java:29)
	at java.base/java.lang.Thread.run(Thread.java:1575)
===================================================
Timestamp: 2025-01-30T14:04:38.065526500
Client Info: Username: krisi, Address: /127.0.0.1:55724
Log Level: ERROR
Message: Error occurred while handling client: Username: krisi, Address: /127.0.0.1:55724
Stacktrace:
java.net.SocketException: Connection reset
	at java.base/sun.nio.ch.SocketChannelImpl.throwConnectionReset(SocketChannelImpl.java:403)
	at java.base/sun.nio.ch.SocketChannelImpl.implRead(SocketChannelImpl.java:419)
	at java.base/sun.nio.ch.SocketChannelImpl.read(SocketChannelImpl.java:493)
	at bg.sofia.uni.fmi.mjt.uno.server.ClientHandler.readMessageFromClient(ClientHandler.java:54)
	at bg.sofia.uni.fmi.mjt.uno.server.ClientHandler.run(ClientHandler.java:29)
	at java.base/java.lang.Thread.run(Thread.java:1575)
===================================================
Timestamp: 2025-01-30T14:04:38.062526100
Client Info: Username: krisi, Address: /127.0.0.1:55724
Log Level: ERROR
Message: Error occurred while handling client: Username: krisi, Address: /127.0.0.1:55724
Stacktrace:
java.net.SocketException: Connection reset
	at java.base/sun.nio.ch.SocketChannelImpl.throwConnectionReset(SocketChannelImpl.java:403)
	at java.base/sun.nio.ch.SocketChannelImpl.implRead(SocketChannelImpl.java:419)
	at java.base/sun.nio.ch.SocketChannelImpl.read(SocketChannelImpl.java:493)
	at bg.sofia.uni.fmi.mjt.uno.server.ClientHandler.readMessageFromClient(ClientHandler.java:54)
	at bg.sofia.uni.fmi.mjt.uno.server.ClientHandler.run(ClientHandler.java:29)
	at java.base/java.lang.Thread.run(Thread.java:1575)
===================================================
Timestamp: 2025-01-30T14:04:38.064525800
Client Info: Username: krisi, Address: /127.0.0.1:55724
Log Level: ERROR
Message: Error occurred while handling client: Username: krisi, Address: /127.0.0.1:55724
Stacktrace:
java.net.SocketException: Connection reset
	at java.base/sun.nio.ch.SocketChannelImpl.throwConnectionReset(SocketChannelImpl.java:403)
	at java.base/sun.nio.ch.SocketChannelImpl.implRead(SocketChannelImpl.java:419)
	at java.base/sun.nio.ch.SocketChannelImpl.read(SocketChannelImpl.java:493)
	at bg.sofia.uni.fmi.mjt.uno.server.ClientHandler.readMessageFromClient(ClientHandler.java:54)
	at bg.sofia.uni.fmi.mjt.uno.server.ClientHandler.run(ClientHandler.java:29)
	at java.base/java.lang.Thread.run(Thread.java:1575)
===================================================
Timestamp: 2025-01-30T14:04:38.083668500
Client Info: Username: krisi, Address: /127.0.0.1:55724
Log Level: ERROR
Message: Error occurred while handling client: Username: krisi, Address: /127.0.0.1:55724
Stacktrace:
java.net.SocketException: Connection reset
	at java.base/sun.nio.ch.SocketChannelImpl.throwConnectionReset(SocketChannelImpl.java:403)
	at java.base/sun.nio.ch.SocketChannelImpl.implRead(SocketChannelImpl.java:419)
	at java.base/sun.nio.ch.SocketChannelImpl.read(SocketChannelImpl.java:493)
	at bg.sofia.uni.fmi.mjt.uno.server.ClientHandler.readMessageFromClient(ClientHandler.java:54)
	at bg.sofia.uni.fmi.mjt.uno.server.ClientHandler.run(ClientHandler.java:29)
	at java.base/java.lang.Thread.run(Thread.java:1575)
===================================================
Timestamp: 2025-01-30T14:04:38.062526100
Client Info: Username: krisi, Address: /127.0.0.1:55724
Log Level: ERROR
Message: Error occurred while handling client: Username: krisi, Address: /127.0.0.1:55724
Stacktrace:
java.net.SocketException: Connection reset
	at java.base/sun.nio.ch.SocketChannelImpl.throwConnectionReset(SocketChannelImpl.java:403)
	at java.base/sun.nio.ch.SocketChannelImpl.implRead(SocketChannelImpl.java:419)
	at java.base/sun.nio.ch.SocketChannelImpl.read(SocketChannelImpl.java:493)
	at bg.sofia.uni.fmi.mjt.uno.server.ClientHandler.readMessageFromClient(ClientHandler.java:54)
	at bg.sofia.uni.fmi.mjt.uno.server.ClientHandler.run(ClientHandler.java:29)
	at java.base/java.lang.Thread.run(Thread.java:1575)
===================================================
Timestamp: 2025-01-30T14:04:38.073209
Client Info: Username: krisi, Address: /127.0.0.1:55724
Log Level: ERROR
Message: Error occurred while handling client: Username: krisi, Address: /127.0.0.1:55724
Stacktrace:
java.net.SocketException: Connection reset
	at java.base/sun.nio.ch.SocketChannelImpl.throwConnectionReset(SocketChannelImpl.java:403)
	at java.base/sun.nio.ch.SocketChannelImpl.implRead(SocketChannelImpl.java:419)
	at java.base/sun.nio.ch.SocketChannelImpl.read(SocketChannelImpl.java:493)
	at bg.sofia.uni.fmi.mjt.uno.server.ClientHandler.readMessageFromClient(ClientHandler.java:54)
	at bg.sofia.uni.fmi.mjt.uno.server.ClientHandler.run(ClientHandler.java:29)
	at java.base/java.lang.Thread.run(Thread.java:1575)
===================================================
Timestamp: 2025-01-30T14:04:38.086671300
Client Info: Username: krisi, Address: /127.0.0.1:55724
Log Level: ERROR
Message: Error occurred while handling client: Username: krisi, Address: /127.0.0.1:55724
Stacktrace:
java.net.SocketException: Connection reset
	at java.base/sun.nio.ch.SocketChannelImpl.throwConnectionReset(SocketChannelImpl.java:403)
	at java.base/sun.nio.ch.SocketChannelImpl.implRead(SocketChannelImpl.java:419)
	at java.base/sun.nio.ch.SocketChannelImpl.read(SocketChannelImpl.java:493)
	at bg.sofia.uni.fmi.mjt.uno.server.ClientHandler.readMessageFromClient(ClientHandler.java:54)
	at bg.sofia.uni.fmi.mjt.uno.server.ClientHandler.run(ClientHandler.java:29)
	at java.base/java.lang.Thread.run(Thread.java:1575)
===================================================
Timestamp: 2025-01-30T14:04:38.087669200
Client Info: Username: krisi, Address: /127.0.0.1:55724
Log Level: ERROR
Message: Error occurred while handling client: Username: krisi, Address: /127.0.0.1:55724
Stacktrace:
java.net.SocketException: Connection reset
	at java.base/sun.nio.ch.SocketChannelImpl.throwConnectionReset(SocketChannelImpl.java:403)
	at java.base/sun.nio.ch.SocketChannelImpl.implRead(SocketChannelImpl.java:419)
	at java.base/sun.nio.ch.SocketChannelImpl.read(SocketChannelImpl.java:493)
	at bg.sofia.uni.fmi.mjt.uno.server.ClientHandler.readMessageFromClient(ClientHandler.java:54)
	at bg.sofia.uni.fmi.mjt.uno.server.ClientHandler.run(ClientHandler.java:29)
	at java.base/java.lang.Thread.run(Thread.java:1575)
===================================================
Timestamp: 2025-01-30T14:04:38.062526100
Client Info: Username: krisi, Address: /127.0.0.1:55724
Log Level: ERROR
Message: Error occurred while handling client: Username: krisi, Address: /127.0.0.1:55724
Stacktrace:
java.net.SocketException: Connection reset
	at java.base/sun.nio.ch.SocketChannelImpl.throwConnectionReset(SocketChannelImpl.java:403)
	at java.base/sun.nio.ch.SocketChannelImpl.implRead(SocketChannelImpl.java:419)
	at java.base/sun.nio.ch.SocketChannelImpl.read(SocketChannelImpl.java:493)
	at bg.sofia.uni.fmi.mjt.uno.server.ClientHandler.readMessageFromClient(ClientHandler.java:54)
	at bg.sofia.uni.fmi.mjt.uno.server.ClientHandler.run(ClientHandler.java:29)
	at java.base/java.lang.Thread.run(Thread.java:1575)
===================================================
Timestamp: 2025-01-30T14:04:38.060528
Client Info: Username: krisi, Address: /127.0.0.1:55724
Log Level: ERROR
Message: Error occurred while handling client: Username: krisi, Address: /127.0.0.1:55724
Stacktrace:
java.net.SocketException: Connection reset
	at java.base/sun.nio.ch.SocketChannelImpl.throwConnectionReset(SocketChannelImpl.java:403)
	at java.base/sun.nio.ch.SocketChannelImpl.implRead(SocketChannelImpl.java:419)
	at java.base/sun.nio.ch.SocketChannelImpl.read(SocketChannelImpl.java:493)
	at bg.sofia.uni.fmi.mjt.uno.server.ClientHandler.readMessageFromClient(ClientHandler.java:54)
	at bg.sofia.uni.fmi.mjt.uno.server.ClientHandler.run(ClientHandler.java:29)
	at java.base/java.lang.Thread.run(Thread.java:1575)
===================================================
Timestamp: 2025-01-30T14:04:38.082670200
Client Info: Username: krisi, Address: /127.0.0.1:55724
Log Level: ERROR
Message: Error occurred while handling client: Username: krisi, Address: /127.0.0.1:55724
Stacktrace:
java.net.SocketException: Connection reset
	at java.base/sun.nio.ch.SocketChannelImpl.throwConnectionReset(SocketChannelImpl.java:403)
	at java.base/sun.nio.ch.SocketChannelImpl.implRead(SocketChannelImpl.java:419)
	at java.base/sun.nio.ch.SocketChannelImpl.read(SocketChannelImpl.java:493)
	at bg.sofia.uni.fmi.mjt.uno.server.ClientHandler.readMessageFromClient(ClientHandler.java:54)
	at bg.sofia.uni.fmi.mjt.uno.server.ClientHandler.run(ClientHandler.java:29)
	at java.base/java.lang.Thread.run(Thread.java:1575)
===================================================
Timestamp: 2025-01-30T14:04:38.082670200
Client Info: Username: krisi, Address: /127.0.0.1:55724
Log Level: ERROR
Message: Error occurred while handling client: Username: krisi, Address: /127.0.0.1:55724
Stacktrace:
java.net.SocketException: Connection reset
	at java.base/sun.nio.ch.SocketChannelImpl.throwConnectionReset(SocketChannelImpl.java:403)
	at java.base/sun.nio.ch.SocketChannelImpl.implRead(SocketChannelImpl.java:419)
	at java.base/sun.nio.ch.SocketChannelImpl.read(SocketChannelImpl.java:493)
	at bg.sofia.uni.fmi.mjt.uno.server.ClientHandler.readMessageFromClient(ClientHandler.java:54)
	at bg.sofia.uni.fmi.mjt.uno.server.ClientHandler.run(ClientHandler.java:29)
	at java.base/java.lang.Thread.run(Thread.java:1575)
===================================================
Timestamp: 2025-01-30T14:04:38.182764300
Client Info: Username: krisi, Address: /127.0.0.1:55724
Log Level: ERROR
Message: Error occurred while handling client: Username: krisi, Address: /127.0.0.1:55724
Stacktrace:
java.net.SocketException: Connection reset
	at java.base/sun.nio.ch.SocketChannelImpl.throwConnectionReset(SocketChannelImpl.java:403)
	at java.base/sun.nio.ch.SocketChannelImpl.implRead(SocketChannelImpl.java:419)
	at java.base/sun.nio.ch.SocketChannelImpl.read(SocketChannelImpl.java:493)
	at bg.sofia.uni.fmi.mjt.uno.server.ClientHandler.readMessageFromClient(ClientHandler.java:54)
	at bg.sofia.uni.fmi.mjt.uno.server.ClientHandler.run(ClientHandler.java:29)
	at java.base/java.lang.Thread.run(Thread.java:1575)
===================================================
Timestamp: 2025-01-30T14:04:38.076207500
Client Info: Username: krisi, Address: /127.0.0.1:55724
Log Level: ERROR
Message: Error occurred while handling client: Username: krisi, Address: /127.0.0.1:55724
Stacktrace:
java.net.SocketException: Connection reset
	at java.base/sun.nio.ch.SocketChannelImpl.throwConnectionReset(SocketChannelImpl.java:403)
	at java.base/sun.nio.ch.SocketChannelImpl.implRead(SocketChannelImpl.java:419)
	at java.base/sun.nio.ch.SocketChannelImpl.read(SocketChannelImpl.java:493)
	at bg.sofia.uni.fmi.mjt.uno.server.ClientHandler.readMessageFromClient(ClientHandler.java:54)
	at bg.sofia.uni.fmi.mjt.uno.server.ClientHandler.run(ClientHandler.java:29)
	at java.base/java.lang.Thread.run(Thread.java:1575)
===================================================
Timestamp: 2025-01-30T14:04:38.062526100
Client Info: Username: krisi, Address: /127.0.0.1:55724
Log Level: ERROR
Message: Error occurred while handling client: Username: krisi, Address: /127.0.0.1:55724
Stacktrace:
java.net.SocketException: Connection reset
	at java.base/sun.nio.ch.SocketChannelImpl.throwConnectionReset(SocketChannelImpl.java:403)
	at java.base/sun.nio.ch.SocketChannelImpl.implRead(SocketChannelImpl.java:419)
	at java.base/sun.nio.ch.SocketChannelImpl.read(SocketChannelImpl.java:493)
	at bg.sofia.uni.fmi.mjt.uno.server.ClientHandler.readMessageFromClient(ClientHandler.java:54)
	at bg.sofia.uni.fmi.mjt.uno.server.ClientHandler.run(ClientHandler.java:29)
	at java.base/java.lang.Thread.run(Thread.java:1575)
===================================================
Timestamp: 2025-01-30T14:04:38.098430700
Client Info: Username: krisi, Address: /127.0.0.1:55724
Log Level: ERROR
Message: Error occurred while handling client: Username: krisi, Address: /127.0.0.1:55724
Stacktrace:
java.net.SocketException: Connection reset
	at java.base/sun.nio.ch.SocketChannelImpl.throwConnectionReset(SocketChannelImpl.java:403)
	at java.base/sun.nio.ch.SocketChannelImpl.implRead(SocketChannelImpl.java:419)
	at java.base/sun.nio.ch.SocketChannelImpl.read(SocketChannelImpl.java:493)
	at bg.sofia.uni.fmi.mjt.uno.server.ClientHandler.readMessageFromClient(ClientHandler.java:54)
	at bg.sofia.uni.fmi.mjt.uno.server.ClientHandler.run(ClientHandler.java:29)
	at java.base/java.lang.Thread.run(Thread.java:1575)
===================================================
Timestamp: 2025-01-30T14:04:38.082670200
Client Info: Username: krisi, Address: /127.0.0.1:55724
Log Level: ERROR
Message: Error occurred while handling client: Username: krisi, Address: /127.0.0.1:55724
Stacktrace:
java.net.SocketException: Connection reset
	at java.base/sun.nio.ch.SocketChannelImpl.throwConnectionReset(SocketChannelImpl.java:403)
	at java.base/sun.nio.ch.SocketChannelImpl.implRead(SocketChannelImpl.java:419)
	at java.base/sun.nio.ch.SocketChannelImpl.read(SocketChannelImpl.java:493)
	at bg.sofia.uni.fmi.mjt.uno.server.ClientHandler.readMessageFromClient(ClientHandler.java:54)
	at bg.sofia.uni.fmi.mjt.uno.server.ClientHandler.run(ClientHandler.java:29)
	at java.base/java.lang.Thread.run(Thread.java:1575)
===================================================
Timestamp: 2025-01-30T14:04:38.083668500
Client Info: Username: krisi, Address: /127.0.0.1:55724
Log Level: ERROR
Message: Error occurred while handling client: Username: krisi, Address: /127.0.0.1:55724
Stacktrace:
java.net.SocketException: Connection reset
	at java.base/sun.nio.ch.SocketChannelImpl.throwConnectionReset(SocketChannelImpl.java:403)
	at java.base/sun.nio.ch.SocketChannelImpl.implRead(SocketChannelImpl.java:419)
	at java.base/sun.nio.ch.SocketChannelImpl.read(SocketChannelImpl.java:493)
	at bg.sofia.uni.fmi.mjt.uno.server.ClientHandler.readMessageFromClient(ClientHandler.java:54)
	at bg.sofia.uni.fmi.mjt.uno.server.ClientHandler.run(ClientHandler.java:29)
	at java.base/java.lang.Thread.run(Thread.java:1575)
===================================================
Timestamp: 2025-01-30T14:04:38.071208
Client Info: Username: krisi, Address: /127.0.0.1:55724
Log Level: ERROR
Message: Error occurred while handling client: Username: krisi, Address: /127.0.0.1:55724
Stacktrace:
java.net.SocketException: Connection reset
	at java.base/sun.nio.ch.SocketChannelImpl.throwConnectionReset(SocketChannelImpl.java:403)
	at java.base/sun.nio.ch.SocketChannelImpl.implRead(SocketChannelImpl.java:419)
	at java.base/sun.nio.ch.SocketChannelImpl.read(SocketChannelImpl.java:493)
	at bg.sofia.uni.fmi.mjt.uno.server.ClientHandler.readMessageFromClient(ClientHandler.java:54)
	at bg.sofia.uni.fmi.mjt.uno.server.ClientHandler.run(ClientHandler.java:29)
	at java.base/java.lang.Thread.run(Thread.java:1575)
===================================================
Timestamp: 2025-01-30T14:04:38.060528
Client Info: Username: krisi, Address: /127.0.0.1:55724
Log Level: ERROR
Message: Error occurred while handling client: Username: krisi, Address: /127.0.0.1:55724
Stacktrace:
java.net.SocketException: Connection reset
	at java.base/sun.nio.ch.SocketChannelImpl.throwConnectionReset(SocketChannelImpl.java:403)
	at java.base/sun.nio.ch.SocketChannelImpl.implRead(SocketChannelImpl.java:419)
	at java.base/sun.nio.ch.SocketChannelImpl.read(SocketChannelImpl.java:493)
	at bg.sofia.uni.fmi.mjt.uno.server.ClientHandler.readMessageFromClient(ClientHandler.java:54)
	at bg.sofia.uni.fmi.mjt.uno.server.ClientHandler.run(ClientHandler.java:29)
	at java.base/java.lang.Thread.run(Thread.java:1575)
===================================================
Timestamp: 2025-01-30T14:04:38.168734900
Client Info: Username: krisi, Address: /127.0.0.1:55724
Log Level: ERROR
Message: Error occurred while handling client: Username: krisi, Address: /127.0.0.1:55724
Stacktrace:
java.net.SocketException: Connection reset
	at java.base/sun.nio.ch.SocketChannelImpl.throwConnectionReset(SocketChannelImpl.java:403)
	at java.base/sun.nio.ch.SocketChannelImpl.implRead(SocketChannelImpl.java:419)
	at java.base/sun.nio.ch.SocketChannelImpl.read(SocketChannelImpl.java:493)
	at bg.sofia.uni.fmi.mjt.uno.server.ClientHandler.readMessageFromClient(ClientHandler.java:54)
	at bg.sofia.uni.fmi.mjt.uno.server.ClientHandler.run(ClientHandler.java:29)
	at java.base/java.lang.Thread.run(Thread.java:1575)
===================================================
Timestamp: 2025-01-30T14:04:38.063525900
Client Info: Username: krisi, Address: /127.0.0.1:55724
Log Level: ERROR
Message: Error occurred while handling client: Username: krisi, Address: /127.0.0.1:55724
Stacktrace:
java.net.SocketException: Connection reset
	at java.base/sun.nio.ch.SocketChannelImpl.throwConnectionReset(SocketChannelImpl.java:403)
	at java.base/sun.nio.ch.SocketChannelImpl.implRead(SocketChannelImpl.java:419)
	at java.base/sun.nio.ch.SocketChannelImpl.read(SocketChannelImpl.java:493)
	at bg.sofia.uni.fmi.mjt.uno.server.ClientHandler.readMessageFromClient(ClientHandler.java:54)
	at bg.sofia.uni.fmi.mjt.uno.server.ClientHandler.run(ClientHandler.java:29)
	at java.base/java.lang.Thread.run(Thread.java:1575)
===================================================
Timestamp: 2025-01-30T14:04:38.062526100
Client Info: Username: krisi, Address: /127.0.0.1:55724
Log Level: ERROR
Message: Error occurred while handling client: Username: krisi, Address: /127.0.0.1:55724
Stacktrace:
java.net.SocketException: Connection reset
	at java.base/sun.nio.ch.SocketChannelImpl.throwConnectionReset(SocketChannelImpl.java:403)
	at java.base/sun.nio.ch.SocketChannelImpl.implRead(SocketChannelImpl.java:419)
	at java.base/sun.nio.ch.SocketChannelImpl.read(SocketChannelImpl.java:493)
	at bg.sofia.uni.fmi.mjt.uno.server.ClientHandler.readMessageFromClient(ClientHandler.java:54)
	at bg.sofia.uni.fmi.mjt.uno.server.ClientHandler.run(ClientHandler.java:29)
	at java.base/java.lang.Thread.run(Thread.java:1575)
===================================================
Timestamp: 2025-01-30T14:04:38.161097700
Client Info: Username: krisi, Address: /127.0.0.1:55724
Log Level: ERROR
Message: Error occurred while handling client: Username: krisi, Address: /127.0.0.1:55724
Stacktrace:
java.net.SocketException: Connection reset
	at java.base/sun.nio.ch.SocketChannelImpl.throwConnectionReset(SocketChannelImpl.java:403)
	at java.base/sun.nio.ch.SocketChannelImpl.implRead(SocketChannelImpl.java:419)
	at java.base/sun.nio.ch.SocketChannelImpl.read(SocketChannelImpl.java:493)
	at bg.sofia.uni.fmi.mjt.uno.server.ClientHandler.readMessageFromClient(ClientHandler.java:54)
	at bg.sofia.uni.fmi.mjt.uno.server.ClientHandler.run(ClientHandler.java:29)
	at java.base/java.lang.Thread.run(Thread.java:1575)
===================================================
Timestamp: 2025-01-30T14:04:38.061526600
Client Info: Username: krisi, Address: /127.0.0.1:55724
Log Level: ERROR
Message: Error occurred while handling client: Username: krisi, Address: /127.0.0.1:55724
Stacktrace:
java.net.SocketException: Connection reset
	at java.base/sun.nio.ch.SocketChannelImpl.throwConnectionReset(SocketChannelImpl.java:403)
	at java.base/sun.nio.ch.SocketChannelImpl.implRead(SocketChannelImpl.java:419)
	at java.base/sun.nio.ch.SocketChannelImpl.read(SocketChannelImpl.java:493)
	at bg.sofia.uni.fmi.mjt.uno.server.ClientHandler.readMessageFromClient(ClientHandler.java:54)
	at bg.sofia.uni.fmi.mjt.uno.server.ClientHandler.run(ClientHandler.java:29)
	at java.base/java.lang.Thread.run(Thread.java:1575)
===================================================
Timestamp: 2025-01-30T14:04:38.105314700
Client Info: Username: krisi, Address: /127.0.0.1:55724
Log Level: ERROR
Message: Error occurred while handling client: Username: krisi, Address: /127.0.0.1:55724
Stacktrace:
java.net.SocketException: Connection reset
	at java.base/sun.nio.ch.SocketChannelImpl.throwConnectionReset(SocketChannelImpl.java:403)
	at java.base/sun.nio.ch.SocketChannelImpl.implRead(SocketChannelImpl.java:419)
	at java.base/sun.nio.ch.SocketChannelImpl.read(SocketChannelImpl.java:493)
	at bg.sofia.uni.fmi.mjt.uno.server.ClientHandler.readMessageFromClient(ClientHandler.java:54)
	at bg.sofia.uni.fmi.mjt.uno.server.ClientHandler.run(ClientHandler.java:29)
	at java.base/java.lang.Thread.run(Thread.java:1575)
===================================================
Timestamp: 2025-01-30T14:04:38.064525800
Client Info: Username: krisi, Address: /127.0.0.1:55724
Log Level: ERROR
Message: Error occurred while handling client: Username: krisi, Address: /127.0.0.1:55724
Stacktrace:
java.net.SocketException: Connection reset
	at java.base/sun.nio.ch.SocketChannelImpl.throwConnectionReset(SocketChannelImpl.java:403)
	at java.base/sun.nio.ch.SocketChannelImpl.implRead(SocketChannelImpl.java:419)
	at java.base/sun.nio.ch.SocketChannelImpl.read(SocketChannelImpl.java:493)
	at bg.sofia.uni.fmi.mjt.uno.server.ClientHandler.readMessageFromClient(ClientHandler.java:54)
	at bg.sofia.uni.fmi.mjt.uno.server.ClientHandler.run(ClientHandler.java:29)
	at java.base/java.lang.Thread.run(Thread.java:1575)
===================================================
Timestamp: 2025-01-30T14:04:38.072206900
Client Info: Username: krisi, Address: /127.0.0.1:55724
Log Level: ERROR
Message: Error occurred while handling client: Username: krisi, Address: /127.0.0.1:55724
Stacktrace:
java.net.SocketException: Connection reset
	at java.base/sun.nio.ch.SocketChannelImpl.throwConnectionReset(SocketChannelImpl.java:403)
	at java.base/sun.nio.ch.SocketChannelImpl.implRead(SocketChannelImpl.java:419)
	at java.base/sun.nio.ch.SocketChannelImpl.read(SocketChannelImpl.java:493)
	at bg.sofia.uni.fmi.mjt.uno.server.ClientHandler.readMessageFromClient(ClientHandler.java:54)
	at bg.sofia.uni.fmi.mjt.uno.server.ClientHandler.run(ClientHandler.java:29)
	at java.base/java.lang.Thread.run(Thread.java:1575)
===================================================
Timestamp: 2025-01-30T14:04:38.064525800
Client Info: Username: krisi, Address: /127.0.0.1:55724
Log Level: ERROR
Message: Error occurred while handling client: Username: krisi, Address: /127.0.0.1:55724
Stacktrace:
java.net.SocketException: Connection reset
	at java.base/sun.nio.ch.SocketChannelImpl.throwConnectionReset(SocketChannelImpl.java:403)
	at java.base/sun.nio.ch.SocketChannelImpl.implRead(SocketChannelImpl.java:419)
	at java.base/sun.nio.ch.SocketChannelImpl.read(SocketChannelImpl.java:493)
	at bg.sofia.uni.fmi.mjt.uno.server.ClientHandler.readMessageFromClient(ClientHandler.java:54)
	at bg.sofia.uni.fmi.mjt.uno.server.ClientHandler.run(ClientHandler.java:29)
	at java.base/java.lang.Thread.run(Thread.java:1575)
===================================================
Timestamp: 2025-01-30T14:04:38.085668900
Client Info: Username: krisi, Address: /127.0.0.1:55724
Log Level: ERROR
Message: Error occurred while handling client: Username: krisi, Address: /127.0.0.1:55724
Stacktrace:
java.net.SocketException: Connection reset
	at java.base/sun.nio.ch.SocketChannelImpl.throwConnectionReset(SocketChannelImpl.java:403)
	at java.base/sun.nio.ch.SocketChannelImpl.implRead(SocketChannelImpl.java:419)
	at java.base/sun.nio.ch.SocketChannelImpl.read(SocketChannelImpl.java:493)
	at bg.sofia.uni.fmi.mjt.uno.server.ClientHandler.readMessageFromClient(ClientHandler.java:54)
	at bg.sofia.uni.fmi.mjt.uno.server.ClientHandler.run(ClientHandler.java:29)
	at java.base/java.lang.Thread.run(Thread.java:1575)
===================================================
Timestamp: 2025-01-30T14:04:38.081669800
Client Info: Username: krisi, Address: /127.0.0.1:55724
Log Level: ERROR
Message: Error occurred while handling client: Username: krisi, Address: /127.0.0.1:55724
Stacktrace:
java.net.SocketException: Connection reset
	at java.base/sun.nio.ch.SocketChannelImpl.throwConnectionReset(SocketChannelImpl.java:403)
	at java.base/sun.nio.ch.SocketChannelImpl.implRead(SocketChannelImpl.java:419)
	at java.base/sun.nio.ch.SocketChannelImpl.read(SocketChannelImpl.java:493)
	at bg.sofia.uni.fmi.mjt.uno.server.ClientHandler.readMessageFromClient(ClientHandler.java:54)
	at bg.sofia.uni.fmi.mjt.uno.server.ClientHandler.run(ClientHandler.java:29)
	at java.base/java.lang.Thread.run(Thread.java:1575)
===================================================
Timestamp: 2025-01-30T14:04:38.072206900
Client Info: Username: krisi, Address: /127.0.0.1:55724
Log Level: ERROR
Message: Error occurred while handling client: Username: krisi, Address: /127.0.0.1:55724
Stacktrace:
java.net.SocketException: Connection reset
	at java.base/sun.nio.ch.SocketChannelImpl.throwConnectionReset(SocketChannelImpl.java:403)
	at java.base/sun.nio.ch.SocketChannelImpl.implRead(SocketChannelImpl.java:419)
	at java.base/sun.nio.ch.SocketChannelImpl.read(SocketChannelImpl.java:493)
	at bg.sofia.uni.fmi.mjt.uno.server.ClientHandler.readMessageFromClient(ClientHandler.java:54)
	at bg.sofia.uni.fmi.mjt.uno.server.ClientHandler.run(ClientHandler.java:29)
	at java.base/java.lang.Thread.run(Thread.java:1575)
===================================================
Timestamp: 2025-01-30T14:04:38.095429900
Client Info: Username: krisi, Address: /127.0.0.1:55724
Log Level: ERROR
Message: Error occurred while handling client: Username: krisi, Address: /127.0.0.1:55724
Stacktrace:
java.net.SocketException: Connection reset
	at java.base/sun.nio.ch.SocketChannelImpl.throwConnectionReset(SocketChannelImpl.java:403)
	at java.base/sun.nio.ch.SocketChannelImpl.implRead(SocketChannelImpl.java:419)
	at java.base/sun.nio.ch.SocketChannelImpl.read(SocketChannelImpl.java:493)
	at bg.sofia.uni.fmi.mjt.uno.server.ClientHandler.readMessageFromClient(ClientHandler.java:54)
	at bg.sofia.uni.fmi.mjt.uno.server.ClientHandler.run(ClientHandler.java:29)
	at java.base/java.lang.Thread.run(Thread.java:1575)
===================================================
Timestamp: 2025-01-30T14:04:38.093430600
Client Info: Username: krisi, Address: /127.0.0.1:55724
Log Level: ERROR
Message: Error occurred while handling client: Username: krisi, Address: /127.0.0.1:55724
Stacktrace:
java.net.SocketException: Connection reset
	at java.base/sun.nio.ch.SocketChannelImpl.throwConnectionReset(SocketChannelImpl.java:403)
	at java.base/sun.nio.ch.SocketChannelImpl.implRead(SocketChannelImpl.java:419)
	at java.base/sun.nio.ch.SocketChannelImpl.read(SocketChannelImpl.java:493)
	at bg.sofia.uni.fmi.mjt.uno.server.ClientHandler.readMessageFromClient(ClientHandler.java:54)
	at bg.sofia.uni.fmi.mjt.uno.server.ClientHandler.run(ClientHandler.java:29)
	at java.base/java.lang.Thread.run(Thread.java:1575)
===================================================
Timestamp: 2025-01-30T14:04:38.163099
Client Info: Username: krisi, Address: /127.0.0.1:55724
Log Level: ERROR
Message: Error occurred while handling client: Username: krisi, Address: /127.0.0.1:55724
Stacktrace:
java.net.SocketException: Connection reset
	at java.base/sun.nio.ch.SocketChannelImpl.throwConnectionReset(SocketChannelImpl.java:403)
	at java.base/sun.nio.ch.SocketChannelImpl.implRead(SocketChannelImpl.java:419)
	at java.base/sun.nio.ch.SocketChannelImpl.read(SocketChannelImpl.java:493)
	at bg.sofia.uni.fmi.mjt.uno.server.ClientHandler.readMessageFromClient(ClientHandler.java:54)
	at bg.sofia.uni.fmi.mjt.uno.server.ClientHandler.run(ClientHandler.java:29)
	at java.base/java.lang.Thread.run(Thread.java:1575)
===================================================
Timestamp: 2025-01-30T14:04:38.062526100
Client Info: Username: krisi, Address: /127.0.0.1:55724
Log Level: ERROR
Message: Error occurred while handling client: Username: krisi, Address: /127.0.0.1:55724
Stacktrace:
java.net.SocketException: Connection reset
	at java.base/sun.nio.ch.SocketChannelImpl.throwConnectionReset(SocketChannelImpl.java:403)
	at java.base/sun.nio.ch.SocketChannelImpl.implRead(SocketChannelImpl.java:419)
	at java.base/sun.nio.ch.SocketChannelImpl.read(SocketChannelImpl.java:493)
	at bg.sofia.uni.fmi.mjt.uno.server.ClientHandler.readMessageFromClient(ClientHandler.java:54)
	at bg.sofia.uni.fmi.mjt.uno.server.ClientHandler.run(ClientHandler.java:29)
	at java.base/java.lang.Thread.run(Thread.java:1575)
===================================================
Timestamp: 2025-01-30T14:04:38.090897500
Client Info: Username: krisi, Address: /127.0.0.1:55724
Log Level: ERROR
Message: Error occurred while handling client: Username: krisi, Address: /127.0.0.1:55724
Stacktrace:
java.net.SocketException: Connection reset
	at java.base/sun.nio.ch.SocketChannelImpl.throwConnectionReset(SocketChannelImpl.java:403)
	at java.base/sun.nio.ch.SocketChannelImpl.implRead(SocketChannelImpl.java:419)
	at java.base/sun.nio.ch.SocketChannelImpl.read(SocketChannelImpl.java:493)
	at bg.sofia.uni.fmi.mjt.uno.server.ClientHandler.readMessageFromClient(ClientHandler.java:54)
	at bg.sofia.uni.fmi.mjt.uno.server.ClientHandler.run(ClientHandler.java:29)
	at java.base/java.lang.Thread.run(Thread.java:1575)
===================================================
Timestamp: 2025-01-30T14:04:38.064525800
Client Info: Username: krisi, Address: /127.0.0.1:55724
Log Level: ERROR
Message: Error occurred while handling client: Username: krisi, Address: /127.0.0.1:55724
Stacktrace:
java.net.SocketException: Connection reset
	at java.base/sun.nio.ch.SocketChannelImpl.throwConnectionReset(SocketChannelImpl.java:403)
	at java.base/sun.nio.ch.SocketChannelImpl.implRead(SocketChannelImpl.java:419)
	at java.base/sun.nio.ch.SocketChannelImpl.read(SocketChannelImpl.java:493)
	at bg.sofia.uni.fmi.mjt.uno.server.ClientHandler.readMessageFromClient(ClientHandler.java:54)
	at bg.sofia.uni.fmi.mjt.uno.server.ClientHandler.run(ClientHandler.java:29)
	at java.base/java.lang.Thread.run(Thread.java:1575)
===================================================
Timestamp: 2025-01-30T14:04:38.064525800
Client Info: Username: krisi, Address: /127.0.0.1:55724
Log Level: ERROR
Message: Error occurred while handling client: Username: krisi, Address: /127.0.0.1:55724
Stacktrace:
java.net.SocketException: Connection reset
	at java.base/sun.nio.ch.SocketChannelImpl.throwConnectionReset(SocketChannelImpl.java:403)
	at java.base/sun.nio.ch.SocketChannelImpl.implRead(SocketChannelImpl.java:419)
	at java.base/sun.nio.ch.SocketChannelImpl.read(SocketChannelImpl.java:493)
	at bg.sofia.uni.fmi.mjt.uno.server.ClientHandler.readMessageFromClient(ClientHandler.java:54)
	at bg.sofia.uni.fmi.mjt.uno.server.ClientHandler.run(ClientHandler.java:29)
	at java.base/java.lang.Thread.run(Thread.java:1575)
===================================================
Timestamp: 2025-01-30T14:04:38.063525900
Client Info: Username: krisi, Address: /127.0.0.1:55724
Log Level: ERROR
Message: Error occurred while handling client: Username: krisi, Address: /127.0.0.1:55724
Stacktrace:
java.net.SocketException: Connection reset
	at java.base/sun.nio.ch.SocketChannelImpl.throwConnectionReset(SocketChannelImpl.java:403)
	at java.base/sun.nio.ch.SocketChannelImpl.implRead(SocketChannelImpl.java:419)
	at java.base/sun.nio.ch.SocketChannelImpl.read(SocketChannelImpl.java:493)
	at bg.sofia.uni.fmi.mjt.uno.server.ClientHandler.readMessageFromClient(ClientHandler.java:54)
	at bg.sofia.uni.fmi.mjt.uno.server.ClientHandler.run(ClientHandler.java:29)
	at java.base/java.lang.Thread.run(Thread.java:1575)
===================================================
Timestamp: 2025-01-30T14:04:38.079673800
Client Info: Username: krisi, Address: /127.0.0.1:55724
Log Level: ERROR
Message: Error occurred while handling client: Username: krisi, Address: /127.0.0.1:55724
Stacktrace:
java.net.SocketException: Connection reset
	at java.base/sun.nio.ch.SocketChannelImpl.throwConnectionReset(SocketChannelImpl.java:403)
	at java.base/sun.nio.ch.SocketChannelImpl.implRead(SocketChannelImpl.java:419)
	at java.base/sun.nio.ch.SocketChannelImpl.read(SocketChannelImpl.java:493)
	at bg.sofia.uni.fmi.mjt.uno.server.ClientHandler.readMessageFromClient(ClientHandler.java:54)
	at bg.sofia.uni.fmi.mjt.uno.server.ClientHandler.run(ClientHandler.java:29)
	at java.base/java.lang.Thread.run(Thread.java:1575)
===================================================
Timestamp: 2025-01-30T14:04:38.099429400
Client Info: Username: krisi, Address: /127.0.0.1:55724
Log Level: ERROR
Message: Error occurred while handling client: Username: krisi, Address: /127.0.0.1:55724
Stacktrace:
java.net.SocketException: Connection reset
	at java.base/sun.nio.ch.SocketChannelImpl.throwConnectionReset(SocketChannelImpl.java:403)
	at java.base/sun.nio.ch.SocketChannelImpl.implRead(SocketChannelImpl.java:419)
	at java.base/sun.nio.ch.SocketChannelImpl.read(SocketChannelImpl.java:493)
	at bg.sofia.uni.fmi.mjt.uno.server.ClientHandler.readMessageFromClient(ClientHandler.java:54)
	at bg.sofia.uni.fmi.mjt.uno.server.ClientHandler.run(ClientHandler.java:29)
	at java.base/java.lang.Thread.run(Thread.java:1575)
===================================================
Timestamp: 2025-01-30T14:04:38.063525900
Client Info: Username: krisi, Address: /127.0.0.1:55724
Log Level: ERROR
Message: Error occurred while handling client: Username: krisi, Address: /127.0.0.1:55724
Stacktrace:
java.net.SocketException: Connection reset
	at java.base/sun.nio.ch.SocketChannelImpl.throwConnectionReset(SocketChannelImpl.java:403)
	at java.base/sun.nio.ch.SocketChannelImpl.implRead(SocketChannelImpl.java:419)
	at java.base/sun.nio.ch.SocketChannelImpl.read(SocketChannelImpl.java:493)
	at bg.sofia.uni.fmi.mjt.uno.server.ClientHandler.readMessageFromClient(ClientHandler.java:54)
	at bg.sofia.uni.fmi.mjt.uno.server.ClientHandler.run(ClientHandler.java:29)
	at java.base/java.lang.Thread.run(Thread.java:1575)
===================================================
Timestamp: 2025-01-30T14:04:38.069206300
Client Info: Username: krisi, Address: /127.0.0.1:55724
Log Level: ERROR
Message: Error occurred while handling client: Username: krisi, Address: /127.0.0.1:55724
Stacktrace:
java.net.SocketException: Connection reset
	at java.base/sun.nio.ch.SocketChannelImpl.throwConnectionReset(SocketChannelImpl.java:403)
	at java.base/sun.nio.ch.SocketChannelImpl.implRead(SocketChannelImpl.java:419)
	at java.base/sun.nio.ch.SocketChannelImpl.read(SocketChannelImpl.java:493)
	at bg.sofia.uni.fmi.mjt.uno.server.ClientHandler.readMessageFromClient(ClientHandler.java:54)
	at bg.sofia.uni.fmi.mjt.uno.server.ClientHandler.run(ClientHandler.java:29)
	at java.base/java.lang.Thread.run(Thread.java:1575)
===================================================
Timestamp: 2025-01-30T14:04:38.111405200
Client Info: Username: krisi, Address: /127.0.0.1:55724
Log Level: ERROR
Message: Error occurred while handling client: Username: krisi, Address: /127.0.0.1:55724
Stacktrace:
java.net.SocketException: Connection reset
	at java.base/sun.nio.ch.SocketChannelImpl.throwConnectionReset(SocketChannelImpl.java:403)
	at java.base/sun.nio.ch.SocketChannelImpl.implRead(SocketChannelImpl.java:419)
	at java.base/sun.nio.ch.SocketChannelImpl.read(SocketChannelImpl.java:493)
	at bg.sofia.uni.fmi.mjt.uno.server.ClientHandler.readMessageFromClient(ClientHandler.java:54)
	at bg.sofia.uni.fmi.mjt.uno.server.ClientHandler.run(ClientHandler.java:29)
	at java.base/java.lang.Thread.run(Thread.java:1575)
===================================================
Timestamp: 2025-01-30T14:04:38.081669800
Client Info: Username: krisi, Address: /127.0.0.1:55724
Log Level: ERROR
Message: Error occurred while handling client: Username: krisi, Address: /127.0.0.1:55724
Stacktrace:
java.net.SocketException: Connection reset
	at java.base/sun.nio.ch.SocketChannelImpl.throwConnectionReset(SocketChannelImpl.java:403)
	at java.base/sun.nio.ch.SocketChannelImpl.implRead(SocketChannelImpl.java:419)
	at java.base/sun.nio.ch.SocketChannelImpl.read(SocketChannelImpl.java:493)
	at bg.sofia.uni.fmi.mjt.uno.server.ClientHandler.readMessageFromClient(ClientHandler.java:54)
	at bg.sofia.uni.fmi.mjt.uno.server.ClientHandler.run(ClientHandler.java:29)
	at java.base/java.lang.Thread.run(Thread.java:1575)
===================================================
Timestamp: 2025-01-30T14:04:38.081669800
Client Info: Username: krisi, Address: /127.0.0.1:55724
Log Level: ERROR
Message: Error occurred while handling client: Username: krisi, Address: /127.0.0.1:55724
Stacktrace:
java.net.SocketException: Connection reset
	at java.base/sun.nio.ch.SocketChannelImpl.throwConnectionReset(SocketChannelImpl.java:403)
	at java.base/sun.nio.ch.SocketChannelImpl.implRead(SocketChannelImpl.java:419)
	at java.base/sun.nio.ch.SocketChannelImpl.read(SocketChannelImpl.java:493)
	at bg.sofia.uni.fmi.mjt.uno.server.ClientHandler.readMessageFromClient(ClientHandler.java:54)
	at bg.sofia.uni.fmi.mjt.uno.server.ClientHandler.run(ClientHandler.java:29)
	at java.base/java.lang.Thread.run(Thread.java:1575)
===================================================
Timestamp: 2025-01-30T14:04:38.185766300
Client Info: Username: krisi, Address: /127.0.0.1:55724
Log Level: ERROR
Message: Error occurred while handling client: Username: krisi, Address: /127.0.0.1:55724
Stacktrace:
java.net.SocketException: Connection reset
	at java.base/sun.nio.ch.SocketChannelImpl.throwConnectionReset(SocketChannelImpl.java:403)
	at java.base/sun.nio.ch.SocketChannelImpl.implRead(SocketChannelImpl.java:419)
	at java.base/sun.nio.ch.SocketChannelImpl.read(SocketChannelImpl.java:493)
	at bg.sofia.uni.fmi.mjt.uno.server.ClientHandler.readMessageFromClient(ClientHandler.java:54)
	at bg.sofia.uni.fmi.mjt.uno.server.ClientHandler.run(ClientHandler.java:29)
	at java.base/java.lang.Thread.run(Thread.java:1575)
===================================================
Timestamp: 2025-01-30T14:04:38.161097700
Client Info: Username: krisi, Address: /127.0.0.1:55724
Log Level: ERROR
Message: Error occurred while handling client: Username: krisi, Address: /127.0.0.1:55724
Stacktrace:
java.net.SocketException: Connection reset
	at java.base/sun.nio.ch.SocketChannelImpl.throwConnectionReset(SocketChannelImpl.java:403)
	at java.base/sun.nio.ch.SocketChannelImpl.implRead(SocketChannelImpl.java:419)
	at java.base/sun.nio.ch.SocketChannelImpl.read(SocketChannelImpl.java:493)
	at bg.sofia.uni.fmi.mjt.uno.server.ClientHandler.readMessageFromClient(ClientHandler.java:54)
	at bg.sofia.uni.fmi.mjt.uno.server.ClientHandler.run(ClientHandler.java:29)
	at java.base/java.lang.Thread.run(Thread.java:1575)
===================================================
Timestamp: 2025-01-30T14:04:38.063525900
Client Info: Username: krisi, Address: /127.0.0.1:55724
Log Level: ERROR
Message: Error occurred while handling client: Username: krisi, Address: /127.0.0.1:55724
Stacktrace:
java.net.SocketException: Connection reset
	at java.base/sun.nio.ch.SocketChannelImpl.throwConnectionReset(SocketChannelImpl.java:403)
	at java.base/sun.nio.ch.SocketChannelImpl.implRead(SocketChannelImpl.java:419)
	at java.base/sun.nio.ch.SocketChannelImpl.read(SocketChannelImpl.java:493)
	at bg.sofia.uni.fmi.mjt.uno.server.ClientHandler.readMessageFromClient(ClientHandler.java:54)
	at bg.sofia.uni.fmi.mjt.uno.server.ClientHandler.run(ClientHandler.java:29)
	at java.base/java.lang.Thread.run(Thread.java:1575)
===================================================
Timestamp: 2025-01-30T14:04:38.165734100
Client Info: Username: krisi, Address: /127.0.0.1:55724
Log Level: ERROR
Message: Error occurred while handling client: Username: krisi, Address: /127.0.0.1:55724
Stacktrace:
java.net.SocketException: Connection reset
	at java.base/sun.nio.ch.SocketChannelImpl.throwConnectionReset(SocketChannelImpl.java:403)
	at java.base/sun.nio.ch.SocketChannelImpl.implRead(SocketChannelImpl.java:419)
	at java.base/sun.nio.ch.SocketChannelImpl.read(SocketChannelImpl.java:493)
	at bg.sofia.uni.fmi.mjt.uno.server.ClientHandler.readMessageFromClient(ClientHandler.java:54)
	at bg.sofia.uni.fmi.mjt.uno.server.ClientHandler.run(ClientHandler.java:29)
	at java.base/java.lang.Thread.run(Thread.java:1575)
===================================================
Timestamp: 2025-01-30T14:04:38.080671800
Client Info: Username: krisi, Address: /127.0.0.1:55724
Log Level: ERROR
Message: Error occurred while handling client: Username: krisi, Address: /127.0.0.1:55724
Stacktrace:
java.net.SocketException: Connection reset
	at java.base/sun.nio.ch.SocketChannelImpl.throwConnectionReset(SocketChannelImpl.java:403)
	at java.base/sun.nio.ch.SocketChannelImpl.implRead(SocketChannelImpl.java:419)
	at java.base/sun.nio.ch.SocketChannelImpl.read(SocketChannelImpl.java:493)
	at bg.sofia.uni.fmi.mjt.uno.server.ClientHandler.readMessageFromClient(ClientHandler.java:54)
	at bg.sofia.uni.fmi.mjt.uno.server.ClientHandler.run(ClientHandler.java:29)
	at java.base/java.lang.Thread.run(Thread.java:1575)
===================================================
Timestamp: 2025-01-30T14:04:38.074204900
Client Info: Username: krisi, Address: /127.0.0.1:55724
Log Level: ERROR
Message: Error occurred while handling client: Username: krisi, Address: /127.0.0.1:55724
Stacktrace:
java.net.SocketException: Connection reset
	at java.base/sun.nio.ch.SocketChannelImpl.throwConnectionReset(SocketChannelImpl.java:403)
	at java.base/sun.nio.ch.SocketChannelImpl.implRead(SocketChannelImpl.java:419)
	at java.base/sun.nio.ch.SocketChannelImpl.read(SocketChannelImpl.java:493)
	at bg.sofia.uni.fmi.mjt.uno.server.ClientHandler.readMessageFromClient(ClientHandler.java:54)
	at bg.sofia.uni.fmi.mjt.uno.server.ClientHandler.run(ClientHandler.java:29)
	at java.base/java.lang.Thread.run(Thread.java:1575)
===================================================
Timestamp: 2025-01-30T14:04:38.061526600
Client Info: Username: krisi, Address: /127.0.0.1:55724
Log Level: ERROR
Message: Error occurred while handling client: Username: krisi, Address: /127.0.0.1:55724
Stacktrace:
java.net.SocketException: Connection reset
	at java.base/sun.nio.ch.SocketChannelImpl.throwConnectionReset(SocketChannelImpl.java:403)
	at java.base/sun.nio.ch.SocketChannelImpl.implRead(SocketChannelImpl.java:419)
	at java.base/sun.nio.ch.SocketChannelImpl.read(SocketChannelImpl.java:493)
	at bg.sofia.uni.fmi.mjt.uno.server.ClientHandler.readMessageFromClient(ClientHandler.java:54)
	at bg.sofia.uni.fmi.mjt.uno.server.ClientHandler.run(ClientHandler.java:29)
	at java.base/java.lang.Thread.run(Thread.java:1575)
===================================================
Timestamp: 2025-01-30T14:04:38.099429400
Client Info: Username: krisi, Address: /127.0.0.1:55724
Log Level: ERROR
Message: Error occurred while handling client: Username: krisi, Address: /127.0.0.1:55724
Stacktrace:
java.net.SocketException: Connection reset
	at java.base/sun.nio.ch.SocketChannelImpl.throwConnectionReset(SocketChannelImpl.java:403)
	at java.base/sun.nio.ch.SocketChannelImpl.implRead(SocketChannelImpl.java:419)
	at java.base/sun.nio.ch.SocketChannelImpl.read(SocketChannelImpl.java:493)
	at bg.sofia.uni.fmi.mjt.uno.server.ClientHandler.readMessageFromClient(ClientHandler.java:54)
	at bg.sofia.uni.fmi.mjt.uno.server.ClientHandler.run(ClientHandler.java:29)
	at java.base/java.lang.Thread.run(Thread.java:1575)
===================================================
Timestamp: 2025-01-30T14:04:38.060528
Client Info: Username: krisi, Address: /127.0.0.1:55724
Log Level: ERROR
Message: Error occurred while handling client: Username: krisi, Address: /127.0.0.1:55724
Stacktrace:
java.net.SocketException: Connection reset
	at java.base/sun.nio.ch.SocketChannelImpl.throwConnectionReset(SocketChannelImpl.java:403)
	at java.base/sun.nio.ch.SocketChannelImpl.implRead(SocketChannelImpl.java:419)
	at java.base/sun.nio.ch.SocketChannelImpl.read(SocketChannelImpl.java:493)
	at bg.sofia.uni.fmi.mjt.uno.server.ClientHandler.readMessageFromClient(ClientHandler.java:54)
	at bg.sofia.uni.fmi.mjt.uno.server.ClientHandler.run(ClientHandler.java:29)
	at java.base/java.lang.Thread.run(Thread.java:1575)
===================================================
Timestamp: 2025-01-30T14:04:38.092413700
Client Info: Username: krisi, Address: /127.0.0.1:55724
Log Level: ERROR
Message: Error occurred while handling client: Username: krisi, Address: /127.0.0.1:55724
Stacktrace:
java.net.SocketException: Connection reset
	at java.base/sun.nio.ch.SocketChannelImpl.throwConnectionReset(SocketChannelImpl.java:403)
	at java.base/sun.nio.ch.SocketChannelImpl.implRead(SocketChannelImpl.java:419)
	at java.base/sun.nio.ch.SocketChannelImpl.read(SocketChannelImpl.java:493)
	at bg.sofia.uni.fmi.mjt.uno.server.ClientHandler.readMessageFromClient(ClientHandler.java:54)
	at bg.sofia.uni.fmi.mjt.uno.server.ClientHandler.run(ClientHandler.java:29)
	at java.base/java.lang.Thread.run(Thread.java:1575)
===================================================
Timestamp: 2025-01-30T14:04:38.092413700
Client Info: Username: krisi, Address: /127.0.0.1:55724
Log Level: ERROR
Message: Error occurred while handling client: Username: krisi, Address: /127.0.0.1:55724
Stacktrace:
java.net.SocketException: Connection reset
	at java.base/sun.nio.ch.SocketChannelImpl.throwConnectionReset(SocketChannelImpl.java:403)
	at java.base/sun.nio.ch.SocketChannelImpl.implRead(SocketChannelImpl.java:419)
	at java.base/sun.nio.ch.SocketChannelImpl.read(SocketChannelImpl.java:493)
	at bg.sofia.uni.fmi.mjt.uno.server.ClientHandler.readMessageFromClient(ClientHandler.java:54)
	at bg.sofia.uni.fmi.mjt.uno.server.ClientHandler.run(ClientHandler.java:29)
	at java.base/java.lang.Thread.run(Thread.java:1575)
===================================================
Timestamp: 2025-01-30T14:04:38.187764800
Client Info: Username: krisi, Address: /127.0.0.1:55724
Log Level: ERROR
Message: Error occurred while handling client: Username: krisi, Address: /127.0.0.1:55724
Stacktrace:
java.net.SocketException: Connection reset
	at java.base/sun.nio.ch.SocketChannelImpl.throwConnectionReset(SocketChannelImpl.java:403)
	at java.base/sun.nio.ch.SocketChannelImpl.implRead(SocketChannelImpl.java:419)
	at java.base/sun.nio.ch.SocketChannelImpl.read(SocketChannelImpl.java:493)
	at bg.sofia.uni.fmi.mjt.uno.server.ClientHandler.readMessageFromClient(ClientHandler.java:54)
	at bg.sofia.uni.fmi.mjt.uno.server.ClientHandler.run(ClientHandler.java:29)
	at java.base/java.lang.Thread.run(Thread.java:1575)
===================================================
Timestamp: 2025-01-30T14:04:38.073209
Client Info: Username: krisi, Address: /127.0.0.1:55724
Log Level: ERROR
Message: Error occurred while handling client: Username: krisi, Address: /127.0.0.1:55724
Stacktrace:
java.net.SocketException: Connection reset
	at java.base/sun.nio.ch.SocketChannelImpl.throwConnectionReset(SocketChannelImpl.java:403)
	at java.base/sun.nio.ch.SocketChannelImpl.implRead(SocketChannelImpl.java:419)
	at java.base/sun.nio.ch.SocketChannelImpl.read(SocketChannelImpl.java:493)
	at bg.sofia.uni.fmi.mjt.uno.server.ClientHandler.readMessageFromClient(ClientHandler.java:54)
	at bg.sofia.uni.fmi.mjt.uno.server.ClientHandler.run(ClientHandler.java:29)
	at java.base/java.lang.Thread.run(Thread.java:1575)
===================================================
Timestamp: 2025-01-30T14:04:38.088669500
Client Info: Username: krisi, Address: /127.0.0.1:55724
Log Level: ERROR
Message: Error occurred while handling client: Username: krisi, Address: /127.0.0.1:55724
Stacktrace:
java.net.SocketException: Connection reset
	at java.base/sun.nio.ch.SocketChannelImpl.throwConnectionReset(SocketChannelImpl.java:403)
	at java.base/sun.nio.ch.SocketChannelImpl.implRead(SocketChannelImpl.java:419)
	at java.base/sun.nio.ch.SocketChannelImpl.read(SocketChannelImpl.java:493)
	at bg.sofia.uni.fmi.mjt.uno.server.ClientHandler.readMessageFromClient(ClientHandler.java:54)
	at bg.sofia.uni.fmi.mjt.uno.server.ClientHandler.run(ClientHandler.java:29)
	at java.base/java.lang.Thread.run(Thread.java:1575)
===================================================
Timestamp: 2025-01-30T14:04:38.064525800
Client Info: Username: krisi, Address: /127.0.0.1:55724
Log Level: ERROR
Message: Error occurred while handling client: Username: krisi, Address: /127.0.0.1:55724
Stacktrace:
java.net.SocketException: Connection reset
	at java.base/sun.nio.ch.SocketChannelImpl.throwConnectionReset(SocketChannelImpl.java:403)
	at java.base/sun.nio.ch.SocketChannelImpl.implRead(SocketChannelImpl.java:419)
	at java.base/sun.nio.ch.SocketChannelImpl.read(SocketChannelImpl.java:493)
	at bg.sofia.uni.fmi.mjt.uno.server.ClientHandler.readMessageFromClient(ClientHandler.java:54)
	at bg.sofia.uni.fmi.mjt.uno.server.ClientHandler.run(ClientHandler.java:29)
	at java.base/java.lang.Thread.run(Thread.java:1575)
===================================================
Timestamp: 2025-01-30T14:04:38.064525800
Client Info: Username: krisi, Address: /127.0.0.1:55724
Log Level: ERROR
Message: Error occurred while handling client: Username: krisi, Address: /127.0.0.1:55724
Stacktrace:
java.net.SocketException: Connection reset
	at java.base/sun.nio.ch.SocketChannelImpl.throwConnectionReset(SocketChannelImpl.java:403)
	at java.base/sun.nio.ch.SocketChannelImpl.implRead(SocketChannelImpl.java:419)
	at java.base/sun.nio.ch.SocketChannelImpl.read(SocketChannelImpl.java:493)
	at bg.sofia.uni.fmi.mjt.uno.server.ClientHandler.readMessageFromClient(ClientHandler.java:54)
	at bg.sofia.uni.fmi.mjt.uno.server.ClientHandler.run(ClientHandler.java:29)
	at java.base/java.lang.Thread.run(Thread.java:1575)
===================================================
Timestamp: 2025-01-30T14:04:38.088669500
Client Info: Username: krisi, Address: /127.0.0.1:55724
Log Level: ERROR
Message: Error occurred while handling client: Username: krisi, Address: /127.0.0.1:55724
Stacktrace:
java.net.SocketException: Connection reset
	at java.base/sun.nio.ch.SocketChannelImpl.throwConnectionReset(SocketChannelImpl.java:403)
	at java.base/sun.nio.ch.SocketChannelImpl.implRead(SocketChannelImpl.java:419)
	at java.base/sun.nio.ch.SocketChannelImpl.read(SocketChannelImpl.java:493)
	at bg.sofia.uni.fmi.mjt.uno.server.ClientHandler.readMessageFromClient(ClientHandler.java:54)
	at bg.sofia.uni.fmi.mjt.uno.server.ClientHandler.run(ClientHandler.java:29)
	at java.base/java.lang.Thread.run(Thread.java:1575)
===================================================
Timestamp: 2025-01-30T14:04:38.118003
Client Info: Username: krisi, Address: /127.0.0.1:55724
Log Level: ERROR
Message: Error occurred while handling client: Username: krisi, Address: /127.0.0.1:55724
Stacktrace:
java.net.SocketException: Connection reset
	at java.base/sun.nio.ch.SocketChannelImpl.throwConnectionReset(SocketChannelImpl.java:403)
	at java.base/sun.nio.ch.SocketChannelImpl.implRead(SocketChannelImpl.java:419)
	at java.base/sun.nio.ch.SocketChannelImpl.read(SocketChannelImpl.java:493)
	at bg.sofia.uni.fmi.mjt.uno.server.ClientHandler.readMessageFromClient(ClientHandler.java:54)
	at bg.sofia.uni.fmi.mjt.uno.server.ClientHandler.run(ClientHandler.java:29)
	at java.base/java.lang.Thread.run(Thread.java:1575)
===================================================
Timestamp: 2025-01-30T14:04:38.088669500
Client Info: Username: krisi, Address: /127.0.0.1:55724
Log Level: ERROR
Message: Error occurred while handling client: Username: krisi, Address: /127.0.0.1:55724
Stacktrace:
java.net.SocketException: Connection reset
	at java.base/sun.nio.ch.SocketChannelImpl.throwConnectionReset(SocketChannelImpl.java:403)
	at java.base/sun.nio.ch.SocketChannelImpl.implRead(SocketChannelImpl.java:419)
	at java.base/sun.nio.ch.SocketChannelImpl.read(SocketChannelImpl.java:493)
	at bg.sofia.uni.fmi.mjt.uno.server.ClientHandler.readMessageFromClient(ClientHandler.java:54)
	at bg.sofia.uni.fmi.mjt.uno.server.ClientHandler.run(ClientHandler.java:29)
	at java.base/java.lang.Thread.run(Thread.java:1575)
===================================================
Timestamp: 2025-01-30T14:04:38.079673800
Client Info: Username: krisi, Address: /127.0.0.1:55724
Log Level: ERROR
Message: Error occurred while handling client: Username: krisi, Address: /127.0.0.1:55724
Stacktrace:
java.net.SocketException: Connection reset
	at java.base/sun.nio.ch.SocketChannelImpl.throwConnectionReset(SocketChannelImpl.java:403)
	at java.base/sun.nio.ch.SocketChannelImpl.implRead(SocketChannelImpl.java:419)
	at java.base/sun.nio.ch.SocketChannelImpl.read(SocketChannelImpl.java:493)
	at bg.sofia.uni.fmi.mjt.uno.server.ClientHandler.readMessageFromClient(ClientHandler.java:54)
	at bg.sofia.uni.fmi.mjt.uno.server.ClientHandler.run(ClientHandler.java:29)
	at java.base/java.lang.Thread.run(Thread.java:1575)
===================================================
Timestamp: 2025-01-30T14:04:38.174735
Client Info: Username: krisi, Address: /127.0.0.1:55724
Log Level: ERROR
Message: Error occurred while handling client: Username: krisi, Address: /127.0.0.1:55724
Stacktrace:
java.net.SocketException: Connection reset
	at java.base/sun.nio.ch.SocketChannelImpl.throwConnectionReset(SocketChannelImpl.java:403)
	at java.base/sun.nio.ch.SocketChannelImpl.implRead(SocketChannelImpl.java:419)
	at java.base/sun.nio.ch.SocketChannelImpl.read(SocketChannelImpl.java:493)
	at bg.sofia.uni.fmi.mjt.uno.server.ClientHandler.readMessageFromClient(ClientHandler.java:54)
	at bg.sofia.uni.fmi.mjt.uno.server.ClientHandler.run(ClientHandler.java:29)
	at java.base/java.lang.Thread.run(Thread.java:1575)
===================================================
Timestamp: 2025-01-30T14:04:38.188766800
Client Info: Username: krisi, Address: /127.0.0.1:55724
Log Level: ERROR
Message: Error occurred while handling client: Username: krisi, Address: /127.0.0.1:55724
Stacktrace:
java.net.SocketException: Connection reset
	at java.base/sun.nio.ch.SocketChannelImpl.throwConnectionReset(SocketChannelImpl.java:403)
	at java.base/sun.nio.ch.SocketChannelImpl.implRead(SocketChannelImpl.java:419)
	at java.base/sun.nio.ch.SocketChannelImpl.read(SocketChannelImpl.java:493)
	at bg.sofia.uni.fmi.mjt.uno.server.ClientHandler.readMessageFromClient(ClientHandler.java:54)
	at bg.sofia.uni.fmi.mjt.uno.server.ClientHandler.run(ClientHandler.java:29)
	at java.base/java.lang.Thread.run(Thread.java:1575)
===================================================
Timestamp: 2025-01-30T14:04:38.099429400
Client Info: Username: krisi, Address: /127.0.0.1:55724
Log Level: ERROR
Message: Error occurred while handling client: Username: krisi, Address: /127.0.0.1:55724
Stacktrace:
java.net.SocketException: Connection reset
	at java.base/sun.nio.ch.SocketChannelImpl.throwConnectionReset(SocketChannelImpl.java:403)
	at java.base/sun.nio.ch.SocketChannelImpl.implRead(SocketChannelImpl.java:419)
	at java.base/sun.nio.ch.SocketChannelImpl.read(SocketChannelImpl.java:493)
	at bg.sofia.uni.fmi.mjt.uno.server.ClientHandler.readMessageFromClient(ClientHandler.java:54)
	at bg.sofia.uni.fmi.mjt.uno.server.ClientHandler.run(ClientHandler.java:29)
	at java.base/java.lang.Thread.run(Thread.java:1575)
===================================================
Timestamp: 2025-01-30T14:04:38.188766800
Client Info: Username: Unknown, Address: /127.0.0.1:55724
Log Level: ERROR
Message: Error occurred while handling client: Username: Unknown, Address: /127.0.0.1:55724
Stacktrace:
java.net.SocketException: Connection reset
	at java.base/sun.nio.ch.SocketChannelImpl.throwConnectionReset(SocketChannelImpl.java:403)
	at java.base/sun.nio.ch.SocketChannelImpl.implRead(SocketChannelImpl.java:419)
	at java.base/sun.nio.ch.SocketChannelImpl.read(SocketChannelImpl.java:493)
	at bg.sofia.uni.fmi.mjt.uno.server.ClientHandler.readMessageFromClient(ClientHandler.java:54)
	at bg.sofia.uni.fmi.mjt.uno.server.ClientHandler.run(ClientHandler.java:29)
	at java.base/java.lang.Thread.run(Thread.java:1575)
===================================================
Timestamp: 2025-01-30T14:04:38.086671300
Client Info: Username: krisi, Address: /127.0.0.1:55724
Log Level: ERROR
Message: Error occurred while handling client: Username: krisi, Address: /127.0.0.1:55724
Stacktrace:
java.net.SocketException: Connection reset
	at java.base/sun.nio.ch.SocketChannelImpl.throwConnectionReset(SocketChannelImpl.java:403)
	at java.base/sun.nio.ch.SocketChannelImpl.implRead(SocketChannelImpl.java:419)
	at java.base/sun.nio.ch.SocketChannelImpl.read(SocketChannelImpl.java:493)
	at bg.sofia.uni.fmi.mjt.uno.server.ClientHandler.readMessageFromClient(ClientHandler.java:54)
	at bg.sofia.uni.fmi.mjt.uno.server.ClientHandler.run(ClientHandler.java:29)
	at java.base/java.lang.Thread.run(Thread.java:1575)
===================================================
Timestamp: 2025-01-30T14:04:38.078671400
Client Info: Username: krisi, Address: /127.0.0.1:55724
Log Level: ERROR
Message: Error occurred while handling client: Username: krisi, Address: /127.0.0.1:55724
Stacktrace:
java.net.SocketException: Connection reset
	at java.base/sun.nio.ch.SocketChannelImpl.throwConnectionReset(SocketChannelImpl.java:403)
	at java.base/sun.nio.ch.SocketChannelImpl.implRead(SocketChannelImpl.java:419)
	at java.base/sun.nio.ch.SocketChannelImpl.read(SocketChannelImpl.java:493)
	at bg.sofia.uni.fmi.mjt.uno.server.ClientHandler.readMessageFromClient(ClientHandler.java:54)
	at bg.sofia.uni.fmi.mjt.uno.server.ClientHandler.run(ClientHandler.java:29)
	at java.base/java.lang.Thread.run(Thread.java:1575)
===================================================
Timestamp: 2025-01-30T14:04:38.079673800
Client Info: Username: krisi, Address: /127.0.0.1:55724
Log Level: ERROR
Message: Error occurred while handling client: Username: krisi, Address: /127.0.0.1:55724
Stacktrace:
java.net.SocketException: Connection reset
	at java.base/sun.nio.ch.SocketChannelImpl.throwConnectionReset(SocketChannelImpl.java:403)
	at java.base/sun.nio.ch.SocketChannelImpl.implRead(SocketChannelImpl.java:419)
	at java.base/sun.nio.ch.SocketChannelImpl.read(SocketChannelImpl.java:493)
	at bg.sofia.uni.fmi.mjt.uno.server.ClientHandler.readMessageFromClient(ClientHandler.java:54)
	at bg.sofia.uni.fmi.mjt.uno.server.ClientHandler.run(ClientHandler.java:29)
	at java.base/java.lang.Thread.run(Thread.java:1575)
===================================================
Timestamp: 2025-01-30T14:04:38.063525900
Client Info: Username: krisi, Address: /127.0.0.1:55724
Log Level: ERROR
Message: Error occurred while handling client: Username: krisi, Address: /127.0.0.1:55724
Stacktrace:
java.net.SocketException: Connection reset
	at java.base/sun.nio.ch.SocketChannelImpl.throwConnectionReset(SocketChannelImpl.java:403)
	at java.base/sun.nio.ch.SocketChannelImpl.implRead(SocketChannelImpl.java:419)
	at java.base/sun.nio.ch.SocketChannelImpl.read(SocketChannelImpl.java:493)
	at bg.sofia.uni.fmi.mjt.uno.server.ClientHandler.readMessageFromClient(ClientHandler.java:54)
	at bg.sofia.uni.fmi.mjt.uno.server.ClientHandler.run(ClientHandler.java:29)
	at java.base/java.lang.Thread.run(Thread.java:1575)
===================================================
Timestamp: 2025-01-30T14:04:38.095429900
Client Info: Username: krisi, Address: /127.0.0.1:55724
Log Level: ERROR
Message: Error occurred while handling client: Username: krisi, Address: /127.0.0.1:55724
Stacktrace:
java.net.SocketException: Connection reset
	at java.base/sun.nio.ch.SocketChannelImpl.throwConnectionReset(SocketChannelImpl.java:403)
	at java.base/sun.nio.ch.SocketChannelImpl.implRead(SocketChannelImpl.java:419)
	at java.base/sun.nio.ch.SocketChannelImpl.read(SocketChannelImpl.java:493)
	at bg.sofia.uni.fmi.mjt.uno.server.ClientHandler.readMessageFromClient(ClientHandler.java:54)
	at bg.sofia.uni.fmi.mjt.uno.server.ClientHandler.run(ClientHandler.java:29)
	at java.base/java.lang.Thread.run(Thread.java:1575)
===================================================
Timestamp: 2025-01-30T14:04:38.088669500
Client Info: Username: krisi, Address: /127.0.0.1:55724
Log Level: ERROR
Message: Error occurred while handling client: Username: krisi, Address: /127.0.0.1:55724
Stacktrace:
java.net.SocketException: Connection reset
	at java.base/sun.nio.ch.SocketChannelImpl.throwConnectionReset(SocketChannelImpl.java:403)
	at java.base/sun.nio.ch.SocketChannelImpl.implRead(SocketChannelImpl.java:419)
	at java.base/sun.nio.ch.SocketChannelImpl.read(SocketChannelImpl.java:493)
	at bg.sofia.uni.fmi.mjt.uno.server.ClientHandler.readMessageFromClient(ClientHandler.java:54)
	at bg.sofia.uni.fmi.mjt.uno.server.ClientHandler.run(ClientHandler.java:29)
	at java.base/java.lang.Thread.run(Thread.java:1575)
===================================================
Timestamp: 2025-01-30T14:04:38.062526100
Client Info: Username: krisi, Address: /127.0.0.1:55724
Log Level: ERROR
Message: Error occurred while handling client: Username: krisi, Address: /127.0.0.1:55724
Stacktrace:
java.net.SocketException: Connection reset
	at java.base/sun.nio.ch.SocketChannelImpl.throwConnectionReset(SocketChannelImpl.java:403)
	at java.base/sun.nio.ch.SocketChannelImpl.implRead(SocketChannelImpl.java:419)
	at java.base/sun.nio.ch.SocketChannelImpl.read(SocketChannelImpl.java:493)
	at bg.sofia.uni.fmi.mjt.uno.server.ClientHandler.readMessageFromClient(ClientHandler.java:54)
	at bg.sofia.uni.fmi.mjt.uno.server.ClientHandler.run(ClientHandler.java:29)
	at java.base/java.lang.Thread.run(Thread.java:1575)
===================================================
Timestamp: 2025-01-30T14:04:38.076207500
Client Info: Username: krisi, Address: /127.0.0.1:55724
Log Level: ERROR
Message: Error occurred while handling client: Username: krisi, Address: /127.0.0.1:55724
Stacktrace:
java.net.SocketException: Connection reset
	at java.base/sun.nio.ch.SocketChannelImpl.throwConnectionReset(SocketChannelImpl.java:403)
	at java.base/sun.nio.ch.SocketChannelImpl.implRead(SocketChannelImpl.java:419)
	at java.base/sun.nio.ch.SocketChannelImpl.read(SocketChannelImpl.java:493)
	at bg.sofia.uni.fmi.mjt.uno.server.ClientHandler.readMessageFromClient(ClientHandler.java:54)
	at bg.sofia.uni.fmi.mjt.uno.server.ClientHandler.run(ClientHandler.java:29)
	at java.base/java.lang.Thread.run(Thread.java:1575)
===================================================
Timestamp: 2025-01-30T14:04:38.096431900
Client Info: Username: krisi, Address: /127.0.0.1:55724
Log Level: ERROR
Message: Error occurred while handling client: Username: krisi, Address: /127.0.0.1:55724
Stacktrace:
java.net.SocketException: Connection reset
	at java.base/sun.nio.ch.SocketChannelImpl.throwConnectionReset(SocketChannelImpl.java:403)
	at java.base/sun.nio.ch.SocketChannelImpl.implRead(SocketChannelImpl.java:419)
	at java.base/sun.nio.ch.SocketChannelImpl.read(SocketChannelImpl.java:493)
	at bg.sofia.uni.fmi.mjt.uno.server.ClientHandler.readMessageFromClient(ClientHandler.java:54)
	at bg.sofia.uni.fmi.mjt.uno.server.ClientHandler.run(ClientHandler.java:29)
	at java.base/java.lang.Thread.run(Thread.java:1575)
===================================================
Timestamp: 2025-01-30T14:04:38.139960100
Client Info: Username: krisi, Address: /127.0.0.1:55724
Log Level: ERROR
Message: Error occurred while handling client: Username: krisi, Address: /127.0.0.1:55724
Stacktrace:
java.net.SocketException: Connection reset
	at java.base/sun.nio.ch.SocketChannelImpl.throwConnectionReset(SocketChannelImpl.java:403)
	at java.base/sun.nio.ch.SocketChannelImpl.implRead(SocketChannelImpl.java:419)
	at java.base/sun.nio.ch.SocketChannelImpl.read(SocketChannelImpl.java:493)
	at bg.sofia.uni.fmi.mjt.uno.server.ClientHandler.readMessageFromClient(ClientHandler.java:54)
	at bg.sofia.uni.fmi.mjt.uno.server.ClientHandler.run(ClientHandler.java:29)
	at java.base/java.lang.Thread.run(Thread.java:1575)
===================================================
Timestamp: 2025-01-30T14:04:38.098430700
Client Info: Username: krisi, Address: /127.0.0.1:55724
Log Level: ERROR
Message: Error occurred while handling client: Username: krisi, Address: /127.0.0.1:55724
Stacktrace:
java.net.SocketException: Connection reset
	at java.base/sun.nio.ch.SocketChannelImpl.throwConnectionReset(SocketChannelImpl.java:403)
	at java.base/sun.nio.ch.SocketChannelImpl.implRead(SocketChannelImpl.java:419)
	at java.base/sun.nio.ch.SocketChannelImpl.read(SocketChannelImpl.java:493)
	at bg.sofia.uni.fmi.mjt.uno.server.ClientHandler.readMessageFromClient(ClientHandler.java:54)
	at bg.sofia.uni.fmi.mjt.uno.server.ClientHandler.run(ClientHandler.java:29)
	at java.base/java.lang.Thread.run(Thread.java:1575)
===================================================
Timestamp: 2025-01-30T14:04:38.148685400
Client Info: Username: krisi, Address: /127.0.0.1:55724
Log Level: ERROR
Message: Error occurred while handling client: Username: krisi, Address: /127.0.0.1:55724
Stacktrace:
java.net.SocketException: Connection reset
	at java.base/sun.nio.ch.SocketChannelImpl.throwConnectionReset(SocketChannelImpl.java:403)
	at java.base/sun.nio.ch.SocketChannelImpl.implRead(SocketChannelImpl.java:419)
	at java.base/sun.nio.ch.SocketChannelImpl.read(SocketChannelImpl.java:493)
	at bg.sofia.uni.fmi.mjt.uno.server.ClientHandler.readMessageFromClient(ClientHandler.java:54)
	at bg.sofia.uni.fmi.mjt.uno.server.ClientHandler.run(ClientHandler.java:29)
	at java.base/java.lang.Thread.run(Thread.java:1575)
===================================================
Timestamp: 2025-01-30T14:04:38.060528
Client Info: Username: krisi, Address: /127.0.0.1:55724
Log Level: ERROR
Message: Error occurred while handling client: Username: krisi, Address: /127.0.0.1:55724
Stacktrace:
java.net.SocketException: Connection reset
	at java.base/sun.nio.ch.SocketChannelImpl.throwConnectionReset(SocketChannelImpl.java:403)
	at java.base/sun.nio.ch.SocketChannelImpl.implRead(SocketChannelImpl.java:419)
	at java.base/sun.nio.ch.SocketChannelImpl.read(SocketChannelImpl.java:493)
	at bg.sofia.uni.fmi.mjt.uno.server.ClientHandler.readMessageFromClient(ClientHandler.java:54)
	at bg.sofia.uni.fmi.mjt.uno.server.ClientHandler.run(ClientHandler.java:29)
	at java.base/java.lang.Thread.run(Thread.java:1575)
===================================================
Timestamp: 2025-01-30T14:04:38.078671400
Client Info: Username: krisi, Address: /127.0.0.1:55724
Log Level: ERROR
Message: Error occurred while handling client: Username: krisi, Address: /127.0.0.1:55724
Stacktrace:
java.net.SocketException: Connection reset
	at java.base/sun.nio.ch.SocketChannelImpl.throwConnectionReset(SocketChannelImpl.java:403)
	at java.base/sun.nio.ch.SocketChannelImpl.implRead(SocketChannelImpl.java:419)
	at java.base/sun.nio.ch.SocketChannelImpl.read(SocketChannelImpl.java:493)
	at bg.sofia.uni.fmi.mjt.uno.server.ClientHandler.readMessageFromClient(ClientHandler.java:54)
	at bg.sofia.uni.fmi.mjt.uno.server.ClientHandler.run(ClientHandler.java:29)
	at java.base/java.lang.Thread.run(Thread.java:1575)
===================================================
Timestamp: 2025-01-30T14:04:38.092413700
Client Info: Username: krisi, Address: /127.0.0.1:55724
Log Level: ERROR
Message: Error occurred while handling client: Username: krisi, Address: /127.0.0.1:55724
Stacktrace:
java.net.SocketException: Connection reset
	at java.base/sun.nio.ch.SocketChannelImpl.throwConnectionReset(SocketChannelImpl.java:403)
	at java.base/sun.nio.ch.SocketChannelImpl.implRead(SocketChannelImpl.java:419)
	at java.base/sun.nio.ch.SocketChannelImpl.read(SocketChannelImpl.java:493)
	at bg.sofia.uni.fmi.mjt.uno.server.ClientHandler.readMessageFromClient(ClientHandler.java:54)
	at bg.sofia.uni.fmi.mjt.uno.server.ClientHandler.run(ClientHandler.java:29)
	at java.base/java.lang.Thread.run(Thread.java:1575)
===================================================
Timestamp: 2025-01-30T14:04:38.087669200
Client Info: Username: krisi, Address: /127.0.0.1:55724
Log Level: ERROR
Message: Error occurred while handling client: Username: krisi, Address: /127.0.0.1:55724
Stacktrace:
java.net.SocketException: Connection reset
	at java.base/sun.nio.ch.SocketChannelImpl.throwConnectionReset(SocketChannelImpl.java:403)
	at java.base/sun.nio.ch.SocketChannelImpl.implRead(SocketChannelImpl.java:419)
	at java.base/sun.nio.ch.SocketChannelImpl.read(SocketChannelImpl.java:493)
	at bg.sofia.uni.fmi.mjt.uno.server.ClientHandler.readMessageFromClient(ClientHandler.java:54)
	at bg.sofia.uni.fmi.mjt.uno.server.ClientHandler.run(ClientHandler.java:29)
	at java.base/java.lang.Thread.run(Thread.java:1575)
===================================================
Timestamp: 2025-01-30T14:04:38.076207500
Client Info: Username: krisi, Address: /127.0.0.1:55724
Log Level: ERROR
Message: Error occurred while handling client: Username: krisi, Address: /127.0.0.1:55724
Stacktrace:
java.net.SocketException: Connection reset
	at java.base/sun.nio.ch.SocketChannelImpl.throwConnectionReset(SocketChannelImpl.java:403)
	at java.base/sun.nio.ch.SocketChannelImpl.implRead(SocketChannelImpl.java:419)
	at java.base/sun.nio.ch.SocketChannelImpl.read(SocketChannelImpl.java:493)
	at bg.sofia.uni.fmi.mjt.uno.server.ClientHandler.readMessageFromClient(ClientHandler.java:54)
	at bg.sofia.uni.fmi.mjt.uno.server.ClientHandler.run(ClientHandler.java:29)
	at java.base/java.lang.Thread.run(Thread.java:1575)
===================================================
Timestamp: 2025-01-30T14:04:38.060528
Client Info: Username: krisi, Address: /127.0.0.1:55724
Log Level: ERROR
Message: Error occurred while handling client: Username: krisi, Address: /127.0.0.1:55724
Stacktrace:
java.net.SocketException: Connection reset
	at java.base/sun.nio.ch.SocketChannelImpl.throwConnectionReset(SocketChannelImpl.java:403)
	at java.base/sun.nio.ch.SocketChannelImpl.implRead(SocketChannelImpl.java:419)
	at java.base/sun.nio.ch.SocketChannelImpl.read(SocketChannelImpl.java:493)
	at bg.sofia.uni.fmi.mjt.uno.server.ClientHandler.readMessageFromClient(ClientHandler.java:54)
	at bg.sofia.uni.fmi.mjt.uno.server.ClientHandler.run(ClientHandler.java:29)
	at java.base/java.lang.Thread.run(Thread.java:1575)
===================================================
Timestamp: 2025-01-30T14:04:38.172734100
Client Info: Username: krisi, Address: /127.0.0.1:55724
Log Level: ERROR
Message: Error occurred while handling client: Username: krisi, Address: /127.0.0.1:55724
Stacktrace:
java.net.SocketException: Connection reset
	at java.base/sun.nio.ch.SocketChannelImpl.throwConnectionReset(SocketChannelImpl.java:403)
	at java.base/sun.nio.ch.SocketChannelImpl.implRead(SocketChannelImpl.java:419)
	at java.base/sun.nio.ch.SocketChannelImpl.read(SocketChannelImpl.java:493)
	at bg.sofia.uni.fmi.mjt.uno.server.ClientHandler.readMessageFromClient(ClientHandler.java:54)
	at bg.sofia.uni.fmi.mjt.uno.server.ClientHandler.run(ClientHandler.java:29)
	at java.base/java.lang.Thread.run(Thread.java:1575)
===================================================
Timestamp: 2025-01-30T14:04:38.077670
Client Info: Username: krisi, Address: /127.0.0.1:55724
Log Level: ERROR
Message: Error occurred while handling client: Username: krisi, Address: /127.0.0.1:55724
Stacktrace:
java.net.SocketException: Connection reset
	at java.base/sun.nio.ch.SocketChannelImpl.throwConnectionReset(SocketChannelImpl.java:403)
	at java.base/sun.nio.ch.SocketChannelImpl.implRead(SocketChannelImpl.java:419)
	at java.base/sun.nio.ch.SocketChannelImpl.read(SocketChannelImpl.java:493)
	at bg.sofia.uni.fmi.mjt.uno.server.ClientHandler.readMessageFromClient(ClientHandler.java:54)
	at bg.sofia.uni.fmi.mjt.uno.server.ClientHandler.run(ClientHandler.java:29)
	at java.base/java.lang.Thread.run(Thread.java:1575)
===================================================
Timestamp: 2025-01-30T14:04:38.065526500
Client Info: Username: krisi, Address: /127.0.0.1:55724
Log Level: ERROR
Message: Error occurred while handling client: Username: krisi, Address: /127.0.0.1:55724
Stacktrace:
java.net.SocketException: Connection reset
	at java.base/sun.nio.ch.SocketChannelImpl.throwConnectionReset(SocketChannelImpl.java:403)
	at java.base/sun.nio.ch.SocketChannelImpl.implRead(SocketChannelImpl.java:419)
	at java.base/sun.nio.ch.SocketChannelImpl.read(SocketChannelImpl.java:493)
	at bg.sofia.uni.fmi.mjt.uno.server.ClientHandler.readMessageFromClient(ClientHandler.java:54)
	at bg.sofia.uni.fmi.mjt.uno.server.ClientHandler.run(ClientHandler.java:29)
	at java.base/java.lang.Thread.run(Thread.java:1575)
===================================================
Timestamp: 2025-01-30T14:04:38.065526500
Client Info: Username: krisi, Address: /127.0.0.1:55724
Log Level: ERROR
Message: Error occurred while handling client: Username: krisi, Address: /127.0.0.1:55724
Stacktrace:
java.net.SocketException: Connection reset
	at java.base/sun.nio.ch.SocketChannelImpl.throwConnectionReset(SocketChannelImpl.java:403)
	at java.base/sun.nio.ch.SocketChannelImpl.implRead(SocketChannelImpl.java:419)
	at java.base/sun.nio.ch.SocketChannelImpl.read(SocketChannelImpl.java:493)
	at bg.sofia.uni.fmi.mjt.uno.server.ClientHandler.readMessageFromClient(ClientHandler.java:54)
	at bg.sofia.uni.fmi.mjt.uno.server.ClientHandler.run(ClientHandler.java:29)
	at java.base/java.lang.Thread.run(Thread.java:1575)
===================================================
Timestamp: 2025-01-30T14:04:38.074204900
Client Info: Username: krisi, Address: /127.0.0.1:55724
Log Level: ERROR
Message: Error occurred while handling client: Username: krisi, Address: /127.0.0.1:55724
Stacktrace:
java.net.SocketException: Connection reset
	at java.base/sun.nio.ch.SocketChannelImpl.throwConnectionReset(SocketChannelImpl.java:403)
	at java.base/sun.nio.ch.SocketChannelImpl.implRead(SocketChannelImpl.java:419)
	at java.base/sun.nio.ch.SocketChannelImpl.read(SocketChannelImpl.java:493)
	at bg.sofia.uni.fmi.mjt.uno.server.ClientHandler.readMessageFromClient(ClientHandler.java:54)
	at bg.sofia.uni.fmi.mjt.uno.server.ClientHandler.run(ClientHandler.java:29)
	at java.base/java.lang.Thread.run(Thread.java:1575)
===================================================
Timestamp: 2025-01-30T14:04:38.069206300
Client Info: Username: krisi, Address: /127.0.0.1:55724
Log Level: ERROR
Message: Error occurred while handling client: Username: krisi, Address: /127.0.0.1:55724
Stacktrace:
java.net.SocketException: Connection reset
	at java.base/sun.nio.ch.SocketChannelImpl.throwConnectionReset(SocketChannelImpl.java:403)
	at java.base/sun.nio.ch.SocketChannelImpl.implRead(SocketChannelImpl.java:419)
	at java.base/sun.nio.ch.SocketChannelImpl.read(SocketChannelImpl.java:493)
	at bg.sofia.uni.fmi.mjt.uno.server.ClientHandler.readMessageFromClient(ClientHandler.java:54)
	at bg.sofia.uni.fmi.mjt.uno.server.ClientHandler.run(ClientHandler.java:29)
	at java.base/java.lang.Thread.run(Thread.java:1575)
===================================================
Timestamp: 2025-01-30T14:04:38.090897500
Client Info: Username: krisi, Address: /127.0.0.1:55724
Log Level: ERROR
Message: Error occurred while handling client: Username: krisi, Address: /127.0.0.1:55724
Stacktrace:
java.net.SocketException: Connection reset
	at java.base/sun.nio.ch.SocketChannelImpl.throwConnectionReset(SocketChannelImpl.java:403)
	at java.base/sun.nio.ch.SocketChannelImpl.implRead(SocketChannelImpl.java:419)
	at java.base/sun.nio.ch.SocketChannelImpl.read(SocketChannelImpl.java:493)
	at bg.sofia.uni.fmi.mjt.uno.server.ClientHandler.readMessageFromClient(ClientHandler.java:54)
	at bg.sofia.uni.fmi.mjt.uno.server.ClientHandler.run(ClientHandler.java:29)
	at java.base/java.lang.Thread.run(Thread.java:1575)
===================================================
Timestamp: 2025-01-30T14:04:38.150142400
Client Info: Username: krisi, Address: /127.0.0.1:55724
Log Level: ERROR
Message: Error occurred while handling client: Username: krisi, Address: /127.0.0.1:55724
Stacktrace:
java.net.SocketException: Connection reset
	at java.base/sun.nio.ch.SocketChannelImpl.throwConnectionReset(SocketChannelImpl.java:403)
	at java.base/sun.nio.ch.SocketChannelImpl.implRead(SocketChannelImpl.java:419)
	at java.base/sun.nio.ch.SocketChannelImpl.read(SocketChannelImpl.java:493)
	at bg.sofia.uni.fmi.mjt.uno.server.ClientHandler.readMessageFromClient(ClientHandler.java:54)
	at bg.sofia.uni.fmi.mjt.uno.server.ClientHandler.run(ClientHandler.java:29)
	at java.base/java.lang.Thread.run(Thread.java:1575)
===================================================
Timestamp: 2025-01-30T14:04:38.075206300
Client Info: Username: krisi, Address: /127.0.0.1:55724
Log Level: ERROR
Message: Error occurred while handling client: Username: krisi, Address: /127.0.0.1:55724
Stacktrace:
java.net.SocketException: Connection reset
	at java.base/sun.nio.ch.SocketChannelImpl.throwConnectionReset(SocketChannelImpl.java:403)
	at java.base/sun.nio.ch.SocketChannelImpl.implRead(SocketChannelImpl.java:419)
	at java.base/sun.nio.ch.SocketChannelImpl.read(SocketChannelImpl.java:493)
	at bg.sofia.uni.fmi.mjt.uno.server.ClientHandler.readMessageFromClient(ClientHandler.java:54)
	at bg.sofia.uni.fmi.mjt.uno.server.ClientHandler.run(ClientHandler.java:29)
	at java.base/java.lang.Thread.run(Thread.java:1575)
===================================================
Timestamp: 2025-01-30T14:04:38.063525900
Client Info: Username: krisi, Address: /127.0.0.1:55724
Log Level: ERROR
Message: Error occurred while handling client: Username: krisi, Address: /127.0.0.1:55724
Stacktrace:
java.net.SocketException: Connection reset
	at java.base/sun.nio.ch.SocketChannelImpl.throwConnectionReset(SocketChannelImpl.java:403)
	at java.base/sun.nio.ch.SocketChannelImpl.implRead(SocketChannelImpl.java:419)
	at java.base/sun.nio.ch.SocketChannelImpl.read(SocketChannelImpl.java:493)
	at bg.sofia.uni.fmi.mjt.uno.server.ClientHandler.readMessageFromClient(ClientHandler.java:54)
	at bg.sofia.uni.fmi.mjt.uno.server.ClientHandler.run(ClientHandler.java:29)
	at java.base/java.lang.Thread.run(Thread.java:1575)
===================================================
Timestamp: 2025-01-30T14:04:38.063525900
Client Info: Username: krisi, Address: /127.0.0.1:55724
Log Level: ERROR
Message: Error occurred while handling client: Username: krisi, Address: /127.0.0.1:55724
Stacktrace:
java.net.SocketException: Connection reset
	at java.base/sun.nio.ch.SocketChannelImpl.throwConnectionReset(SocketChannelImpl.java:403)
	at java.base/sun.nio.ch.SocketChannelImpl.implRead(SocketChannelImpl.java:419)
	at java.base/sun.nio.ch.SocketChannelImpl.read(SocketChannelImpl.java:493)
	at bg.sofia.uni.fmi.mjt.uno.server.ClientHandler.readMessageFromClient(ClientHandler.java:54)
	at bg.sofia.uni.fmi.mjt.uno.server.ClientHandler.run(ClientHandler.java:29)
	at java.base/java.lang.Thread.run(Thread.java:1575)
===================================================
Timestamp: 2025-01-30T14:04:38.094430400
Client Info: Username: krisi, Address: /127.0.0.1:55724
Log Level: ERROR
Message: Error occurred while handling client: Username: krisi, Address: /127.0.0.1:55724
Stacktrace:
java.net.SocketException: Connection reset
	at java.base/sun.nio.ch.SocketChannelImpl.throwConnectionReset(SocketChannelImpl.java:403)
	at java.base/sun.nio.ch.SocketChannelImpl.implRead(SocketChannelImpl.java:419)
	at java.base/sun.nio.ch.SocketChannelImpl.read(SocketChannelImpl.java:493)
	at bg.sofia.uni.fmi.mjt.uno.server.ClientHandler.readMessageFromClient(ClientHandler.java:54)
	at bg.sofia.uni.fmi.mjt.uno.server.ClientHandler.run(ClientHandler.java:29)
	at java.base/java.lang.Thread.run(Thread.java:1575)
===================================================
Timestamp: 2025-01-30T14:04:38.097430700
Client Info: Username: krisi, Address: /127.0.0.1:55724
Log Level: ERROR
Message: Error occurred while handling client: Username: krisi, Address: /127.0.0.1:55724
Stacktrace:
java.net.SocketException: Connection reset
	at java.base/sun.nio.ch.SocketChannelImpl.throwConnectionReset(SocketChannelImpl.java:403)
	at java.base/sun.nio.ch.SocketChannelImpl.implRead(SocketChannelImpl.java:419)
	at java.base/sun.nio.ch.SocketChannelImpl.read(SocketChannelImpl.java:493)
	at bg.sofia.uni.fmi.mjt.uno.server.ClientHandler.readMessageFromClient(ClientHandler.java:54)
	at bg.sofia.uni.fmi.mjt.uno.server.ClientHandler.run(ClientHandler.java:29)
	at java.base/java.lang.Thread.run(Thread.java:1575)
===================================================
Timestamp: 2025-01-30T14:04:38.094430400
Client Info: Username: krisi, Address: /127.0.0.1:55724
Log Level: ERROR
Message: Error occurred while handling client: Username: krisi, Address: /127.0.0.1:55724
Stacktrace:
java.net.SocketException: Connection reset
	at java.base/sun.nio.ch.SocketChannelImpl.throwConnectionReset(SocketChannelImpl.java:403)
	at java.base/sun.nio.ch.SocketChannelImpl.implRead(SocketChannelImpl.java:419)
	at java.base/sun.nio.ch.SocketChannelImpl.read(SocketChannelImpl.java:493)
	at bg.sofia.uni.fmi.mjt.uno.server.ClientHandler.readMessageFromClient(ClientHandler.java:54)
	at bg.sofia.uni.fmi.mjt.uno.server.ClientHandler.run(ClientHandler.java:29)
	at java.base/java.lang.Thread.run(Thread.java:1575)
===================================================
Timestamp: 2025-01-30T14:04:38.075206300
Client Info: Username: krisi, Address: /127.0.0.1:55724
Log Level: ERROR
Message: Error occurred while handling client: Username: krisi, Address: /127.0.0.1:55724
Stacktrace:
java.net.SocketException: Connection reset
	at java.base/sun.nio.ch.SocketChannelImpl.throwConnectionReset(SocketChannelImpl.java:403)
	at java.base/sun.nio.ch.SocketChannelImpl.implRead(SocketChannelImpl.java:419)
	at java.base/sun.nio.ch.SocketChannelImpl.read(SocketChannelImpl.java:493)
	at bg.sofia.uni.fmi.mjt.uno.server.ClientHandler.readMessageFromClient(ClientHandler.java:54)
	at bg.sofia.uni.fmi.mjt.uno.server.ClientHandler.run(ClientHandler.java:29)
	at java.base/java.lang.Thread.run(Thread.java:1575)
===================================================
Timestamp: 2025-01-30T14:04:38.151273600
Client Info: Username: krisi, Address: /127.0.0.1:55724
Log Level: ERROR
Message: Error occurred while handling client: Username: krisi, Address: /127.0.0.1:55724
Stacktrace:
java.net.SocketException: Connection reset
	at java.base/sun.nio.ch.SocketChannelImpl.throwConnectionReset(SocketChannelImpl.java:403)
	at java.base/sun.nio.ch.SocketChannelImpl.implRead(SocketChannelImpl.java:419)
	at java.base/sun.nio.ch.SocketChannelImpl.read(SocketChannelImpl.java:493)
	at bg.sofia.uni.fmi.mjt.uno.server.ClientHandler.readMessageFromClient(ClientHandler.java:54)
	at bg.sofia.uni.fmi.mjt.uno.server.ClientHandler.run(ClientHandler.java:29)
	at java.base/java.lang.Thread.run(Thread.java:1575)
===================================================
Timestamp: 2025-01-30T14:04:38.093430600
Client Info: Username: krisi, Address: /127.0.0.1:55724
Log Level: ERROR
Message: Error occurred while handling client: Username: krisi, Address: /127.0.0.1:55724
Stacktrace:
java.net.SocketException: Connection reset
	at java.base/sun.nio.ch.SocketChannelImpl.throwConnectionReset(SocketChannelImpl.java:403)
	at java.base/sun.nio.ch.SocketChannelImpl.implRead(SocketChannelImpl.java:419)
	at java.base/sun.nio.ch.SocketChannelImpl.read(SocketChannelImpl.java:493)
	at bg.sofia.uni.fmi.mjt.uno.server.ClientHandler.readMessageFromClient(ClientHandler.java:54)
	at bg.sofia.uni.fmi.mjt.uno.server.ClientHandler.run(ClientHandler.java:29)
	at java.base/java.lang.Thread.run(Thread.java:1575)
===================================================
Timestamp: 2025-01-30T14:04:38.086671300
Client Info: Username: krisi, Address: /127.0.0.1:55724
Log Level: ERROR
Message: Error occurred while handling client: Username: krisi, Address: /127.0.0.1:55724
Stacktrace:
java.net.SocketException: Connection reset
	at java.base/sun.nio.ch.SocketChannelImpl.throwConnectionReset(SocketChannelImpl.java:403)
	at java.base/sun.nio.ch.SocketChannelImpl.implRead(SocketChannelImpl.java:419)
	at java.base/sun.nio.ch.SocketChannelImpl.read(SocketChannelImpl.java:493)
	at bg.sofia.uni.fmi.mjt.uno.server.ClientHandler.readMessageFromClient(ClientHandler.java:54)
	at bg.sofia.uni.fmi.mjt.uno.server.ClientHandler.run(ClientHandler.java:29)
	at java.base/java.lang.Thread.run(Thread.java:1575)
===================================================
Timestamp: 2025-01-30T14:04:38.095429900
Client Info: Username: krisi, Address: /127.0.0.1:55724
Log Level: ERROR
Message: Error occurred while handling client: Username: krisi, Address: /127.0.0.1:55724
Stacktrace:
java.net.SocketException: Connection reset
	at java.base/sun.nio.ch.SocketChannelImpl.throwConnectionReset(SocketChannelImpl.java:403)
	at java.base/sun.nio.ch.SocketChannelImpl.implRead(SocketChannelImpl.java:419)
	at java.base/sun.nio.ch.SocketChannelImpl.read(SocketChannelImpl.java:493)
	at bg.sofia.uni.fmi.mjt.uno.server.ClientHandler.readMessageFromClient(ClientHandler.java:54)
	at bg.sofia.uni.fmi.mjt.uno.server.ClientHandler.run(ClientHandler.java:29)
	at java.base/java.lang.Thread.run(Thread.java:1575)
===================================================
Timestamp: 2025-01-30T14:04:38.169733
Client Info: Username: krisi, Address: /127.0.0.1:55724
Log Level: ERROR
Message: Error occurred while handling client: Username: krisi, Address: /127.0.0.1:55724
Stacktrace:
java.net.SocketException: Connection reset
	at java.base/sun.nio.ch.SocketChannelImpl.throwConnectionReset(SocketChannelImpl.java:403)
	at java.base/sun.nio.ch.SocketChannelImpl.implRead(SocketChannelImpl.java:419)
	at java.base/sun.nio.ch.SocketChannelImpl.read(SocketChannelImpl.java:493)
	at bg.sofia.uni.fmi.mjt.uno.server.ClientHandler.readMessageFromClient(ClientHandler.java:54)
	at bg.sofia.uni.fmi.mjt.uno.server.ClientHandler.run(ClientHandler.java:29)
	at java.base/java.lang.Thread.run(Thread.java:1575)
===================================================
Timestamp: 2025-01-30T14:04:38.096431900
Client Info: Username: krisi, Address: /127.0.0.1:55724
Log Level: ERROR
Message: Error occurred while handling client: Username: krisi, Address: /127.0.0.1:55724
Stacktrace:
java.net.SocketException: Connection reset
	at java.base/sun.nio.ch.SocketChannelImpl.throwConnectionReset(SocketChannelImpl.java:403)
	at java.base/sun.nio.ch.SocketChannelImpl.implRead(SocketChannelImpl.java:419)
	at java.base/sun.nio.ch.SocketChannelImpl.read(SocketChannelImpl.java:493)
	at bg.sofia.uni.fmi.mjt.uno.server.ClientHandler.readMessageFromClient(ClientHandler.java:54)
	at bg.sofia.uni.fmi.mjt.uno.server.ClientHandler.run(ClientHandler.java:29)
	at java.base/java.lang.Thread.run(Thread.java:1575)
===================================================
Timestamp: 2025-01-30T14:04:38.079673800
Client Info: Username: krisi, Address: /127.0.0.1:55724
Log Level: ERROR
Message: Error occurred while handling client: Username: krisi, Address: /127.0.0.1:55724
Stacktrace:
java.net.SocketException: Connection reset
	at java.base/sun.nio.ch.SocketChannelImpl.throwConnectionReset(SocketChannelImpl.java:403)
	at java.base/sun.nio.ch.SocketChannelImpl.implRead(SocketChannelImpl.java:419)
	at java.base/sun.nio.ch.SocketChannelImpl.read(SocketChannelImpl.java:493)
	at bg.sofia.uni.fmi.mjt.uno.server.ClientHandler.readMessageFromClient(ClientHandler.java:54)
	at bg.sofia.uni.fmi.mjt.uno.server.ClientHandler.run(ClientHandler.java:29)
	at java.base/java.lang.Thread.run(Thread.java:1575)
===================================================
Timestamp: 2025-01-30T14:04:38.076207500
Client Info: Username: krisi, Address: /127.0.0.1:55724
Log Level: ERROR
Message: Error occurred while handling client: Username: krisi, Address: /127.0.0.1:55724
Stacktrace:
java.net.SocketException: Connection reset
	at java.base/sun.nio.ch.SocketChannelImpl.throwConnectionReset(SocketChannelImpl.java:403)
	at java.base/sun.nio.ch.SocketChannelImpl.implRead(SocketChannelImpl.java:419)
	at java.base/sun.nio.ch.SocketChannelImpl.read(SocketChannelImpl.java:493)
	at bg.sofia.uni.fmi.mjt.uno.server.ClientHandler.readMessageFromClient(ClientHandler.java:54)
	at bg.sofia.uni.fmi.mjt.uno.server.ClientHandler.run(ClientHandler.java:29)
	at java.base/java.lang.Thread.run(Thread.java:1575)
===================================================
Timestamp: 2025-01-30T14:04:38.065526500
Client Info: Username: krisi, Address: /127.0.0.1:55724
Log Level: ERROR
Message: Error occurred while handling client: Username: krisi, Address: /127.0.0.1:55724
Stacktrace:
java.net.SocketException: Connection reset
	at java.base/sun.nio.ch.SocketChannelImpl.throwConnectionReset(SocketChannelImpl.java:403)
	at java.base/sun.nio.ch.SocketChannelImpl.implRead(SocketChannelImpl.java:419)
	at java.base/sun.nio.ch.SocketChannelImpl.read(SocketChannelImpl.java:493)
	at bg.sofia.uni.fmi.mjt.uno.server.ClientHandler.readMessageFromClient(ClientHandler.java:54)
	at bg.sofia.uni.fmi.mjt.uno.server.ClientHandler.run(ClientHandler.java:29)
	at java.base/java.lang.Thread.run(Thread.java:1575)
===================================================
Timestamp: 2025-01-30T14:04:38.076207500
Client Info: Username: krisi, Address: /127.0.0.1:55724
Log Level: ERROR
Message: Error occurred while handling client: Username: krisi, Address: /127.0.0.1:55724
Stacktrace:
java.net.SocketException: Connection reset
	at java.base/sun.nio.ch.SocketChannelImpl.throwConnectionReset(SocketChannelImpl.java:403)
	at java.base/sun.nio.ch.SocketChannelImpl.implRead(SocketChannelImpl.java:419)
	at java.base/sun.nio.ch.SocketChannelImpl.read(SocketChannelImpl.java:493)
	at bg.sofia.uni.fmi.mjt.uno.server.ClientHandler.readMessageFromClient(ClientHandler.java:54)
	at bg.sofia.uni.fmi.mjt.uno.server.ClientHandler.run(ClientHandler.java:29)
	at java.base/java.lang.Thread.run(Thread.java:1575)
===================================================
Timestamp: 2025-01-30T14:04:38.061526600
Client Info: Username: krisi, Address: /127.0.0.1:55724
Log Level: ERROR
Message: Error occurred while handling client: Username: krisi, Address: /127.0.0.1:55724
Stacktrace:
java.net.SocketException: Connection reset
	at java.base/sun.nio.ch.SocketChannelImpl.throwConnectionReset(SocketChannelImpl.java:403)
	at java.base/sun.nio.ch.SocketChannelImpl.implRead(SocketChannelImpl.java:419)
	at java.base/sun.nio.ch.SocketChannelImpl.read(SocketChannelImpl.java:493)
	at bg.sofia.uni.fmi.mjt.uno.server.ClientHandler.readMessageFromClient(ClientHandler.java:54)
	at bg.sofia.uni.fmi.mjt.uno.server.ClientHandler.run(ClientHandler.java:29)
	at java.base/java.lang.Thread.run(Thread.java:1575)
===================================================
Timestamp: 2025-01-30T14:04:38.060528
Client Info: Username: krisi, Address: /127.0.0.1:55724
Log Level: ERROR
Message: Error occurred while handling client: Username: krisi, Address: /127.0.0.1:55724
Stacktrace:
java.net.SocketException: Connection reset
	at java.base/sun.nio.ch.SocketChannelImpl.throwConnectionReset(SocketChannelImpl.java:403)
	at java.base/sun.nio.ch.SocketChannelImpl.implRead(SocketChannelImpl.java:419)
	at java.base/sun.nio.ch.SocketChannelImpl.read(SocketChannelImpl.java:493)
	at bg.sofia.uni.fmi.mjt.uno.server.ClientHandler.readMessageFromClient(ClientHandler.java:54)
	at bg.sofia.uni.fmi.mjt.uno.server.ClientHandler.run(ClientHandler.java:29)
	at java.base/java.lang.Thread.run(Thread.java:1575)
===================================================
Timestamp: 2025-01-30T14:04:38.076207500
Client Info: Username: krisi, Address: /127.0.0.1:55724
Log Level: ERROR
Message: Error occurred while handling client: Username: krisi, Address: /127.0.0.1:55724
Stacktrace:
java.net.SocketException: Connection reset
	at java.base/sun.nio.ch.SocketChannelImpl.throwConnectionReset(SocketChannelImpl.java:403)
	at java.base/sun.nio.ch.SocketChannelImpl.implRead(SocketChannelImpl.java:419)
	at java.base/sun.nio.ch.SocketChannelImpl.read(SocketChannelImpl.java:493)
	at bg.sofia.uni.fmi.mjt.uno.server.ClientHandler.readMessageFromClient(ClientHandler.java:54)
	at bg.sofia.uni.fmi.mjt.uno.server.ClientHandler.run(ClientHandler.java:29)
	at java.base/java.lang.Thread.run(Thread.java:1575)
===================================================
Timestamp: 2025-01-30T14:04:38.078671400
Client Info: Username: krisi, Address: /127.0.0.1:55724
Log Level: ERROR
Message: Error occurred while handling client: Username: krisi, Address: /127.0.0.1:55724
Stacktrace:
java.net.SocketException: Connection reset
	at java.base/sun.nio.ch.SocketChannelImpl.throwConnectionReset(SocketChannelImpl.java:403)
	at java.base/sun.nio.ch.SocketChannelImpl.implRead(SocketChannelImpl.java:419)
	at java.base/sun.nio.ch.SocketChannelImpl.read(SocketChannelImpl.java:493)
	at bg.sofia.uni.fmi.mjt.uno.server.ClientHandler.readMessageFromClient(ClientHandler.java:54)
	at bg.sofia.uni.fmi.mjt.uno.server.ClientHandler.run(ClientHandler.java:29)
	at java.base/java.lang.Thread.run(Thread.java:1575)
===================================================
Timestamp: 2025-01-30T14:04:38.099429400
Client Info: Username: krisi, Address: /127.0.0.1:55724
Log Level: ERROR
Message: Error occurred while handling client: Username: krisi, Address: /127.0.0.1:55724
Stacktrace:
java.net.SocketException: Connection reset
	at java.base/sun.nio.ch.SocketChannelImpl.throwConnectionReset(SocketChannelImpl.java:403)
	at java.base/sun.nio.ch.SocketChannelImpl.implRead(SocketChannelImpl.java:419)
	at java.base/sun.nio.ch.SocketChannelImpl.read(SocketChannelImpl.java:493)
	at bg.sofia.uni.fmi.mjt.uno.server.ClientHandler.readMessageFromClient(ClientHandler.java:54)
	at bg.sofia.uni.fmi.mjt.uno.server.ClientHandler.run(ClientHandler.java:29)
	at java.base/java.lang.Thread.run(Thread.java:1575)
===================================================
Timestamp: 2025-01-30T14:04:38.066194100
Client Info: Username: krisi, Address: /127.0.0.1:55724
Log Level: ERROR
Message: Error occurred while handling client: Username: krisi, Address: /127.0.0.1:55724
Stacktrace:
java.net.SocketException: Connection reset
	at java.base/sun.nio.ch.SocketChannelImpl.throwConnectionReset(SocketChannelImpl.java:403)
	at java.base/sun.nio.ch.SocketChannelImpl.implRead(SocketChannelImpl.java:419)
	at java.base/sun.nio.ch.SocketChannelImpl.read(SocketChannelImpl.java:493)
	at bg.sofia.uni.fmi.mjt.uno.server.ClientHandler.readMessageFromClient(ClientHandler.java:54)
	at bg.sofia.uni.fmi.mjt.uno.server.ClientHandler.run(ClientHandler.java:29)
	at java.base/java.lang.Thread.run(Thread.java:1575)
===================================================
Timestamp: 2025-01-30T14:04:38.090897500
Client Info: Username: krisi, Address: /127.0.0.1:55724
Log Level: ERROR
Message: Error occurred while handling client: Username: krisi, Address: /127.0.0.1:55724
Stacktrace:
java.net.SocketException: Connection reset
	at java.base/sun.nio.ch.SocketChannelImpl.throwConnectionReset(SocketChannelImpl.java:403)
	at java.base/sun.nio.ch.SocketChannelImpl.implRead(SocketChannelImpl.java:419)
	at java.base/sun.nio.ch.SocketChannelImpl.read(SocketChannelImpl.java:493)
	at bg.sofia.uni.fmi.mjt.uno.server.ClientHandler.readMessageFromClient(ClientHandler.java:54)
	at bg.sofia.uni.fmi.mjt.uno.server.ClientHandler.run(ClientHandler.java:29)
	at java.base/java.lang.Thread.run(Thread.java:1575)
===================================================
Timestamp: 2025-01-30T14:04:38.091899600
Client Info: Username: krisi, Address: /127.0.0.1:55724
Log Level: ERROR
Message: Error occurred while handling client: Username: krisi, Address: /127.0.0.1:55724
Stacktrace:
java.net.SocketException: Connection reset
	at java.base/sun.nio.ch.SocketChannelImpl.throwConnectionReset(SocketChannelImpl.java:403)
	at java.base/sun.nio.ch.SocketChannelImpl.implRead(SocketChannelImpl.java:419)
	at java.base/sun.nio.ch.SocketChannelImpl.read(SocketChannelImpl.java:493)
	at bg.sofia.uni.fmi.mjt.uno.server.ClientHandler.readMessageFromClient(ClientHandler.java:54)
	at bg.sofia.uni.fmi.mjt.uno.server.ClientHandler.run(ClientHandler.java:29)
	at java.base/java.lang.Thread.run(Thread.java:1575)
===================================================
Timestamp: 2025-01-30T14:04:38.099429400
Client Info: Username: krisi, Address: /127.0.0.1:55724
Log Level: ERROR
Message: Error occurred while handling client: Username: krisi, Address: /127.0.0.1:55724
Stacktrace:
java.net.SocketException: Connection reset
	at java.base/sun.nio.ch.SocketChannelImpl.throwConnectionReset(SocketChannelImpl.java:403)
	at java.base/sun.nio.ch.SocketChannelImpl.implRead(SocketChannelImpl.java:419)
	at java.base/sun.nio.ch.SocketChannelImpl.read(SocketChannelImpl.java:493)
	at bg.sofia.uni.fmi.mjt.uno.server.ClientHandler.readMessageFromClient(ClientHandler.java:54)
	at bg.sofia.uni.fmi.mjt.uno.server.ClientHandler.run(ClientHandler.java:29)
	at java.base/java.lang.Thread.run(Thread.java:1575)
===================================================
Timestamp: 2025-01-30T14:04:38.168734900
Client Info: Username: krisi, Address: /127.0.0.1:55724
Log Level: ERROR
Message: Error occurred while handling client: Username: krisi, Address: /127.0.0.1:55724
Stacktrace:
java.net.SocketException: Connection reset
	at java.base/sun.nio.ch.SocketChannelImpl.throwConnectionReset(SocketChannelImpl.java:403)
	at java.base/sun.nio.ch.SocketChannelImpl.implRead(SocketChannelImpl.java:419)
	at java.base/sun.nio.ch.SocketChannelImpl.read(SocketChannelImpl.java:493)
	at bg.sofia.uni.fmi.mjt.uno.server.ClientHandler.readMessageFromClient(ClientHandler.java:54)
	at bg.sofia.uni.fmi.mjt.uno.server.ClientHandler.run(ClientHandler.java:29)
	at java.base/java.lang.Thread.run(Thread.java:1575)
===================================================
Timestamp: 2025-01-30T14:04:38.074204900
Client Info: Username: krisi, Address: /127.0.0.1:55724
Log Level: ERROR
Message: Error occurred while handling client: Username: krisi, Address: /127.0.0.1:55724
Stacktrace:
java.net.SocketException: Connection reset
	at java.base/sun.nio.ch.SocketChannelImpl.throwConnectionReset(SocketChannelImpl.java:403)
	at java.base/sun.nio.ch.SocketChannelImpl.implRead(SocketChannelImpl.java:419)
	at java.base/sun.nio.ch.SocketChannelImpl.read(SocketChannelImpl.java:493)
	at bg.sofia.uni.fmi.mjt.uno.server.ClientHandler.readMessageFromClient(ClientHandler.java:54)
	at bg.sofia.uni.fmi.mjt.uno.server.ClientHandler.run(ClientHandler.java:29)
	at java.base/java.lang.Thread.run(Thread.java:1575)
===================================================
Timestamp: 2025-01-30T14:04:38.061526600
Client Info: Username: krisi, Address: /127.0.0.1:55724
Log Level: ERROR
Message: Error occurred while handling client: Username: krisi, Address: /127.0.0.1:55724
Stacktrace:
java.net.SocketException: Connection reset
	at java.base/sun.nio.ch.SocketChannelImpl.throwConnectionReset(SocketChannelImpl.java:403)
	at java.base/sun.nio.ch.SocketChannelImpl.implRead(SocketChannelImpl.java:435)
	at java.base/sun.nio.ch.SocketChannelImpl.read(SocketChannelImpl.java:493)
	at bg.sofia.uni.fmi.mjt.uno.server.ClientHandler.readMessageFromClient(ClientHandler.java:54)
	at bg.sofia.uni.fmi.mjt.uno.server.ClientHandler.run(ClientHandler.java:29)
	at java.base/java.lang.Thread.run(Thread.java:1575)
===================================================
Timestamp: 2025-01-30T14:04:38.060528
Client Info: Username: krisi, Address: /127.0.0.1:55724
Log Level: ERROR
Message: Error occurred while handling client: Username: krisi, Address: /127.0.0.1:55724
Stacktrace:
java.net.SocketException: Connection reset
	at java.base/sun.nio.ch.SocketChannelImpl.throwConnectionReset(SocketChannelImpl.java:403)
	at java.base/sun.nio.ch.SocketChannelImpl.implRead(SocketChannelImpl.java:419)
	at java.base/sun.nio.ch.SocketChannelImpl.read(SocketChannelImpl.java:493)
	at bg.sofia.uni.fmi.mjt.uno.server.ClientHandler.readMessageFromClient(ClientHandler.java:54)
	at bg.sofia.uni.fmi.mjt.uno.server.ClientHandler.run(ClientHandler.java:29)
	at java.base/java.lang.Thread.run(Thread.java:1575)
===================================================
Timestamp: 2025-01-30T14:04:38.092413700
Client Info: Username: krisi, Address: /127.0.0.1:55724
Log Level: ERROR
Message: Error occurred while handling client: Username: krisi, Address: /127.0.0.1:55724
Stacktrace:
java.net.SocketException: Connection reset
	at java.base/sun.nio.ch.SocketChannelImpl.throwConnectionReset(SocketChannelImpl.java:403)
	at java.base/sun.nio.ch.SocketChannelImpl.implRead(SocketChannelImpl.java:419)
	at java.base/sun.nio.ch.SocketChannelImpl.read(SocketChannelImpl.java:493)
	at bg.sofia.uni.fmi.mjt.uno.server.ClientHandler.readMessageFromClient(ClientHandler.java:54)
	at bg.sofia.uni.fmi.mjt.uno.server.ClientHandler.run(ClientHandler.java:29)
	at java.base/java.lang.Thread.run(Thread.java:1575)
===================================================
Timestamp: 2025-01-30T14:04:38.161097700
Client Info: Username: krisi, Address: /127.0.0.1:55724
Log Level: ERROR
Message: Error occurred while handling client: Username: krisi, Address: /127.0.0.1:55724
Stacktrace:
java.net.SocketException: Connection reset
	at java.base/sun.nio.ch.SocketChannelImpl.throwConnectionReset(SocketChannelImpl.java:403)
	at java.base/sun.nio.ch.SocketChannelImpl.implRead(SocketChannelImpl.java:419)
	at java.base/sun.nio.ch.SocketChannelImpl.read(SocketChannelImpl.java:493)
	at bg.sofia.uni.fmi.mjt.uno.server.ClientHandler.readMessageFromClient(ClientHandler.java:54)
	at bg.sofia.uni.fmi.mjt.uno.server.ClientHandler.run(ClientHandler.java:29)
	at java.base/java.lang.Thread.run(Thread.java:1575)
===================================================
Timestamp: 2025-01-30T14:04:38.099429400
Client Info: Username: krisi, Address: /127.0.0.1:55724
Log Level: ERROR
Message: Error occurred while handling client: Username: krisi, Address: /127.0.0.1:55724
Stacktrace:
java.net.SocketException: Connection reset
	at java.base/sun.nio.ch.SocketChannelImpl.throwConnectionReset(SocketChannelImpl.java:403)
	at java.base/sun.nio.ch.SocketChannelImpl.implRead(SocketChannelImpl.java:419)
	at java.base/sun.nio.ch.SocketChannelImpl.read(SocketChannelImpl.java:493)
	at bg.sofia.uni.fmi.mjt.uno.server.ClientHandler.readMessageFromClient(ClientHandler.java:54)
	at bg.sofia.uni.fmi.mjt.uno.server.ClientHandler.run(ClientHandler.java:29)
	at java.base/java.lang.Thread.run(Thread.java:1575)
===================================================
Timestamp: 2025-01-30T14:04:38.061526600
Client Info: Username: krisi, Address: /127.0.0.1:55724
Log Level: ERROR
Message: Error occurred while handling client: Username: krisi, Address: /127.0.0.1:55724
Stacktrace:
java.net.SocketException: Connection reset
	at java.base/sun.nio.ch.SocketChannelImpl.throwConnectionReset(SocketChannelImpl.java:403)
	at java.base/sun.nio.ch.SocketChannelImpl.implRead(SocketChannelImpl.java:419)
	at java.base/sun.nio.ch.SocketChannelImpl.read(SocketChannelImpl.java:493)
	at bg.sofia.uni.fmi.mjt.uno.server.ClientHandler.readMessageFromClient(ClientHandler.java:54)
	at bg.sofia.uni.fmi.mjt.uno.server.ClientHandler.run(ClientHandler.java:29)
	at java.base/java.lang.Thread.run(Thread.java:1575)
===================================================
Timestamp: 2025-01-30T14:04:38.164531300
Client Info: Username: krisi, Address: /127.0.0.1:55724
Log Level: ERROR
Message: Error occurred while handling client: Username: krisi, Address: /127.0.0.1:55724
Stacktrace:
java.net.SocketException: Connection reset
	at java.base/sun.nio.ch.SocketChannelImpl.throwConnectionReset(SocketChannelImpl.java:403)
	at java.base/sun.nio.ch.SocketChannelImpl.implRead(SocketChannelImpl.java:419)
	at java.base/sun.nio.ch.SocketChannelImpl.read(SocketChannelImpl.java:493)
	at bg.sofia.uni.fmi.mjt.uno.server.ClientHandler.readMessageFromClient(ClientHandler.java:54)
	at bg.sofia.uni.fmi.mjt.uno.server.ClientHandler.run(ClientHandler.java:29)
	at java.base/java.lang.Thread.run(Thread.java:1575)
===================================================
Timestamp: 2025-01-30T14:04:38.061526600
Client Info: Username: krisi, Address: /127.0.0.1:55724
Log Level: ERROR
Message: Error occurred while handling client: Username: krisi, Address: /127.0.0.1:55724
Stacktrace:
java.net.SocketException: Connection reset
	at java.base/sun.nio.ch.SocketChannelImpl.throwConnectionReset(SocketChannelImpl.java:403)
	at java.base/sun.nio.ch.SocketChannelImpl.implRead(SocketChannelImpl.java:419)
	at java.base/sun.nio.ch.SocketChannelImpl.read(SocketChannelImpl.java:493)
	at bg.sofia.uni.fmi.mjt.uno.server.ClientHandler.readMessageFromClient(ClientHandler.java:54)
	at bg.sofia.uni.fmi.mjt.uno.server.ClientHandler.run(ClientHandler.java:29)
	at java.base/java.lang.Thread.run(Thread.java:1575)
===================================================
Timestamp: 2025-01-30T14:04:38.063525900
Client Info: Username: krisi, Address: /127.0.0.1:55724
Log Level: ERROR
Message: Error occurred while handling client: Username: krisi, Address: /127.0.0.1:55724
Stacktrace:
java.net.SocketException: Connection reset
	at java.base/sun.nio.ch.SocketChannelImpl.throwConnectionReset(SocketChannelImpl.java:403)
	at java.base/sun.nio.ch.SocketChannelImpl.implRead(SocketChannelImpl.java:419)
	at java.base/sun.nio.ch.SocketChannelImpl.read(SocketChannelImpl.java:493)
	at bg.sofia.uni.fmi.mjt.uno.server.ClientHandler.readMessageFromClient(ClientHandler.java:54)
	at bg.sofia.uni.fmi.mjt.uno.server.ClientHandler.run(ClientHandler.java:29)
	at java.base/java.lang.Thread.run(Thread.java:1575)
===================================================
Timestamp: 2025-01-30T14:04:38.074204900
Client Info: Username: krisi, Address: /127.0.0.1:55724
Log Level: ERROR
Message: Error occurred while handling client: Username: krisi, Address: /127.0.0.1:55724
Stacktrace:
java.net.SocketException: Connection reset
	at java.base/sun.nio.ch.SocketChannelImpl.throwConnectionReset(SocketChannelImpl.java:403)
	at java.base/sun.nio.ch.SocketChannelImpl.implRead(SocketChannelImpl.java:419)
	at java.base/sun.nio.ch.SocketChannelImpl.read(SocketChannelImpl.java:493)
	at bg.sofia.uni.fmi.mjt.uno.server.ClientHandler.readMessageFromClient(ClientHandler.java:54)
	at bg.sofia.uni.fmi.mjt.uno.server.ClientHandler.run(ClientHandler.java:29)
	at java.base/java.lang.Thread.run(Thread.java:1575)
===================================================
Timestamp: 2025-01-30T14:04:38.065526500
Client Info: Username: krisi, Address: /127.0.0.1:55724
Log Level: ERROR
Message: Error occurred while handling client: Username: krisi, Address: /127.0.0.1:55724
Stacktrace:
java.net.SocketException: Connection reset
	at java.base/sun.nio.ch.SocketChannelImpl.throwConnectionReset(SocketChannelImpl.java:403)
	at java.base/sun.nio.ch.SocketChannelImpl.implRead(SocketChannelImpl.java:419)
	at java.base/sun.nio.ch.SocketChannelImpl.read(SocketChannelImpl.java:493)
	at bg.sofia.uni.fmi.mjt.uno.server.ClientHandler.readMessageFromClient(ClientHandler.java:54)
	at bg.sofia.uni.fmi.mjt.uno.server.ClientHandler.run(ClientHandler.java:29)
	at java.base/java.lang.Thread.run(Thread.java:1575)
===================================================
Timestamp: 2025-01-30T14:04:38.064525800
Client Info: Username: krisi, Address: /127.0.0.1:55724
Log Level: ERROR
Message: Error occurred while handling client: Username: krisi, Address: /127.0.0.1:55724
Stacktrace:
java.net.SocketException: Connection reset
	at java.base/sun.nio.ch.SocketChannelImpl.throwConnectionReset(SocketChannelImpl.java:403)
	at java.base/sun.nio.ch.SocketChannelImpl.implRead(SocketChannelImpl.java:419)
	at java.base/sun.nio.ch.SocketChannelImpl.read(SocketChannelImpl.java:493)
	at bg.sofia.uni.fmi.mjt.uno.server.ClientHandler.readMessageFromClient(ClientHandler.java:54)
	at bg.sofia.uni.fmi.mjt.uno.server.ClientHandler.run(ClientHandler.java:29)
	at java.base/java.lang.Thread.run(Thread.java:1575)
===================================================
Timestamp: 2025-01-30T14:04:38.088669500
Client Info: Username: krisi, Address: /127.0.0.1:55724
Log Level: ERROR
Message: Error occurred while handling client: Username: krisi, Address: /127.0.0.1:55724
Stacktrace:
java.net.SocketException: Connection reset
	at java.base/sun.nio.ch.SocketChannelImpl.throwConnectionReset(SocketChannelImpl.java:403)
	at java.base/sun.nio.ch.SocketChannelImpl.implRead(SocketChannelImpl.java:419)
	at java.base/sun.nio.ch.SocketChannelImpl.read(SocketChannelImpl.java:493)
	at bg.sofia.uni.fmi.mjt.uno.server.ClientHandler.readMessageFromClient(ClientHandler.java:54)
	at bg.sofia.uni.fmi.mjt.uno.server.ClientHandler.run(ClientHandler.java:29)
	at java.base/java.lang.Thread.run(Thread.java:1575)
===================================================
Timestamp: 2025-01-30T14:04:38.095429900
Client Info: Username: krisi, Address: /127.0.0.1:55724
Log Level: ERROR
Message: Error occurred while handling client: Username: krisi, Address: /127.0.0.1:55724
Stacktrace:
java.net.SocketException: Connection reset
	at java.base/sun.nio.ch.SocketChannelImpl.throwConnectionReset(SocketChannelImpl.java:403)
	at java.base/sun.nio.ch.SocketChannelImpl.implRead(SocketChannelImpl.java:419)
	at java.base/sun.nio.ch.SocketChannelImpl.read(SocketChannelImpl.java:493)
	at bg.sofia.uni.fmi.mjt.uno.server.ClientHandler.readMessageFromClient(ClientHandler.java:54)
	at bg.sofia.uni.fmi.mjt.uno.server.ClientHandler.run(ClientHandler.java:29)
	at java.base/java.lang.Thread.run(Thread.java:1575)
===================================================
Timestamp: 2025-01-30T14:04:38.096431900
Client Info: Username: krisi, Address: /127.0.0.1:55724
Log Level: ERROR
Message: Error occurred while handling client: Username: krisi, Address: /127.0.0.1:55724
Stacktrace:
java.net.SocketException: Connection reset
	at java.base/sun.nio.ch.SocketChannelImpl.throwConnectionReset(SocketChannelImpl.java:403)
	at java.base/sun.nio.ch.SocketChannelImpl.implRead(SocketChannelImpl.java:419)
	at java.base/sun.nio.ch.SocketChannelImpl.read(SocketChannelImpl.java:493)
	at bg.sofia.uni.fmi.mjt.uno.server.ClientHandler.readMessageFromClient(ClientHandler.java:54)
	at bg.sofia.uni.fmi.mjt.uno.server.ClientHandler.run(ClientHandler.java:29)
	at java.base/java.lang.Thread.run(Thread.java:1575)
===================================================
Timestamp: 2025-01-30T14:04:38.167735200
Client Info: Username: krisi, Address: /127.0.0.1:55724
Log Level: ERROR
Message: Error occurred while handling client: Username: krisi, Address: /127.0.0.1:55724
Stacktrace:
java.net.SocketException: Connection reset
	at java.base/sun.nio.ch.SocketChannelImpl.throwConnectionReset(SocketChannelImpl.java:403)
	at java.base/sun.nio.ch.SocketChannelImpl.implRead(SocketChannelImpl.java:419)
	at java.base/sun.nio.ch.SocketChannelImpl.read(SocketChannelImpl.java:493)
	at bg.sofia.uni.fmi.mjt.uno.server.ClientHandler.readMessageFromClient(ClientHandler.java:54)
	at bg.sofia.uni.fmi.mjt.uno.server.ClientHandler.run(ClientHandler.java:29)
	at java.base/java.lang.Thread.run(Thread.java:1575)
===================================================
Timestamp: 2025-01-30T14:04:38.060528
Client Info: Username: krisi, Address: /127.0.0.1:55724
Log Level: ERROR
Message: Error occurred while handling client: Username: krisi, Address: /127.0.0.1:55724
Stacktrace:
java.net.SocketException: Connection reset
	at java.base/sun.nio.ch.SocketChannelImpl.throwConnectionReset(SocketChannelImpl.java:403)
	at java.base/sun.nio.ch.SocketChannelImpl.implRead(SocketChannelImpl.java:419)
	at java.base/sun.nio.ch.SocketChannelImpl.read(SocketChannelImpl.java:493)
	at bg.sofia.uni.fmi.mjt.uno.server.ClientHandler.readMessageFromClient(ClientHandler.java:54)
	at bg.sofia.uni.fmi.mjt.uno.server.ClientHandler.run(ClientHandler.java:29)
	at java.base/java.lang.Thread.run(Thread.java:1575)
===================================================
Timestamp: 2025-01-30T14:04:38.062526100
Client Info: Username: krisi, Address: /127.0.0.1:55724
Log Level: ERROR
Message: Error occurred while handling client: Username: krisi, Address: /127.0.0.1:55724
Stacktrace:
java.net.SocketException: Connection reset
	at java.base/sun.nio.ch.SocketChannelImpl.throwConnectionReset(SocketChannelImpl.java:403)
	at java.base/sun.nio.ch.SocketChannelImpl.implRead(SocketChannelImpl.java:419)
	at java.base/sun.nio.ch.SocketChannelImpl.read(SocketChannelImpl.java:493)
	at bg.sofia.uni.fmi.mjt.uno.server.ClientHandler.readMessageFromClient(ClientHandler.java:54)
	at bg.sofia.uni.fmi.mjt.uno.server.ClientHandler.run(ClientHandler.java:29)
	at java.base/java.lang.Thread.run(Thread.java:1575)
===================================================
Timestamp: 2025-01-30T14:04:38.065526500
Client Info: Username: krisi, Address: /127.0.0.1:55724
Log Level: ERROR
Message: Error occurred while handling client: Username: krisi, Address: /127.0.0.1:55724
Stacktrace:
java.net.SocketException: Connection reset
	at java.base/sun.nio.ch.SocketChannelImpl.throwConnectionReset(SocketChannelImpl.java:403)
	at java.base/sun.nio.ch.SocketChannelImpl.implRead(SocketChannelImpl.java:419)
	at java.base/sun.nio.ch.SocketChannelImpl.read(SocketChannelImpl.java:493)
	at bg.sofia.uni.fmi.mjt.uno.server.ClientHandler.readMessageFromClient(ClientHandler.java:54)
	at bg.sofia.uni.fmi.mjt.uno.server.ClientHandler.run(ClientHandler.java:29)
	at java.base/java.lang.Thread.run(Thread.java:1575)
===================================================
Timestamp: 2025-01-30T14:04:38.163099
Client Info: Username: krisi, Address: /127.0.0.1:55724
Log Level: ERROR
Message: Error occurred while handling client: Username: krisi, Address: /127.0.0.1:55724
Stacktrace:
java.net.SocketException: Connection reset
	at java.base/sun.nio.ch.SocketChannelImpl.throwConnectionReset(SocketChannelImpl.java:403)
	at java.base/sun.nio.ch.SocketChannelImpl.implRead(SocketChannelImpl.java:419)
	at java.base/sun.nio.ch.SocketChannelImpl.read(SocketChannelImpl.java:493)
	at bg.sofia.uni.fmi.mjt.uno.server.ClientHandler.readMessageFromClient(ClientHandler.java:54)
	at bg.sofia.uni.fmi.mjt.uno.server.ClientHandler.run(ClientHandler.java:29)
	at java.base/java.lang.Thread.run(Thread.java:1575)
===================================================
Timestamp: 2025-01-30T14:04:38.170733
Client Info: Username: krisi, Address: /127.0.0.1:55724
Log Level: ERROR
Message: Error occurred while handling client: Username: krisi, Address: /127.0.0.1:55724
Stacktrace:
java.net.SocketException: Connection reset
	at java.base/sun.nio.ch.SocketChannelImpl.throwConnectionReset(SocketChannelImpl.java:403)
	at java.base/sun.nio.ch.SocketChannelImpl.implRead(SocketChannelImpl.java:419)
	at java.base/sun.nio.ch.SocketChannelImpl.read(SocketChannelImpl.java:493)
	at bg.sofia.uni.fmi.mjt.uno.server.ClientHandler.readMessageFromClient(ClientHandler.java:54)
	at bg.sofia.uni.fmi.mjt.uno.server.ClientHandler.run(ClientHandler.java:29)
	at java.base/java.lang.Thread.run(Thread.java:1575)
===================================================
Timestamp: 2025-01-30T14:04:38.097430700
Client Info: Username: krisi, Address: /127.0.0.1:55724
Log Level: ERROR
Message: Error occurred while handling client: Username: krisi, Address: /127.0.0.1:55724
Stacktrace:
java.net.SocketException: Connection reset
	at java.base/sun.nio.ch.SocketChannelImpl.throwConnectionReset(SocketChannelImpl.java:403)
	at java.base/sun.nio.ch.SocketChannelImpl.implRead(SocketChannelImpl.java:419)
	at java.base/sun.nio.ch.SocketChannelImpl.read(SocketChannelImpl.java:493)
	at bg.sofia.uni.fmi.mjt.uno.server.ClientHandler.readMessageFromClient(ClientHandler.java:54)
	at bg.sofia.uni.fmi.mjt.uno.server.ClientHandler.run(ClientHandler.java:29)
	at java.base/java.lang.Thread.run(Thread.java:1575)
===================================================
Timestamp: 2025-01-30T14:04:38.062526100
Client Info: Username: krisi, Address: /127.0.0.1:55724
Log Level: ERROR
Message: Error occurred while handling client: Username: krisi, Address: /127.0.0.1:55724
Stacktrace:
java.net.SocketException: Connection reset
	at java.base/sun.nio.ch.SocketChannelImpl.throwConnectionReset(SocketChannelImpl.java:403)
	at java.base/sun.nio.ch.SocketChannelImpl.implRead(SocketChannelImpl.java:419)
	at java.base/sun.nio.ch.SocketChannelImpl.read(SocketChannelImpl.java:493)
	at bg.sofia.uni.fmi.mjt.uno.server.ClientHandler.readMessageFromClient(ClientHandler.java:54)
	at bg.sofia.uni.fmi.mjt.uno.server.ClientHandler.run(ClientHandler.java:29)
	at java.base/java.lang.Thread.run(Thread.java:1575)
===================================================
Timestamp: 2025-01-30T14:04:38.076207500
Client Info: Username: krisi, Address: /127.0.0.1:55724
Log Level: ERROR
Message: Error occurred while handling client: Username: krisi, Address: /127.0.0.1:55724
Stacktrace:
java.net.SocketException: Connection reset
	at java.base/sun.nio.ch.SocketChannelImpl.throwConnectionReset(SocketChannelImpl.java:403)
	at java.base/sun.nio.ch.SocketChannelImpl.implRead(SocketChannelImpl.java:419)
	at java.base/sun.nio.ch.SocketChannelImpl.read(SocketChannelImpl.java:493)
	at bg.sofia.uni.fmi.mjt.uno.server.ClientHandler.readMessageFromClient(ClientHandler.java:54)
	at bg.sofia.uni.fmi.mjt.uno.server.ClientHandler.run(ClientHandler.java:29)
	at java.base/java.lang.Thread.run(Thread.java:1575)
===================================================
Timestamp: 2025-01-30T14:04:38.074204900
Client Info: Username: krisi, Address: /127.0.0.1:55724
Log Level: ERROR
Message: Error occurred while handling client: Username: krisi, Address: /127.0.0.1:55724
Stacktrace:
java.net.SocketException: Connection reset
	at java.base/sun.nio.ch.SocketChannelImpl.throwConnectionReset(SocketChannelImpl.java:403)
	at java.base/sun.nio.ch.SocketChannelImpl.implRead(SocketChannelImpl.java:419)
	at java.base/sun.nio.ch.SocketChannelImpl.read(SocketChannelImpl.java:493)
	at bg.sofia.uni.fmi.mjt.uno.server.ClientHandler.readMessageFromClient(ClientHandler.java:54)
	at bg.sofia.uni.fmi.mjt.uno.server.ClientHandler.run(ClientHandler.java:29)
	at java.base/java.lang.Thread.run(Thread.java:1575)
===================================================
Timestamp: 2025-01-30T14:04:38.063525900
Client Info: Username: krisi, Address: /127.0.0.1:55724
Log Level: ERROR
Message: Error occurred while handling client: Username: krisi, Address: /127.0.0.1:55724
Stacktrace:
java.net.SocketException: Connection reset
	at java.base/sun.nio.ch.SocketChannelImpl.throwConnectionReset(SocketChannelImpl.java:403)
	at java.base/sun.nio.ch.SocketChannelImpl.implRead(SocketChannelImpl.java:419)
	at java.base/sun.nio.ch.SocketChannelImpl.read(SocketChannelImpl.java:493)
	at bg.sofia.uni.fmi.mjt.uno.server.ClientHandler.readMessageFromClient(ClientHandler.java:54)
	at bg.sofia.uni.fmi.mjt.uno.server.ClientHandler.run(ClientHandler.java:29)
	at java.base/java.lang.Thread.run(Thread.java:1575)
===================================================
Timestamp: 2025-01-30T14:04:38.174735
Client Info: Username: krisi, Address: /127.0.0.1:55724
Log Level: ERROR
Message: Error occurred while handling client: Username: krisi, Address: /127.0.0.1:55724
Stacktrace:
java.net.SocketException: Connection reset
	at java.base/sun.nio.ch.SocketChannelImpl.throwConnectionReset(SocketChannelImpl.java:403)
	at java.base/sun.nio.ch.SocketChannelImpl.implRead(SocketChannelImpl.java:419)
	at java.base/sun.nio.ch.SocketChannelImpl.read(SocketChannelImpl.java:493)
	at bg.sofia.uni.fmi.mjt.uno.server.ClientHandler.readMessageFromClient(ClientHandler.java:54)
	at bg.sofia.uni.fmi.mjt.uno.server.ClientHandler.run(ClientHandler.java:29)
	at java.base/java.lang.Thread.run(Thread.java:1575)
===================================================
Timestamp: 2025-01-30T14:04:38.163099
Client Info: Username: krisi, Address: /127.0.0.1:55724
Log Level: ERROR
Message: Error occurred while handling client: Username: krisi, Address: /127.0.0.1:55724
Stacktrace:
java.net.SocketException: Connection reset
	at java.base/sun.nio.ch.SocketChannelImpl.throwConnectionReset(SocketChannelImpl.java:403)
	at java.base/sun.nio.ch.SocketChannelImpl.implRead(SocketChannelImpl.java:419)
	at java.base/sun.nio.ch.SocketChannelImpl.read(SocketChannelImpl.java:493)
	at bg.sofia.uni.fmi.mjt.uno.server.ClientHandler.readMessageFromClient(ClientHandler.java:54)
	at bg.sofia.uni.fmi.mjt.uno.server.ClientHandler.run(ClientHandler.java:29)
	at java.base/java.lang.Thread.run(Thread.java:1575)
===================================================
Timestamp: 2025-01-30T14:04:38.065526500
Client Info: Username: krisi, Address: /127.0.0.1:55724
Log Level: ERROR
Message: Error occurred while handling client: Username: krisi, Address: /127.0.0.1:55724
Stacktrace:
java.net.SocketException: Connection reset
	at java.base/sun.nio.ch.SocketChannelImpl.throwConnectionReset(SocketChannelImpl.java:403)
	at java.base/sun.nio.ch.SocketChannelImpl.implRead(SocketChannelImpl.java:419)
	at java.base/sun.nio.ch.SocketChannelImpl.read(SocketChannelImpl.java:493)
	at bg.sofia.uni.fmi.mjt.uno.server.ClientHandler.readMessageFromClient(ClientHandler.java:54)
	at bg.sofia.uni.fmi.mjt.uno.server.ClientHandler.run(ClientHandler.java:29)
	at java.base/java.lang.Thread.run(Thread.java:1575)
===================================================
Timestamp: 2025-01-30T14:04:38.097430700
Client Info: Username: krisi, Address: /127.0.0.1:55724
Log Level: ERROR
Message: Error occurred while handling client: Username: krisi, Address: /127.0.0.1:55724
Stacktrace:
java.net.SocketException: Connection reset
	at java.base/sun.nio.ch.SocketChannelImpl.throwConnectionReset(SocketChannelImpl.java:403)
	at java.base/sun.nio.ch.SocketChannelImpl.implRead(SocketChannelImpl.java:419)
	at java.base/sun.nio.ch.SocketChannelImpl.read(SocketChannelImpl.java:493)
	at bg.sofia.uni.fmi.mjt.uno.server.ClientHandler.readMessageFromClient(ClientHandler.java:54)
	at bg.sofia.uni.fmi.mjt.uno.server.ClientHandler.run(ClientHandler.java:29)
	at java.base/java.lang.Thread.run(Thread.java:1575)
===================================================
Timestamp: 2025-01-30T14:04:38.061526600
Client Info: Username: krisi, Address: /127.0.0.1:55724
Log Level: ERROR
Message: Error occurred while handling client: Username: krisi, Address: /127.0.0.1:55724
Stacktrace:
java.net.SocketException: Connection reset
	at java.base/sun.nio.ch.SocketChannelImpl.throwConnectionReset(SocketChannelImpl.java:403)
	at java.base/sun.nio.ch.SocketChannelImpl.implRead(SocketChannelImpl.java:419)
	at java.base/sun.nio.ch.SocketChannelImpl.read(SocketChannelImpl.java:493)
	at bg.sofia.uni.fmi.mjt.uno.server.ClientHandler.readMessageFromClient(ClientHandler.java:54)
	at bg.sofia.uni.fmi.mjt.uno.server.ClientHandler.run(ClientHandler.java:29)
	at java.base/java.lang.Thread.run(Thread.java:1575)
===================================================
Timestamp: 2025-01-30T14:04:38.060528
Client Info: Username: krisi, Address: /127.0.0.1:55724
Log Level: ERROR
Message: Error occurred while handling client: Username: krisi, Address: /127.0.0.1:55724
Stacktrace:
java.net.SocketException: Connection reset
	at java.base/sun.nio.ch.SocketChannelImpl.throwConnectionReset(SocketChannelImpl.java:403)
	at java.base/sun.nio.ch.SocketChannelImpl.implRead(SocketChannelImpl.java:419)
	at java.base/sun.nio.ch.SocketChannelImpl.read(SocketChannelImpl.java:493)
	at bg.sofia.uni.fmi.mjt.uno.server.ClientHandler.readMessageFromClient(ClientHandler.java:54)
	at bg.sofia.uni.fmi.mjt.uno.server.ClientHandler.run(ClientHandler.java:29)
	at java.base/java.lang.Thread.run(Thread.java:1575)
===================================================
Timestamp: 2025-01-30T14:04:38.090897500
Client Info: Username: krisi, Address: /127.0.0.1:55724
Log Level: ERROR
Message: Error occurred while handling client: Username: krisi, Address: /127.0.0.1:55724
Stacktrace:
java.net.SocketException: Connection reset
	at java.base/sun.nio.ch.SocketChannelImpl.throwConnectionReset(SocketChannelImpl.java:403)
	at java.base/sun.nio.ch.SocketChannelImpl.implRead(SocketChannelImpl.java:419)
	at java.base/sun.nio.ch.SocketChannelImpl.read(SocketChannelImpl.java:493)
	at bg.sofia.uni.fmi.mjt.uno.server.ClientHandler.readMessageFromClient(ClientHandler.java:54)
	at bg.sofia.uni.fmi.mjt.uno.server.ClientHandler.run(ClientHandler.java:29)
	at java.base/java.lang.Thread.run(Thread.java:1575)
===================================================
Timestamp: 2025-01-30T14:04:38.078671400
Client Info: Username: krisi, Address: /127.0.0.1:55724
Log Level: ERROR
Message: Error occurred while handling client: Username: krisi, Address: /127.0.0.1:55724
Stacktrace:
java.net.SocketException: Connection reset
	at java.base/sun.nio.ch.SocketChannelImpl.throwConnectionReset(SocketChannelImpl.java:403)
	at java.base/sun.nio.ch.SocketChannelImpl.implRead(SocketChannelImpl.java:419)
	at java.base/sun.nio.ch.SocketChannelImpl.read(SocketChannelImpl.java:493)
	at bg.sofia.uni.fmi.mjt.uno.server.ClientHandler.readMessageFromClient(ClientHandler.java:54)
	at bg.sofia.uni.fmi.mjt.uno.server.ClientHandler.run(ClientHandler.java:29)
	at java.base/java.lang.Thread.run(Thread.java:1575)
===================================================
Timestamp: 2025-01-30T14:04:38.172734100
Client Info: Username: krisi, Address: /127.0.0.1:55724
Log Level: ERROR
Message: Error occurred while handling client: Username: krisi, Address: /127.0.0.1:55724
Stacktrace:
java.net.SocketException: Connection reset
	at java.base/sun.nio.ch.SocketChannelImpl.throwConnectionReset(SocketChannelImpl.java:403)
	at java.base/sun.nio.ch.SocketChannelImpl.implRead(SocketChannelImpl.java:419)
	at java.base/sun.nio.ch.SocketChannelImpl.read(SocketChannelImpl.java:493)
	at bg.sofia.uni.fmi.mjt.uno.server.ClientHandler.readMessageFromClient(ClientHandler.java:54)
	at bg.sofia.uni.fmi.mjt.uno.server.ClientHandler.run(ClientHandler.java:29)
	at java.base/java.lang.Thread.run(Thread.java:1575)
===================================================
Timestamp: 2025-01-30T14:04:38.063525900
Client Info: Username: krisi, Address: /127.0.0.1:55724
Log Level: ERROR
Message: Error occurred while handling client: Username: krisi, Address: /127.0.0.1:55724
Stacktrace:
java.net.SocketException: Connection reset
	at java.base/sun.nio.ch.SocketChannelImpl.throwConnectionReset(SocketChannelImpl.java:403)
	at java.base/sun.nio.ch.SocketChannelImpl.implRead(SocketChannelImpl.java:419)
	at java.base/sun.nio.ch.SocketChannelImpl.read(SocketChannelImpl.java:493)
	at bg.sofia.uni.fmi.mjt.uno.server.ClientHandler.readMessageFromClient(ClientHandler.java:54)
	at bg.sofia.uni.fmi.mjt.uno.server.ClientHandler.run(ClientHandler.java:29)
	at java.base/java.lang.Thread.run(Thread.java:1575)
===================================================
Timestamp: 2025-01-30T14:04:38.062526100
Client Info: Username: krisi, Address: /127.0.0.1:55724
Log Level: ERROR
Message: Error occurred while handling client: Username: krisi, Address: /127.0.0.1:55724
Stacktrace:
java.net.SocketException: Connection reset
	at java.base/sun.nio.ch.SocketChannelImpl.throwConnectionReset(SocketChannelImpl.java:403)
	at java.base/sun.nio.ch.SocketChannelImpl.implRead(SocketChannelImpl.java:419)
	at java.base/sun.nio.ch.SocketChannelImpl.read(SocketChannelImpl.java:493)
	at bg.sofia.uni.fmi.mjt.uno.server.ClientHandler.readMessageFromClient(ClientHandler.java:54)
	at bg.sofia.uni.fmi.mjt.uno.server.ClientHandler.run(ClientHandler.java:29)
	at java.base/java.lang.Thread.run(Thread.java:1575)
===================================================
Timestamp: 2025-01-30T14:04:38.060528
Client Info: Username: krisi, Address: /127.0.0.1:55724
Log Level: ERROR
Message: Error occurred while handling client: Username: krisi, Address: /127.0.0.1:55724
Stacktrace:
java.net.SocketException: Connection reset
	at java.base/sun.nio.ch.SocketChannelImpl.throwConnectionReset(SocketChannelImpl.java:403)
	at java.base/sun.nio.ch.SocketChannelImpl.implRead(SocketChannelImpl.java:419)
	at java.base/sun.nio.ch.SocketChannelImpl.read(SocketChannelImpl.java:493)
	at bg.sofia.uni.fmi.mjt.uno.server.ClientHandler.readMessageFromClient(ClientHandler.java:54)
	at bg.sofia.uni.fmi.mjt.uno.server.ClientHandler.run(ClientHandler.java:29)
	at java.base/java.lang.Thread.run(Thread.java:1575)
===================================================
Timestamp: 2025-01-30T14:04:38.063525900
Client Info: Username: krisi, Address: /127.0.0.1:55724
Log Level: ERROR
Message: Error occurred while handling client: Username: krisi, Address: /127.0.0.1:55724
Stacktrace:
java.net.SocketException: Connection reset
	at java.base/sun.nio.ch.SocketChannelImpl.throwConnectionReset(SocketChannelImpl.java:403)
	at java.base/sun.nio.ch.SocketChannelImpl.implRead(SocketChannelImpl.java:419)
	at java.base/sun.nio.ch.SocketChannelImpl.read(SocketChannelImpl.java:493)
	at bg.sofia.uni.fmi.mjt.uno.server.ClientHandler.readMessageFromClient(ClientHandler.java:54)
	at bg.sofia.uni.fmi.mjt.uno.server.ClientHandler.run(ClientHandler.java:29)
	at java.base/java.lang.Thread.run(Thread.java:1575)
===================================================
Timestamp: 2025-01-30T14:04:38.089895400
Client Info: Username: krisi, Address: /127.0.0.1:55724
Log Level: ERROR
Message: Error occurred while handling client: Username: krisi, Address: /127.0.0.1:55724
Stacktrace:
java.net.SocketException: Connection reset
	at java.base/sun.nio.ch.SocketChannelImpl.throwConnectionReset(SocketChannelImpl.java:403)
	at java.base/sun.nio.ch.SocketChannelImpl.implRead(SocketChannelImpl.java:419)
	at java.base/sun.nio.ch.SocketChannelImpl.read(SocketChannelImpl.java:493)
	at bg.sofia.uni.fmi.mjt.uno.server.ClientHandler.readMessageFromClient(ClientHandler.java:54)
	at bg.sofia.uni.fmi.mjt.uno.server.ClientHandler.run(ClientHandler.java:29)
	at java.base/java.lang.Thread.run(Thread.java:1575)
===================================================
Timestamp: 2025-01-30T14:04:38.060528
Client Info: Username: krisi, Address: /127.0.0.1:55724
Log Level: ERROR
Message: Error occurred while handling client: Username: krisi, Address: /127.0.0.1:55724
Stacktrace:
java.net.SocketException: Connection reset
	at java.base/sun.nio.ch.SocketChannelImpl.throwConnectionReset(SocketChannelImpl.java:403)
	at java.base/sun.nio.ch.SocketChannelImpl.implRead(SocketChannelImpl.java:419)
	at java.base/sun.nio.ch.SocketChannelImpl.read(SocketChannelImpl.java:493)
	at bg.sofia.uni.fmi.mjt.uno.server.ClientHandler.readMessageFromClient(ClientHandler.java:54)
	at bg.sofia.uni.fmi.mjt.uno.server.ClientHandler.run(ClientHandler.java:29)
	at java.base/java.lang.Thread.run(Thread.java:1575)
===================================================
Timestamp: 2025-01-30T14:04:38.174735
Client Info: Username: krisi, Address: /127.0.0.1:55724
Log Level: ERROR
Message: Error occurred while handling client: Username: krisi, Address: /127.0.0.1:55724
Stacktrace:
java.net.SocketException: Connection reset
	at java.base/sun.nio.ch.SocketChannelImpl.throwConnectionReset(SocketChannelImpl.java:403)
	at java.base/sun.nio.ch.SocketChannelImpl.implRead(SocketChannelImpl.java:419)
	at java.base/sun.nio.ch.SocketChannelImpl.read(SocketChannelImpl.java:493)
	at bg.sofia.uni.fmi.mjt.uno.server.ClientHandler.readMessageFromClient(ClientHandler.java:54)
	at bg.sofia.uni.fmi.mjt.uno.server.ClientHandler.run(ClientHandler.java:29)
	at java.base/java.lang.Thread.run(Thread.java:1575)
===================================================
Timestamp: 2025-01-30T14:04:38.060528
Client Info: Username: krisi, Address: /127.0.0.1:55724
Log Level: ERROR
Message: Error occurred while handling client: Username: krisi, Address: /127.0.0.1:55724
Stacktrace:
java.net.SocketException: Connection reset
	at java.base/sun.nio.ch.SocketChannelImpl.throwConnectionReset(SocketChannelImpl.java:403)
	at java.base/sun.nio.ch.SocketChannelImpl.implRead(SocketChannelImpl.java:419)
	at java.base/sun.nio.ch.SocketChannelImpl.read(SocketChannelImpl.java:493)
	at bg.sofia.uni.fmi.mjt.uno.server.ClientHandler.readMessageFromClient(ClientHandler.java:54)
	at bg.sofia.uni.fmi.mjt.uno.server.ClientHandler.run(ClientHandler.java:29)
	at java.base/java.lang.Thread.run(Thread.java:1575)
===================================================
Timestamp: 2025-01-30T14:04:38.063525900
Client Info: Username: krisi, Address: /127.0.0.1:55724
Log Level: ERROR
Message: Error occurred while handling client: Username: krisi, Address: /127.0.0.1:55724
Stacktrace:
java.net.SocketException: Connection reset
	at java.base/sun.nio.ch.SocketChannelImpl.throwConnectionReset(SocketChannelImpl.java:403)
	at java.base/sun.nio.ch.SocketChannelImpl.implRead(SocketChannelImpl.java:419)
	at java.base/sun.nio.ch.SocketChannelImpl.read(SocketChannelImpl.java:493)
	at bg.sofia.uni.fmi.mjt.uno.server.ClientHandler.readMessageFromClient(ClientHandler.java:54)
	at bg.sofia.uni.fmi.mjt.uno.server.ClientHandler.run(ClientHandler.java:29)
	at java.base/java.lang.Thread.run(Thread.java:1575)
===================================================
Timestamp: 2025-01-30T14:04:38.059528100
Client Info: Username: krisi, Address: /127.0.0.1:55724
Log Level: ERROR
Message: Error occurred while handling client: Username: krisi, Address: /127.0.0.1:55724
Stacktrace:
java.net.SocketException: Connection reset
	at java.base/sun.nio.ch.SocketChannelImpl.throwConnectionReset(SocketChannelImpl.java:403)
	at java.base/sun.nio.ch.SocketChannelImpl.implRead(SocketChannelImpl.java:419)
	at java.base/sun.nio.ch.SocketChannelImpl.read(SocketChannelImpl.java:493)
	at bg.sofia.uni.fmi.mjt.uno.server.ClientHandler.readMessageFromClient(ClientHandler.java:54)
	at bg.sofia.uni.fmi.mjt.uno.server.ClientHandler.run(ClientHandler.java:29)
	at java.base/java.lang.Thread.run(Thread.java:1575)
===================================================
Timestamp: 2025-01-30T14:04:38.093430600
Client Info: Username: krisi, Address: /127.0.0.1:55724
Log Level: ERROR
Message: Error occurred while handling client: Username: krisi, Address: /127.0.0.1:55724
Stacktrace:
java.net.SocketException: Connection reset
	at java.base/sun.nio.ch.SocketChannelImpl.throwConnectionReset(SocketChannelImpl.java:403)
	at java.base/sun.nio.ch.SocketChannelImpl.implRead(SocketChannelImpl.java:419)
	at java.base/sun.nio.ch.SocketChannelImpl.read(SocketChannelImpl.java:493)
	at bg.sofia.uni.fmi.mjt.uno.server.ClientHandler.readMessageFromClient(ClientHandler.java:54)
	at bg.sofia.uni.fmi.mjt.uno.server.ClientHandler.run(ClientHandler.java:29)
	at java.base/java.lang.Thread.run(Thread.java:1575)
===================================================
Timestamp: 2025-01-30T14:04:38.065526500
Client Info: Username: krisi, Address: /127.0.0.1:55724
Log Level: ERROR
Message: Error occurred while handling client: Username: krisi, Address: /127.0.0.1:55724
Stacktrace:
java.net.SocketException: Connection reset
	at java.base/sun.nio.ch.SocketChannelImpl.throwConnectionReset(SocketChannelImpl.java:403)
	at java.base/sun.nio.ch.SocketChannelImpl.implRead(SocketChannelImpl.java:419)
	at java.base/sun.nio.ch.SocketChannelImpl.read(SocketChannelImpl.java:493)
	at bg.sofia.uni.fmi.mjt.uno.server.ClientHandler.readMessageFromClient(ClientHandler.java:54)
	at bg.sofia.uni.fmi.mjt.uno.server.ClientHandler.run(ClientHandler.java:29)
	at java.base/java.lang.Thread.run(Thread.java:1575)
===================================================
Timestamp: 2025-01-30T14:04:38.165734100
Client Info: Username: krisi, Address: /127.0.0.1:55724
Log Level: ERROR
Message: Error occurred while handling client: Username: krisi, Address: /127.0.0.1:55724
Stacktrace:
java.net.SocketException: Connection reset
	at java.base/sun.nio.ch.SocketChannelImpl.throwConnectionReset(SocketChannelImpl.java:403)
	at java.base/sun.nio.ch.SocketChannelImpl.implRead(SocketChannelImpl.java:419)
	at java.base/sun.nio.ch.SocketChannelImpl.read(SocketChannelImpl.java:493)
	at bg.sofia.uni.fmi.mjt.uno.server.ClientHandler.readMessageFromClient(ClientHandler.java:54)
	at bg.sofia.uni.fmi.mjt.uno.server.ClientHandler.run(ClientHandler.java:29)
	at java.base/java.lang.Thread.run(Thread.java:1575)
===================================================
Timestamp: 2025-01-30T14:04:38.099429400
Client Info: Username: krisi, Address: /127.0.0.1:55724
Log Level: ERROR
Message: Error occurred while handling client: Username: krisi, Address: /127.0.0.1:55724
Stacktrace:
java.net.SocketException: Connection reset
	at java.base/sun.nio.ch.SocketChannelImpl.throwConnectionReset(SocketChannelImpl.java:403)
	at java.base/sun.nio.ch.SocketChannelImpl.implRead(SocketChannelImpl.java:419)
	at java.base/sun.nio.ch.SocketChannelImpl.read(SocketChannelImpl.java:493)
	at bg.sofia.uni.fmi.mjt.uno.server.ClientHandler.readMessageFromClient(ClientHandler.java:54)
	at bg.sofia.uni.fmi.mjt.uno.server.ClientHandler.run(ClientHandler.java:29)
	at java.base/java.lang.Thread.run(Thread.java:1575)
===================================================
Timestamp: 2025-01-30T14:04:38.083668500
Client Info: Username: krisi, Address: /127.0.0.1:55724
Log Level: ERROR
Message: Error occurred while handling client: Username: krisi, Address: /127.0.0.1:55724
Stacktrace:
java.net.SocketException: Connection reset
	at java.base/sun.nio.ch.SocketChannelImpl.throwConnectionReset(SocketChannelImpl.java:403)
	at java.base/sun.nio.ch.SocketChannelImpl.implRead(SocketChannelImpl.java:419)
	at java.base/sun.nio.ch.SocketChannelImpl.read(SocketChannelImpl.java:493)
	at bg.sofia.uni.fmi.mjt.uno.server.ClientHandler.readMessageFromClient(ClientHandler.java:54)
	at bg.sofia.uni.fmi.mjt.uno.server.ClientHandler.run(ClientHandler.java:29)
	at java.base/java.lang.Thread.run(Thread.java:1575)
===================================================
Timestamp: 2025-01-30T14:04:38.089895400
Client Info: Username: krisi, Address: /127.0.0.1:55724
Log Level: ERROR
Message: Error occurred while handling client: Username: krisi, Address: /127.0.0.1:55724
Stacktrace:
java.net.SocketException: Connection reset
	at java.base/sun.nio.ch.SocketChannelImpl.throwConnectionReset(SocketChannelImpl.java:403)
	at java.base/sun.nio.ch.SocketChannelImpl.implRead(SocketChannelImpl.java:419)
	at java.base/sun.nio.ch.SocketChannelImpl.read(SocketChannelImpl.java:493)
	at bg.sofia.uni.fmi.mjt.uno.server.ClientHandler.readMessageFromClient(ClientHandler.java:54)
	at bg.sofia.uni.fmi.mjt.uno.server.ClientHandler.run(ClientHandler.java:29)
	at java.base/java.lang.Thread.run(Thread.java:1575)
===================================================
Timestamp: 2025-01-30T14:04:38.127951800
Client Info: Username: krisi, Address: /127.0.0.1:55724
Log Level: ERROR
Message: Error occurred while handling client: Username: krisi, Address: /127.0.0.1:55724
Stacktrace:
java.net.SocketException: Connection reset
	at java.base/sun.nio.ch.SocketChannelImpl.throwConnectionReset(SocketChannelImpl.java:403)
	at java.base/sun.nio.ch.SocketChannelImpl.implRead(SocketChannelImpl.java:419)
	at java.base/sun.nio.ch.SocketChannelImpl.read(SocketChannelImpl.java:493)
	at bg.sofia.uni.fmi.mjt.uno.server.ClientHandler.readMessageFromClient(ClientHandler.java:54)
	at bg.sofia.uni.fmi.mjt.uno.server.ClientHandler.run(ClientHandler.java:29)
	at java.base/java.lang.Thread.run(Thread.java:1575)
===================================================
Timestamp: 2025-01-30T14:04:38.063525900
Client Info: Username: krisi, Address: /127.0.0.1:55724
Log Level: ERROR
Message: Error occurred while handling client: Username: krisi, Address: /127.0.0.1:55724
Stacktrace:
java.net.SocketException: Connection reset
	at java.base/sun.nio.ch.SocketChannelImpl.throwConnectionReset(SocketChannelImpl.java:403)
	at java.base/sun.nio.ch.SocketChannelImpl.implRead(SocketChannelImpl.java:419)
	at java.base/sun.nio.ch.SocketChannelImpl.read(SocketChannelImpl.java:493)
	at bg.sofia.uni.fmi.mjt.uno.server.ClientHandler.readMessageFromClient(ClientHandler.java:54)
	at bg.sofia.uni.fmi.mjt.uno.server.ClientHandler.run(ClientHandler.java:29)
	at java.base/java.lang.Thread.run(Thread.java:1575)
===================================================
Timestamp: 2025-01-30T14:04:38.081669800
Client Info: Username: krisi, Address: /127.0.0.1:55724
Log Level: ERROR
Message: Error occurred while handling client: Username: krisi, Address: /127.0.0.1:55724
Stacktrace:
java.net.SocketException: Connection reset
	at java.base/sun.nio.ch.SocketChannelImpl.throwConnectionReset(SocketChannelImpl.java:403)
	at java.base/sun.nio.ch.SocketChannelImpl.implRead(SocketChannelImpl.java:419)
	at java.base/sun.nio.ch.SocketChannelImpl.read(SocketChannelImpl.java:493)
	at bg.sofia.uni.fmi.mjt.uno.server.ClientHandler.readMessageFromClient(ClientHandler.java:54)
	at bg.sofia.uni.fmi.mjt.uno.server.ClientHandler.run(ClientHandler.java:29)
	at java.base/java.lang.Thread.run(Thread.java:1575)
===================================================
Timestamp: 2025-01-30T14:04:38.084669400
Client Info: Username: krisi, Address: /127.0.0.1:55724
Log Level: ERROR
Message: Error occurred while handling client: Username: krisi, Address: /127.0.0.1:55724
Stacktrace:
java.net.SocketException: Connection reset
	at java.base/sun.nio.ch.SocketChannelImpl.throwConnectionReset(SocketChannelImpl.java:403)
	at java.base/sun.nio.ch.SocketChannelImpl.implRead(SocketChannelImpl.java:419)
	at java.base/sun.nio.ch.SocketChannelImpl.read(SocketChannelImpl.java:493)
	at bg.sofia.uni.fmi.mjt.uno.server.ClientHandler.readMessageFromClient(ClientHandler.java:54)
	at bg.sofia.uni.fmi.mjt.uno.server.ClientHandler.run(ClientHandler.java:29)
	at java.base/java.lang.Thread.run(Thread.java:1575)
===================================================
Timestamp: 2025-01-30T14:04:38.151273600
Client Info: Username: krisi, Address: /127.0.0.1:55724
Log Level: ERROR
Message: Error occurred while handling client: Username: krisi, Address: /127.0.0.1:55724
Stacktrace:
java.net.SocketException: Connection reset
	at java.base/sun.nio.ch.SocketChannelImpl.throwConnectionReset(SocketChannelImpl.java:403)
	at java.base/sun.nio.ch.SocketChannelImpl.implRead(SocketChannelImpl.java:419)
	at java.base/sun.nio.ch.SocketChannelImpl.read(SocketChannelImpl.java:493)
	at bg.sofia.uni.fmi.mjt.uno.server.ClientHandler.readMessageFromClient(ClientHandler.java:54)
	at bg.sofia.uni.fmi.mjt.uno.server.ClientHandler.run(ClientHandler.java:29)
	at java.base/java.lang.Thread.run(Thread.java:1575)
===================================================
Timestamp: 2025-01-30T14:04:38.083668500
Client Info: Username: krisi, Address: /127.0.0.1:55724
Log Level: ERROR
Message: Error occurred while handling client: Username: krisi, Address: /127.0.0.1:55724
Stacktrace:
java.net.SocketException: Connection reset
	at java.base/sun.nio.ch.SocketChannelImpl.throwConnectionReset(SocketChannelImpl.java:403)
	at java.base/sun.nio.ch.SocketChannelImpl.implRead(SocketChannelImpl.java:419)
	at java.base/sun.nio.ch.SocketChannelImpl.read(SocketChannelImpl.java:493)
	at bg.sofia.uni.fmi.mjt.uno.server.ClientHandler.readMessageFromClient(ClientHandler.java:54)
	at bg.sofia.uni.fmi.mjt.uno.server.ClientHandler.run(ClientHandler.java:29)
	at java.base/java.lang.Thread.run(Thread.java:1575)
===================================================
Timestamp: 2025-01-30T14:04:38.062526100
Client Info: Username: krisi, Address: /127.0.0.1:55724
Log Level: ERROR
Message: Error occurred while handling client: Username: krisi, Address: /127.0.0.1:55724
Stacktrace:
java.net.SocketException: Connection reset
	at java.base/sun.nio.ch.SocketChannelImpl.throwConnectionReset(SocketChannelImpl.java:403)
	at java.base/sun.nio.ch.SocketChannelImpl.implRead(SocketChannelImpl.java:419)
	at java.base/sun.nio.ch.SocketChannelImpl.read(SocketChannelImpl.java:493)
	at bg.sofia.uni.fmi.mjt.uno.server.ClientHandler.readMessageFromClient(ClientHandler.java:54)
	at bg.sofia.uni.fmi.mjt.uno.server.ClientHandler.run(ClientHandler.java:29)
	at java.base/java.lang.Thread.run(Thread.java:1575)
===================================================
Timestamp: 2025-01-30T14:04:38.098430700
Client Info: Username: krisi, Address: /127.0.0.1:55724
Log Level: ERROR
Message: Error occurred while handling client: Username: krisi, Address: /127.0.0.1:55724
Stacktrace:
java.net.SocketException: Connection reset
	at java.base/sun.nio.ch.SocketChannelImpl.throwConnectionReset(SocketChannelImpl.java:403)
	at java.base/sun.nio.ch.SocketChannelImpl.implRead(SocketChannelImpl.java:419)
	at java.base/sun.nio.ch.SocketChannelImpl.read(SocketChannelImpl.java:493)
	at bg.sofia.uni.fmi.mjt.uno.server.ClientHandler.readMessageFromClient(ClientHandler.java:54)
	at bg.sofia.uni.fmi.mjt.uno.server.ClientHandler.run(ClientHandler.java:29)
	at java.base/java.lang.Thread.run(Thread.java:1575)
===================================================
Timestamp: 2025-01-30T14:04:38.163099
Client Info: Username: krisi, Address: /127.0.0.1:55724
Log Level: ERROR
Message: Error occurred while handling client: Username: krisi, Address: /127.0.0.1:55724
Stacktrace:
java.net.SocketException: Connection reset
	at java.base/sun.nio.ch.SocketChannelImpl.throwConnectionReset(SocketChannelImpl.java:403)
	at java.base/sun.nio.ch.SocketChannelImpl.implRead(SocketChannelImpl.java:419)
	at java.base/sun.nio.ch.SocketChannelImpl.read(SocketChannelImpl.java:493)
	at bg.sofia.uni.fmi.mjt.uno.server.ClientHandler.readMessageFromClient(ClientHandler.java:54)
	at bg.sofia.uni.fmi.mjt.uno.server.ClientHandler.run(ClientHandler.java:29)
	at java.base/java.lang.Thread.run(Thread.java:1575)
===================================================
Timestamp: 2025-01-30T14:04:38.068205700
Client Info: Username: krisi, Address: /127.0.0.1:55724
Log Level: ERROR
Message: Error occurred while handling client: Username: krisi, Address: /127.0.0.1:55724
Stacktrace:
java.net.SocketException: Connection reset
	at java.base/sun.nio.ch.SocketChannelImpl.throwConnectionReset(SocketChannelImpl.java:403)
	at java.base/sun.nio.ch.SocketChannelImpl.implRead(SocketChannelImpl.java:419)
	at java.base/sun.nio.ch.SocketChannelImpl.read(SocketChannelImpl.java:493)
	at bg.sofia.uni.fmi.mjt.uno.server.ClientHandler.readMessageFromClient(ClientHandler.java:54)
	at bg.sofia.uni.fmi.mjt.uno.server.ClientHandler.run(ClientHandler.java:29)
	at java.base/java.lang.Thread.run(Thread.java:1575)
===================================================
Timestamp: 2025-01-30T14:04:38.092413700
Client Info: Username: krisi, Address: /127.0.0.1:55724
Log Level: ERROR
Message: Error occurred while handling client: Username: krisi, Address: /127.0.0.1:55724
Stacktrace:
java.net.SocketException: Connection reset
	at java.base/sun.nio.ch.SocketChannelImpl.throwConnectionReset(SocketChannelImpl.java:403)
	at java.base/sun.nio.ch.SocketChannelImpl.implRead(SocketChannelImpl.java:419)
	at java.base/sun.nio.ch.SocketChannelImpl.read(SocketChannelImpl.java:493)
	at bg.sofia.uni.fmi.mjt.uno.server.ClientHandler.readMessageFromClient(ClientHandler.java:54)
	at bg.sofia.uni.fmi.mjt.uno.server.ClientHandler.run(ClientHandler.java:29)
	at java.base/java.lang.Thread.run(Thread.java:1575)
===================================================
Timestamp: 2025-01-30T14:04:38.059528100
Client Info: Username: krisi, Address: /127.0.0.1:55724
Log Level: ERROR
Message: Error occurred while handling client: Username: krisi, Address: /127.0.0.1:55724
Stacktrace:
java.net.SocketException: Connection reset
	at java.base/sun.nio.ch.SocketChannelImpl.throwConnectionReset(SocketChannelImpl.java:403)
	at java.base/sun.nio.ch.SocketChannelImpl.implRead(SocketChannelImpl.java:419)
	at java.base/sun.nio.ch.SocketChannelImpl.read(SocketChannelImpl.java:493)
	at bg.sofia.uni.fmi.mjt.uno.server.ClientHandler.readMessageFromClient(ClientHandler.java:54)
	at bg.sofia.uni.fmi.mjt.uno.server.ClientHandler.run(ClientHandler.java:29)
	at java.base/java.lang.Thread.run(Thread.java:1575)
===================================================
Timestamp: 2025-01-30T14:04:38.081669800
Client Info: Username: krisi, Address: /127.0.0.1:55724
Log Level: ERROR
Message: Error occurred while handling client: Username: krisi, Address: /127.0.0.1:55724
Stacktrace:
java.net.SocketException: Connection reset
	at java.base/sun.nio.ch.SocketChannelImpl.throwConnectionReset(SocketChannelImpl.java:403)
	at java.base/sun.nio.ch.SocketChannelImpl.implRead(SocketChannelImpl.java:419)
	at java.base/sun.nio.ch.SocketChannelImpl.read(SocketChannelImpl.java:493)
	at bg.sofia.uni.fmi.mjt.uno.server.ClientHandler.readMessageFromClient(ClientHandler.java:54)
	at bg.sofia.uni.fmi.mjt.uno.server.ClientHandler.run(ClientHandler.java:29)
	at java.base/java.lang.Thread.run(Thread.java:1575)
===================================================
Timestamp: 2025-01-30T14:04:38.089895400
Client Info: Username: krisi, Address: /127.0.0.1:55724
Log Level: ERROR
Message: Error occurred while handling client: Username: krisi, Address: /127.0.0.1:55724
Stacktrace:
java.net.SocketException: Connection reset
	at java.base/sun.nio.ch.SocketChannelImpl.throwConnectionReset(SocketChannelImpl.java:403)
	at java.base/sun.nio.ch.SocketChannelImpl.implRead(SocketChannelImpl.java:419)
	at java.base/sun.nio.ch.SocketChannelImpl.read(SocketChannelImpl.java:493)
	at bg.sofia.uni.fmi.mjt.uno.server.ClientHandler.readMessageFromClient(ClientHandler.java:54)
	at bg.sofia.uni.fmi.mjt.uno.server.ClientHandler.run(ClientHandler.java:29)
	at java.base/java.lang.Thread.run(Thread.java:1575)
===================================================
Timestamp: 2025-01-30T14:04:38.073209
Client Info: Username: krisi, Address: /127.0.0.1:55724
Log Level: ERROR
Message: Error occurred while handling client: Username: krisi, Address: /127.0.0.1:55724
Stacktrace:
java.net.SocketException: Connection reset
	at java.base/sun.nio.ch.SocketChannelImpl.throwConnectionReset(SocketChannelImpl.java:403)
	at java.base/sun.nio.ch.SocketChannelImpl.implRead(SocketChannelImpl.java:419)
	at java.base/sun.nio.ch.SocketChannelImpl.read(SocketChannelImpl.java:493)
	at bg.sofia.uni.fmi.mjt.uno.server.ClientHandler.readMessageFromClient(ClientHandler.java:54)
	at bg.sofia.uni.fmi.mjt.uno.server.ClientHandler.run(ClientHandler.java:29)
	at java.base/java.lang.Thread.run(Thread.java:1575)
===================================================
Timestamp: 2025-01-30T14:04:38.085668900
Client Info: Username: krisi, Address: /127.0.0.1:55724
Log Level: ERROR
Message: Error occurred while handling client: Username: krisi, Address: /127.0.0.1:55724
Stacktrace:
java.net.SocketException: Connection reset
	at java.base/sun.nio.ch.SocketChannelImpl.throwConnectionReset(SocketChannelImpl.java:403)
	at java.base/sun.nio.ch.SocketChannelImpl.implRead(SocketChannelImpl.java:419)
	at java.base/sun.nio.ch.SocketChannelImpl.read(SocketChannelImpl.java:493)
	at bg.sofia.uni.fmi.mjt.uno.server.ClientHandler.readMessageFromClient(ClientHandler.java:54)
	at bg.sofia.uni.fmi.mjt.uno.server.ClientHandler.run(ClientHandler.java:29)
	at java.base/java.lang.Thread.run(Thread.java:1575)
===================================================
Timestamp: 2025-01-30T14:04:38.084669400
Client Info: Username: krisi, Address: /127.0.0.1:55724
Log Level: ERROR
Message: Error occurred while handling client: Username: krisi, Address: /127.0.0.1:55724
Stacktrace:
java.net.SocketException: Connection reset
	at java.base/sun.nio.ch.SocketChannelImpl.throwConnectionReset(SocketChannelImpl.java:403)
	at java.base/sun.nio.ch.SocketChannelImpl.implRead(SocketChannelImpl.java:419)
	at java.base/sun.nio.ch.SocketChannelImpl.read(SocketChannelImpl.java:493)
	at bg.sofia.uni.fmi.mjt.uno.server.ClientHandler.readMessageFromClient(ClientHandler.java:54)
	at bg.sofia.uni.fmi.mjt.uno.server.ClientHandler.run(ClientHandler.java:29)
	at java.base/java.lang.Thread.run(Thread.java:1575)
===================================================
Timestamp: 2025-01-30T14:04:38.077670
Client Info: Username: krisi, Address: /127.0.0.1:55724
Log Level: ERROR
Message: Error occurred while handling client: Username: krisi, Address: /127.0.0.1:55724
Stacktrace:
java.net.SocketException: Connection reset
	at java.base/sun.nio.ch.SocketChannelImpl.throwConnectionReset(SocketChannelImpl.java:403)
	at java.base/sun.nio.ch.SocketChannelImpl.implRead(SocketChannelImpl.java:419)
	at java.base/sun.nio.ch.SocketChannelImpl.read(SocketChannelImpl.java:493)
	at bg.sofia.uni.fmi.mjt.uno.server.ClientHandler.readMessageFromClient(ClientHandler.java:54)
	at bg.sofia.uni.fmi.mjt.uno.server.ClientHandler.run(ClientHandler.java:29)
	at java.base/java.lang.Thread.run(Thread.java:1575)
===================================================
Timestamp: 2025-01-30T14:04:38.205292
Client Info: Unknown (error retrieving client info)
Log Level: ERROR
Message: Error occurred while handling client: Unknown (error retrieving client info)
Stacktrace:
java.nio.channels.ClosedChannelException
	at java.base/sun.nio.ch.SocketChannelImpl.ensureOpenAndConnected(SocketChannelImpl.java:224)
	at java.base/sun.nio.ch.SocketChannelImpl.implRead(SocketChannelImpl.java:411)
	at java.base/sun.nio.ch.SocketChannelImpl.read(SocketChannelImpl.java:493)
	at bg.sofia.uni.fmi.mjt.uno.server.ClientHandler.readMessageFromClient(ClientHandler.java:54)
	at bg.sofia.uni.fmi.mjt.uno.server.ClientHandler.run(ClientHandler.java:29)
	at java.base/java.lang.Thread.run(Thread.java:1575)
===================================================
Timestamp: 2025-01-30T14:04:38.206291100
Client Info: Unknown (error retrieving client info)
Log Level: ERROR
Message: Error occurred while handling client: Unknown (error retrieving client info)
Stacktrace:
java.nio.channels.ClosedChannelException
	at java.base/sun.nio.ch.SocketChannelImpl.ensureOpenAndConnected(SocketChannelImpl.java:224)
	at java.base/sun.nio.ch.SocketChannelImpl.implRead(SocketChannelImpl.java:411)
	at java.base/sun.nio.ch.SocketChannelImpl.read(SocketChannelImpl.java:493)
	at bg.sofia.uni.fmi.mjt.uno.server.ClientHandler.readMessageFromClient(ClientHandler.java:54)
	at bg.sofia.uni.fmi.mjt.uno.server.ClientHandler.run(ClientHandler.java:29)
	at java.base/java.lang.Thread.run(Thread.java:1575)
===================================================
Timestamp: 2025-01-30T14:04:38.207292600
Client Info: Unknown (error retrieving client info)
Log Level: ERROR
Message: Error occurred while handling client: Unknown (error retrieving client info)
Stacktrace:
java.nio.channels.ClosedChannelException
	at java.base/sun.nio.ch.SocketChannelImpl.ensureOpenAndConnected(SocketChannelImpl.java:224)
	at java.base/sun.nio.ch.SocketChannelImpl.implRead(SocketChannelImpl.java:411)
	at java.base/sun.nio.ch.SocketChannelImpl.read(SocketChannelImpl.java:493)
	at bg.sofia.uni.fmi.mjt.uno.server.ClientHandler.readMessageFromClient(ClientHandler.java:54)
	at bg.sofia.uni.fmi.mjt.uno.server.ClientHandler.run(ClientHandler.java:29)
	at java.base/java.lang.Thread.run(Thread.java:1575)
===================================================
Timestamp: 2025-01-30T14:04:38.207292600
Client Info: Unknown (error retrieving client info)
Log Level: ERROR
Message: Error occurred while handling client: Unknown (error retrieving client info)
Stacktrace:
java.nio.channels.ClosedChannelException
	at java.base/sun.nio.ch.SocketChannelImpl.ensureOpenAndConnected(SocketChannelImpl.java:224)
	at java.base/sun.nio.ch.SocketChannelImpl.implRead(SocketChannelImpl.java:411)
	at java.base/sun.nio.ch.SocketChannelImpl.read(SocketChannelImpl.java:493)
	at bg.sofia.uni.fmi.mjt.uno.server.ClientHandler.readMessageFromClient(ClientHandler.java:54)
	at bg.sofia.uni.fmi.mjt.uno.server.ClientHandler.run(ClientHandler.java:29)
	at java.base/java.lang.Thread.run(Thread.java:1575)
===================================================
Timestamp: 2025-01-30T14:04:38.207292600
Client Info: Unknown (error retrieving client info)
Log Level: ERROR
Message: Error occurred while handling client: Unknown (error retrieving client info)
Stacktrace:
java.nio.channels.ClosedChannelException
	at java.base/sun.nio.ch.SocketChannelImpl.ensureOpenAndConnected(SocketChannelImpl.java:224)
	at java.base/sun.nio.ch.SocketChannelImpl.implRead(SocketChannelImpl.java:411)
	at java.base/sun.nio.ch.SocketChannelImpl.read(SocketChannelImpl.java:493)
	at bg.sofia.uni.fmi.mjt.uno.server.ClientHandler.readMessageFromClient(ClientHandler.java:54)
	at bg.sofia.uni.fmi.mjt.uno.server.ClientHandler.run(ClientHandler.java:29)
	at java.base/java.lang.Thread.run(Thread.java:1575)
===================================================
Timestamp: 2025-01-30T14:04:38.207292600
Client Info: Unknown (error retrieving client info)
Log Level: ERROR
Message: Error occurred while handling client: Unknown (error retrieving client info)
Stacktrace:
java.nio.channels.ClosedChannelException
	at java.base/sun.nio.ch.SocketChannelImpl.ensureOpenAndConnected(SocketChannelImpl.java:224)
	at java.base/sun.nio.ch.SocketChannelImpl.implRead(SocketChannelImpl.java:411)
	at java.base/sun.nio.ch.SocketChannelImpl.read(SocketChannelImpl.java:493)
	at bg.sofia.uni.fmi.mjt.uno.server.ClientHandler.readMessageFromClient(ClientHandler.java:54)
	at bg.sofia.uni.fmi.mjt.uno.server.ClientHandler.run(ClientHandler.java:29)
	at java.base/java.lang.Thread.run(Thread.java:1575)
===================================================
Timestamp: 2025-01-30T14:04:38.207292600
Client Info: Unknown (error retrieving client info)
Log Level: ERROR
Message: Error occurred while handling client: Unknown (error retrieving client info)
Stacktrace:
java.nio.channels.ClosedChannelException
	at java.base/sun.nio.ch.SocketChannelImpl.ensureOpenAndConnected(SocketChannelImpl.java:224)
	at java.base/sun.nio.ch.SocketChannelImpl.implRead(SocketChannelImpl.java:411)
	at java.base/sun.nio.ch.SocketChannelImpl.read(SocketChannelImpl.java:493)
	at bg.sofia.uni.fmi.mjt.uno.server.ClientHandler.readMessageFromClient(ClientHandler.java:54)
	at bg.sofia.uni.fmi.mjt.uno.server.ClientHandler.run(ClientHandler.java:29)
	at java.base/java.lang.Thread.run(Thread.java:1575)
===================================================
Timestamp: 2025-01-30T14:04:38.208601400
Client Info: Unknown (error retrieving client info)
Log Level: ERROR
Message: Error occurred while handling client: Unknown (error retrieving client info)
Stacktrace:
java.nio.channels.ClosedChannelException
	at java.base/sun.nio.ch.SocketChannelImpl.ensureOpenAndConnected(SocketChannelImpl.java:224)
	at java.base/sun.nio.ch.SocketChannelImpl.implRead(SocketChannelImpl.java:411)
	at java.base/sun.nio.ch.SocketChannelImpl.read(SocketChannelImpl.java:493)
	at bg.sofia.uni.fmi.mjt.uno.server.ClientHandler.readMessageFromClient(ClientHandler.java:54)
	at bg.sofia.uni.fmi.mjt.uno.server.ClientHandler.run(ClientHandler.java:29)
	at java.base/java.lang.Thread.run(Thread.java:1575)
===================================================
Timestamp: 2025-01-30T14:04:38.208601400
Client Info: Unknown (error retrieving client info)
Log Level: ERROR
Message: Error occurred while handling client: Unknown (error retrieving client info)
Stacktrace:
java.nio.channels.ClosedChannelException
	at java.base/sun.nio.ch.SocketChannelImpl.ensureOpenAndConnected(SocketChannelImpl.java:224)
	at java.base/sun.nio.ch.SocketChannelImpl.implRead(SocketChannelImpl.java:411)
	at java.base/sun.nio.ch.SocketChannelImpl.read(SocketChannelImpl.java:493)
	at bg.sofia.uni.fmi.mjt.uno.server.ClientHandler.readMessageFromClient(ClientHandler.java:54)
	at bg.sofia.uni.fmi.mjt.uno.server.ClientHandler.run(ClientHandler.java:29)
	at java.base/java.lang.Thread.run(Thread.java:1575)
===================================================
Timestamp: 2025-01-30T14:04:38.208601400
Client Info: Unknown (error retrieving client info)
Log Level: ERROR
Message: Error occurred while handling client: Unknown (error retrieving client info)
Stacktrace:
java.nio.channels.ClosedChannelException
	at java.base/sun.nio.ch.SocketChannelImpl.ensureOpenAndConnected(SocketChannelImpl.java:224)
	at java.base/sun.nio.ch.SocketChannelImpl.implRead(SocketChannelImpl.java:411)
	at java.base/sun.nio.ch.SocketChannelImpl.read(SocketChannelImpl.java:493)
	at bg.sofia.uni.fmi.mjt.uno.server.ClientHandler.readMessageFromClient(ClientHandler.java:54)
	at bg.sofia.uni.fmi.mjt.uno.server.ClientHandler.run(ClientHandler.java:29)
	at java.base/java.lang.Thread.run(Thread.java:1575)
===================================================
Timestamp: 2025-01-30T14:04:38.208601400
Client Info: Unknown (error retrieving client info)
Log Level: ERROR
Message: Error occurred while handling client: Unknown (error retrieving client info)
Stacktrace:
java.nio.channels.ClosedChannelException
	at java.base/sun.nio.ch.SocketChannelImpl.ensureOpenAndConnected(SocketChannelImpl.java:224)
	at java.base/sun.nio.ch.SocketChannelImpl.implRead(SocketChannelImpl.java:411)
	at java.base/sun.nio.ch.SocketChannelImpl.read(SocketChannelImpl.java:493)
	at bg.sofia.uni.fmi.mjt.uno.server.ClientHandler.readMessageFromClient(ClientHandler.java:54)
	at bg.sofia.uni.fmi.mjt.uno.server.ClientHandler.run(ClientHandler.java:29)
	at java.base/java.lang.Thread.run(Thread.java:1575)
===================================================
Timestamp: 2025-01-30T14:04:38.208601400
Client Info: Unknown (error retrieving client info)
Log Level: ERROR
Message: Error occurred while handling client: Unknown (error retrieving client info)
Stacktrace:
java.nio.channels.ClosedChannelException
	at java.base/sun.nio.ch.SocketChannelImpl.ensureOpenAndConnected(SocketChannelImpl.java:224)
	at java.base/sun.nio.ch.SocketChannelImpl.implRead(SocketChannelImpl.java:411)
	at java.base/sun.nio.ch.SocketChannelImpl.read(SocketChannelImpl.java:493)
	at bg.sofia.uni.fmi.mjt.uno.server.ClientHandler.readMessageFromClient(ClientHandler.java:54)
	at bg.sofia.uni.fmi.mjt.uno.server.ClientHandler.run(ClientHandler.java:29)
	at java.base/java.lang.Thread.run(Thread.java:1575)
===================================================
Timestamp: 2025-01-30T14:04:38.208601400
Client Info: Unknown (error retrieving client info)
Log Level: ERROR
Message: Error occurred while handling client: Unknown (error retrieving client info)
Stacktrace:
java.nio.channels.ClosedChannelException
	at java.base/sun.nio.ch.SocketChannelImpl.ensureOpenAndConnected(SocketChannelImpl.java:224)
	at java.base/sun.nio.ch.SocketChannelImpl.implRead(SocketChannelImpl.java:411)
	at java.base/sun.nio.ch.SocketChannelImpl.read(SocketChannelImpl.java:493)
	at bg.sofia.uni.fmi.mjt.uno.server.ClientHandler.readMessageFromClient(ClientHandler.java:54)
	at bg.sofia.uni.fmi.mjt.uno.server.ClientHandler.run(ClientHandler.java:29)
	at java.base/java.lang.Thread.run(Thread.java:1575)
===================================================
Timestamp: 2025-01-30T14:04:38.208601400
Client Info: Unknown (error retrieving client info)
Log Level: ERROR
Message: Error occurred while handling client: Unknown (error retrieving client info)
Stacktrace:
java.nio.channels.ClosedChannelException
	at java.base/sun.nio.ch.SocketChannelImpl.ensureOpenAndConnected(SocketChannelImpl.java:224)
	at java.base/sun.nio.ch.SocketChannelImpl.implRead(SocketChannelImpl.java:411)
	at java.base/sun.nio.ch.SocketChannelImpl.read(SocketChannelImpl.java:493)
	at bg.sofia.uni.fmi.mjt.uno.server.ClientHandler.readMessageFromClient(ClientHandler.java:54)
	at bg.sofia.uni.fmi.mjt.uno.server.ClientHandler.run(ClientHandler.java:29)
	at java.base/java.lang.Thread.run(Thread.java:1575)
===================================================
Timestamp: 2025-01-30T14:04:38.208601400
Client Info: Unknown (error retrieving client info)
Log Level: ERROR
Message: Error occurred while handling client: Unknown (error retrieving client info)
Stacktrace:
java.nio.channels.ClosedChannelException
	at java.base/sun.nio.ch.SocketChannelImpl.ensureOpenAndConnected(SocketChannelImpl.java:224)
	at java.base/sun.nio.ch.SocketChannelImpl.implRead(SocketChannelImpl.java:411)
	at java.base/sun.nio.ch.SocketChannelImpl.read(SocketChannelImpl.java:493)
	at bg.sofia.uni.fmi.mjt.uno.server.ClientHandler.readMessageFromClient(ClientHandler.java:54)
	at bg.sofia.uni.fmi.mjt.uno.server.ClientHandler.run(ClientHandler.java:29)
	at java.base/java.lang.Thread.run(Thread.java:1575)
===================================================
Timestamp: 2025-01-30T14:04:38.208601400
Client Info: Unknown (error retrieving client info)
Log Level: ERROR
Message: Error occurred while handling client: Unknown (error retrieving client info)
Stacktrace:
java.nio.channels.ClosedChannelException
	at java.base/sun.nio.ch.SocketChannelImpl.ensureOpenAndConnected(SocketChannelImpl.java:224)
	at java.base/sun.nio.ch.SocketChannelImpl.implRead(SocketChannelImpl.java:411)
	at java.base/sun.nio.ch.SocketChannelImpl.read(SocketChannelImpl.java:493)
	at bg.sofia.uni.fmi.mjt.uno.server.ClientHandler.readMessageFromClient(ClientHandler.java:54)
	at bg.sofia.uni.fmi.mjt.uno.server.ClientHandler.run(ClientHandler.java:29)
	at java.base/java.lang.Thread.run(Thread.java:1575)
===================================================
Timestamp: 2025-01-30T14:04:38.208601400
Client Info: Unknown (error retrieving client info)
Log Level: ERROR
Message: Error occurred while handling client: Unknown (error retrieving client info)
Stacktrace:
java.nio.channels.ClosedChannelException
	at java.base/sun.nio.ch.SocketChannelImpl.ensureOpenAndConnected(SocketChannelImpl.java:224)
	at java.base/sun.nio.ch.SocketChannelImpl.implRead(SocketChannelImpl.java:411)
	at java.base/sun.nio.ch.SocketChannelImpl.read(SocketChannelImpl.java:493)
	at bg.sofia.uni.fmi.mjt.uno.server.ClientHandler.readMessageFromClient(ClientHandler.java:54)
	at bg.sofia.uni.fmi.mjt.uno.server.ClientHandler.run(ClientHandler.java:29)
	at java.base/java.lang.Thread.run(Thread.java:1575)
===================================================
Timestamp: 2025-01-30T14:04:38.208601400
Client Info: Unknown (error retrieving client info)
Log Level: ERROR
Message: Error occurred while handling client: Unknown (error retrieving client info)
Stacktrace:
java.nio.channels.ClosedChannelException
	at java.base/sun.nio.ch.SocketChannelImpl.ensureOpenAndConnected(SocketChannelImpl.java:224)
	at java.base/sun.nio.ch.SocketChannelImpl.implRead(SocketChannelImpl.java:411)
	at java.base/sun.nio.ch.SocketChannelImpl.read(SocketChannelImpl.java:493)
	at bg.sofia.uni.fmi.mjt.uno.server.ClientHandler.readMessageFromClient(ClientHandler.java:54)
	at bg.sofia.uni.fmi.mjt.uno.server.ClientHandler.run(ClientHandler.java:29)
	at java.base/java.lang.Thread.run(Thread.java:1575)
===================================================
Timestamp: 2025-01-30T14:04:38.208601400
Client Info: Unknown (error retrieving client info)
Log Level: ERROR
Message: Error occurred while handling client: Unknown (error retrieving client info)
Stacktrace:
java.nio.channels.ClosedChannelException
	at java.base/sun.nio.ch.SocketChannelImpl.ensureOpenAndConnected(SocketChannelImpl.java:224)
	at java.base/sun.nio.ch.SocketChannelImpl.implRead(SocketChannelImpl.java:411)
	at java.base/sun.nio.ch.SocketChannelImpl.read(SocketChannelImpl.java:493)
	at bg.sofia.uni.fmi.mjt.uno.server.ClientHandler.readMessageFromClient(ClientHandler.java:54)
	at bg.sofia.uni.fmi.mjt.uno.server.ClientHandler.run(ClientHandler.java:29)
	at java.base/java.lang.Thread.run(Thread.java:1575)
===================================================
Timestamp: 2025-01-30T14:04:38.208601400
Client Info: Unknown (error retrieving client info)
Log Level: ERROR
Message: Error occurred while handling client: Unknown (error retrieving client info)
Stacktrace:
java.nio.channels.ClosedChannelException
	at java.base/sun.nio.ch.SocketChannelImpl.ensureOpenAndConnected(SocketChannelImpl.java:224)
	at java.base/sun.nio.ch.SocketChannelImpl.implRead(SocketChannelImpl.java:411)
	at java.base/sun.nio.ch.SocketChannelImpl.read(SocketChannelImpl.java:493)
	at bg.sofia.uni.fmi.mjt.uno.server.ClientHandler.readMessageFromClient(ClientHandler.java:54)
	at bg.sofia.uni.fmi.mjt.uno.server.ClientHandler.run(ClientHandler.java:29)
	at java.base/java.lang.Thread.run(Thread.java:1575)
===================================================
Timestamp: 2025-01-30T14:04:38.208601400
Client Info: Unknown (error retrieving client info)
Log Level: ERROR
Message: Error occurred while handling client: Unknown (error retrieving client info)
Stacktrace:
java.nio.channels.ClosedChannelException
	at java.base/sun.nio.ch.SocketChannelImpl.ensureOpenAndConnected(SocketChannelImpl.java:224)
	at java.base/sun.nio.ch.SocketChannelImpl.implRead(SocketChannelImpl.java:411)
	at java.base/sun.nio.ch.SocketChannelImpl.read(SocketChannelImpl.java:493)
	at bg.sofia.uni.fmi.mjt.uno.server.ClientHandler.readMessageFromClient(ClientHandler.java:54)
	at bg.sofia.uni.fmi.mjt.uno.server.ClientHandler.run(ClientHandler.java:29)
	at java.base/java.lang.Thread.run(Thread.java:1575)
===================================================
Timestamp: 2025-01-30T14:04:38.208601400
Client Info: Unknown (error retrieving client info)
Log Level: ERROR
Message: Error occurred while handling client: Unknown (error retrieving client info)
Stacktrace:
java.nio.channels.ClosedChannelException
	at java.base/sun.nio.ch.SocketChannelImpl.ensureOpenAndConnected(SocketChannelImpl.java:224)
	at java.base/sun.nio.ch.SocketChannelImpl.implRead(SocketChannelImpl.java:411)
	at java.base/sun.nio.ch.SocketChannelImpl.read(SocketChannelImpl.java:493)
	at bg.sofia.uni.fmi.mjt.uno.server.ClientHandler.readMessageFromClient(ClientHandler.java:54)
	at bg.sofia.uni.fmi.mjt.uno.server.ClientHandler.run(ClientHandler.java:29)
	at java.base/java.lang.Thread.run(Thread.java:1575)
===================================================
Timestamp: 2025-01-30T14:26:34.377196600
Client Info: Username: Unknown, Address: /127.0.0.1:56170
Log Level: ERROR
Message: Error occurred while handling client: Username: Unknown, Address: /127.0.0.1:56170
Stacktrace:
java.net.SocketException: Connection reset
	at java.base/sun.nio.ch.SocketChannelImpl.throwConnectionReset(SocketChannelImpl.java:403)
	at java.base/sun.nio.ch.SocketChannelImpl.implRead(SocketChannelImpl.java:419)
	at java.base/sun.nio.ch.SocketChannelImpl.read(SocketChannelImpl.java:493)
	at bg.sofia.uni.fmi.mjt.uno.server.ClientHandler.readMessageFromClient(ClientHandler.java:54)
	at bg.sofia.uni.fmi.mjt.uno.server.ClientHandler.run(ClientHandler.java:29)
	at java.base/java.lang.Thread.run(Thread.java:1575)
===================================================
Timestamp: 2025-01-30T14:26:34.417747600
Client Info: Username: Unknown, Address: /127.0.0.1:56168
Log Level: ERROR
Message: Error occurred while handling client: Username: Unknown, Address: /127.0.0.1:56168
Stacktrace:
java.net.SocketException: Connection reset
	at java.base/sun.nio.ch.SocketChannelImpl.throwConnectionReset(SocketChannelImpl.java:403)
	at java.base/sun.nio.ch.SocketChannelImpl.implRead(SocketChannelImpl.java:419)
	at java.base/sun.nio.ch.SocketChannelImpl.read(SocketChannelImpl.java:493)
	at bg.sofia.uni.fmi.mjt.uno.server.ClientHandler.readMessageFromClient(ClientHandler.java:54)
	at bg.sofia.uni.fmi.mjt.uno.server.ClientHandler.run(ClientHandler.java:29)
	at java.base/java.lang.Thread.run(Thread.java:1575)
===================================================
Timestamp: 2025-01-30T14:26:34.418886700
Client Info: Username: Unknown, Address: /127.0.0.1:56170
Log Level: ERROR
Message: Error occurred while handling client: Username: Unknown, Address: /127.0.0.1:56170
Stacktrace:
java.net.SocketException: Connection reset
	at java.base/sun.nio.ch.SocketChannelImpl.throwConnectionReset(SocketChannelImpl.java:403)
	at java.base/sun.nio.ch.SocketChannelImpl.implRead(SocketChannelImpl.java:419)
	at java.base/sun.nio.ch.SocketChannelImpl.read(SocketChannelImpl.java:493)
	at bg.sofia.uni.fmi.mjt.uno.server.ClientHandler.readMessageFromClient(ClientHandler.java:54)
	at bg.sofia.uni.fmi.mjt.uno.server.ClientHandler.run(ClientHandler.java:29)
	at java.base/java.lang.Thread.run(Thread.java:1575)
===================================================
Timestamp: 2025-01-30T14:26:34.379715100
Client Info: Username: Unknown, Address: /127.0.0.1:56170
Log Level: ERROR
Message: Error occurred while handling client: Username: Unknown, Address: /127.0.0.1:56170
Stacktrace:
java.net.SocketException: Connection reset
	at java.base/sun.nio.ch.SocketChannelImpl.throwConnectionReset(SocketChannelImpl.java:403)
	at java.base/sun.nio.ch.SocketChannelImpl.implRead(SocketChannelImpl.java:419)
	at java.base/sun.nio.ch.SocketChannelImpl.read(SocketChannelImpl.java:493)
	at bg.sofia.uni.fmi.mjt.uno.server.ClientHandler.readMessageFromClient(ClientHandler.java:54)
	at bg.sofia.uni.fmi.mjt.uno.server.ClientHandler.run(ClientHandler.java:29)
	at java.base/java.lang.Thread.run(Thread.java:1575)
===================================================
Timestamp: 2025-01-30T14:26:34.377196600
Client Info: Username: Unknown, Address: /127.0.0.1:56170
Log Level: ERROR
Message: Error occurred while handling client: Username: Unknown, Address: /127.0.0.1:56170
Stacktrace:
java.net.SocketException: Connection reset
	at java.base/sun.nio.ch.SocketChannelImpl.throwConnectionReset(SocketChannelImpl.java:403)
	at java.base/sun.nio.ch.SocketChannelImpl.implRead(SocketChannelImpl.java:419)
	at java.base/sun.nio.ch.SocketChannelImpl.read(SocketChannelImpl.java:493)
	at bg.sofia.uni.fmi.mjt.uno.server.ClientHandler.readMessageFromClient(ClientHandler.java:54)
	at bg.sofia.uni.fmi.mjt.uno.server.ClientHandler.run(ClientHandler.java:29)
	at java.base/java.lang.Thread.run(Thread.java:1575)
===================================================
Timestamp: 2025-01-30T14:26:34.418886700
Client Info: Username: Unknown, Address: /127.0.0.1:56168
Log Level: ERROR
Message: Error occurred while handling client: Username: Unknown, Address: /127.0.0.1:56168
Stacktrace:
java.net.SocketException: Connection reset
	at java.base/sun.nio.ch.SocketChannelImpl.throwConnectionReset(SocketChannelImpl.java:403)
	at java.base/sun.nio.ch.SocketChannelImpl.implRead(SocketChannelImpl.java:419)
	at java.base/sun.nio.ch.SocketChannelImpl.read(SocketChannelImpl.java:493)
	at bg.sofia.uni.fmi.mjt.uno.server.ClientHandler.readMessageFromClient(ClientHandler.java:54)
	at bg.sofia.uni.fmi.mjt.uno.server.ClientHandler.run(ClientHandler.java:29)
	at java.base/java.lang.Thread.run(Thread.java:1575)
===================================================
Timestamp: 2025-01-30T14:26:34.417747600
Client Info: Username: Unknown, Address: /127.0.0.1:56167
Log Level: ERROR
Message: Error occurred while handling client: Username: Unknown, Address: /127.0.0.1:56167
Stacktrace:
java.net.SocketException: Connection reset
	at java.base/sun.nio.ch.SocketChannelImpl.throwConnectionReset(SocketChannelImpl.java:403)
	at java.base/sun.nio.ch.SocketChannelImpl.implRead(SocketChannelImpl.java:419)
	at java.base/sun.nio.ch.SocketChannelImpl.read(SocketChannelImpl.java:493)
	at bg.sofia.uni.fmi.mjt.uno.server.ClientHandler.readMessageFromClient(ClientHandler.java:54)
	at bg.sofia.uni.fmi.mjt.uno.server.ClientHandler.run(ClientHandler.java:29)
	at java.base/java.lang.Thread.run(Thread.java:1575)
===================================================
Timestamp: 2025-01-30T14:26:34.378705200
Client Info: Username: Unknown, Address: /127.0.0.1:56170
Log Level: ERROR
Message: Error occurred while handling client: Username: Unknown, Address: /127.0.0.1:56170
Stacktrace:
java.net.SocketException: Connection reset
	at java.base/sun.nio.ch.SocketChannelImpl.throwConnectionReset(SocketChannelImpl.java:403)
	at java.base/sun.nio.ch.SocketChannelImpl.implRead(SocketChannelImpl.java:419)
	at java.base/sun.nio.ch.SocketChannelImpl.read(SocketChannelImpl.java:493)
	at bg.sofia.uni.fmi.mjt.uno.server.ClientHandler.readMessageFromClient(ClientHandler.java:54)
	at bg.sofia.uni.fmi.mjt.uno.server.ClientHandler.run(ClientHandler.java:29)
	at java.base/java.lang.Thread.run(Thread.java:1575)
===================================================
Timestamp: 2025-01-30T14:26:34.424887500
Client Info: Username: Unknown, Address: /127.0.0.1:56167
Log Level: ERROR
Message: Error occurred while handling client: Username: Unknown, Address: /127.0.0.1:56167
Stacktrace:
java.net.SocketException: Connection reset
	at java.base/sun.nio.ch.SocketChannelImpl.throwConnectionReset(SocketChannelImpl.java:403)
	at java.base/sun.nio.ch.SocketChannelImpl.implRead(SocketChannelImpl.java:419)
	at java.base/sun.nio.ch.SocketChannelImpl.read(SocketChannelImpl.java:493)
	at bg.sofia.uni.fmi.mjt.uno.server.ClientHandler.readMessageFromClient(ClientHandler.java:54)
	at bg.sofia.uni.fmi.mjt.uno.server.ClientHandler.run(ClientHandler.java:29)
	at java.base/java.lang.Thread.run(Thread.java:1575)
===================================================
Timestamp: 2025-01-30T14:26:34.377196600
Client Info: Username: Unknown, Address: /127.0.0.1:56170
Log Level: ERROR
Message: Error occurred while handling client: Username: Unknown, Address: /127.0.0.1:56170
Stacktrace:
java.net.SocketException: Connection reset
	at java.base/sun.nio.ch.SocketChannelImpl.throwConnectionReset(SocketChannelImpl.java:403)
	at java.base/sun.nio.ch.SocketChannelImpl.implRead(SocketChannelImpl.java:419)
	at java.base/sun.nio.ch.SocketChannelImpl.read(SocketChannelImpl.java:493)
	at bg.sofia.uni.fmi.mjt.uno.server.ClientHandler.readMessageFromClient(ClientHandler.java:54)
	at bg.sofia.uni.fmi.mjt.uno.server.ClientHandler.run(ClientHandler.java:29)
	at java.base/java.lang.Thread.run(Thread.java:1575)
===================================================
Timestamp: 2025-01-30T14:26:34.423886800
Client Info: Username: Unknown, Address: /127.0.0.1:56167
Log Level: ERROR
Message: Error occurred while handling client: Username: Unknown, Address: /127.0.0.1:56167
Stacktrace:
java.net.SocketException: Connection reset
	at java.base/sun.nio.ch.SocketChannelImpl.throwConnectionReset(SocketChannelImpl.java:403)
	at java.base/sun.nio.ch.SocketChannelImpl.implRead(SocketChannelImpl.java:419)
	at java.base/sun.nio.ch.SocketChannelImpl.read(SocketChannelImpl.java:493)
	at bg.sofia.uni.fmi.mjt.uno.server.ClientHandler.readMessageFromClient(ClientHandler.java:54)
	at bg.sofia.uni.fmi.mjt.uno.server.ClientHandler.run(ClientHandler.java:29)
	at java.base/java.lang.Thread.run(Thread.java:1575)
===================================================
Timestamp: 2025-01-30T14:26:34.401096100
Client Info: Username: Unknown, Address: /127.0.0.1:56168
Log Level: ERROR
Message: Error occurred while handling client: Username: Unknown, Address: /127.0.0.1:56168
Stacktrace:
java.net.SocketException: Connection reset
	at java.base/sun.nio.ch.SocketChannelImpl.throwConnectionReset(SocketChannelImpl.java:403)
	at java.base/sun.nio.ch.SocketChannelImpl.implRead(SocketChannelImpl.java:419)
	at java.base/sun.nio.ch.SocketChannelImpl.read(SocketChannelImpl.java:493)
	at bg.sofia.uni.fmi.mjt.uno.server.ClientHandler.readMessageFromClient(ClientHandler.java:54)
	at bg.sofia.uni.fmi.mjt.uno.server.ClientHandler.run(ClientHandler.java:29)
	at java.base/java.lang.Thread.run(Thread.java:1575)
===================================================
Timestamp: 2025-01-30T14:26:34.422886200
Client Info: Username: Unknown, Address: /127.0.0.1:56170
Log Level: ERROR
Message: Error occurred while handling client: Username: Unknown, Address: /127.0.0.1:56170
Stacktrace:
java.net.SocketException: Connection reset
	at java.base/sun.nio.ch.SocketChannelImpl.throwConnectionReset(SocketChannelImpl.java:403)
	at java.base/sun.nio.ch.SocketChannelImpl.implRead(SocketChannelImpl.java:419)
	at java.base/sun.nio.ch.SocketChannelImpl.read(SocketChannelImpl.java:493)
	at bg.sofia.uni.fmi.mjt.uno.server.ClientHandler.readMessageFromClient(ClientHandler.java:54)
	at bg.sofia.uni.fmi.mjt.uno.server.ClientHandler.run(ClientHandler.java:29)
	at java.base/java.lang.Thread.run(Thread.java:1575)
===================================================
Timestamp: 2025-01-30T14:26:34.379715100
Client Info: Username: Unknown, Address: /127.0.0.1:56168
Log Level: ERROR
Message: Error occurred while handling client: Username: Unknown, Address: /127.0.0.1:56168
Stacktrace:
java.net.SocketException: Connection reset
	at java.base/sun.nio.ch.SocketChannelImpl.throwConnectionReset(SocketChannelImpl.java:403)
	at java.base/sun.nio.ch.SocketChannelImpl.implRead(SocketChannelImpl.java:419)
	at java.base/sun.nio.ch.SocketChannelImpl.read(SocketChannelImpl.java:493)
	at bg.sofia.uni.fmi.mjt.uno.server.ClientHandler.readMessageFromClient(ClientHandler.java:54)
	at bg.sofia.uni.fmi.mjt.uno.server.ClientHandler.run(ClientHandler.java:29)
	at java.base/java.lang.Thread.run(Thread.java:1575)
===================================================
Timestamp: 2025-01-30T14:26:34.417747600
Client Info: Username: Unknown, Address: /127.0.0.1:56169
Log Level: ERROR
Message: Error occurred while handling client: Username: Unknown, Address: /127.0.0.1:56169
Stacktrace:
java.net.SocketException: Connection reset
	at java.base/sun.nio.ch.SocketChannelImpl.throwConnectionReset(SocketChannelImpl.java:403)
	at java.base/sun.nio.ch.SocketChannelImpl.implRead(SocketChannelImpl.java:419)
	at java.base/sun.nio.ch.SocketChannelImpl.read(SocketChannelImpl.java:493)
	at bg.sofia.uni.fmi.mjt.uno.server.ClientHandler.readMessageFromClient(ClientHandler.java:54)
	at bg.sofia.uni.fmi.mjt.uno.server.ClientHandler.run(ClientHandler.java:29)
	at java.base/java.lang.Thread.run(Thread.java:1575)
===================================================
Timestamp: 2025-01-30T14:26:34.416350400
Client Info: Username: Unknown, Address: /127.0.0.1:56167
Log Level: ERROR
Message: Error occurred while handling client: Username: Unknown, Address: /127.0.0.1:56167
Stacktrace:
java.net.SocketException: Connection reset
	at java.base/sun.nio.ch.SocketChannelImpl.throwConnectionReset(SocketChannelImpl.java:403)
	at java.base/sun.nio.ch.SocketChannelImpl.implRead(SocketChannelImpl.java:419)
	at java.base/sun.nio.ch.SocketChannelImpl.read(SocketChannelImpl.java:493)
	at bg.sofia.uni.fmi.mjt.uno.server.ClientHandler.readMessageFromClient(ClientHandler.java:54)
	at bg.sofia.uni.fmi.mjt.uno.server.ClientHandler.run(ClientHandler.java:29)
	at java.base/java.lang.Thread.run(Thread.java:1575)
===================================================
Timestamp: 2025-01-30T14:26:34.416350400
Client Info: Username: Unknown, Address: /127.0.0.1:56167
Log Level: ERROR
Message: Error occurred while handling client: Username: Unknown, Address: /127.0.0.1:56167
Stacktrace:
java.net.SocketException: Connection reset
	at java.base/sun.nio.ch.SocketChannelImpl.throwConnectionReset(SocketChannelImpl.java:403)
	at java.base/sun.nio.ch.SocketChannelImpl.implRead(SocketChannelImpl.java:419)
	at java.base/sun.nio.ch.SocketChannelImpl.read(SocketChannelImpl.java:493)
	at bg.sofia.uni.fmi.mjt.uno.server.ClientHandler.readMessageFromClient(ClientHandler.java:54)
	at bg.sofia.uni.fmi.mjt.uno.server.ClientHandler.run(ClientHandler.java:29)
	at java.base/java.lang.Thread.run(Thread.java:1575)
===================================================
Timestamp: 2025-01-30T14:26:34.416350400
Client Info: Username: Unknown, Address: /127.0.0.1:56168
Log Level: ERROR
Message: Error occurred while handling client: Username: Unknown, Address: /127.0.0.1:56168
Stacktrace:
java.net.SocketException: Connection reset
	at java.base/sun.nio.ch.SocketChannelImpl.throwConnectionReset(SocketChannelImpl.java:403)
	at java.base/sun.nio.ch.SocketChannelImpl.implRead(SocketChannelImpl.java:419)
	at java.base/sun.nio.ch.SocketChannelImpl.read(SocketChannelImpl.java:493)
	at bg.sofia.uni.fmi.mjt.uno.server.ClientHandler.readMessageFromClient(ClientHandler.java:54)
	at bg.sofia.uni.fmi.mjt.uno.server.ClientHandler.run(ClientHandler.java:29)
	at java.base/java.lang.Thread.run(Thread.java:1575)
===================================================
Timestamp: 2025-01-30T14:26:34.379715100
Client Info: Username: Unknown, Address: /127.0.0.1:56167
Log Level: ERROR
Message: Error occurred while handling client: Username: Unknown, Address: /127.0.0.1:56167
Stacktrace:
java.net.SocketException: Connection reset
	at java.base/sun.nio.ch.SocketChannelImpl.throwConnectionReset(SocketChannelImpl.java:403)
	at java.base/sun.nio.ch.SocketChannelImpl.implRead(SocketChannelImpl.java:419)
	at java.base/sun.nio.ch.SocketChannelImpl.read(SocketChannelImpl.java:493)
	at bg.sofia.uni.fmi.mjt.uno.server.ClientHandler.readMessageFromClient(ClientHandler.java:54)
	at bg.sofia.uni.fmi.mjt.uno.server.ClientHandler.run(ClientHandler.java:29)
	at java.base/java.lang.Thread.run(Thread.java:1575)
===================================================
Timestamp: 2025-01-30T14:26:34.378705200
Client Info: Username: Unknown, Address: /127.0.0.1:56168
Log Level: ERROR
Message: Error occurred while handling client: Username: Unknown, Address: /127.0.0.1:56168
Stacktrace:
java.net.SocketException: Connection reset
	at java.base/sun.nio.ch.SocketChannelImpl.throwConnectionReset(SocketChannelImpl.java:403)
	at java.base/sun.nio.ch.SocketChannelImpl.implRead(SocketChannelImpl.java:419)
	at java.base/sun.nio.ch.SocketChannelImpl.read(SocketChannelImpl.java:493)
	at bg.sofia.uni.fmi.mjt.uno.server.ClientHandler.readMessageFromClient(ClientHandler.java:54)
	at bg.sofia.uni.fmi.mjt.uno.server.ClientHandler.run(ClientHandler.java:29)
	at java.base/java.lang.Thread.run(Thread.java:1575)
===================================================
Timestamp: 2025-01-30T14:26:34.419888100
Client Info: Username: Unknown, Address: /127.0.0.1:56169
Log Level: ERROR
Message: Error occurred while handling client: Username: Unknown, Address: /127.0.0.1:56169
Stacktrace:
java.net.SocketException: Connection reset
	at java.base/sun.nio.ch.SocketChannelImpl.throwConnectionReset(SocketChannelImpl.java:403)
	at java.base/sun.nio.ch.SocketChannelImpl.implRead(SocketChannelImpl.java:419)
	at java.base/sun.nio.ch.SocketChannelImpl.read(SocketChannelImpl.java:493)
	at bg.sofia.uni.fmi.mjt.uno.server.ClientHandler.readMessageFromClient(ClientHandler.java:54)
	at bg.sofia.uni.fmi.mjt.uno.server.ClientHandler.run(ClientHandler.java:29)
	at java.base/java.lang.Thread.run(Thread.java:1575)
===================================================
Timestamp: 2025-01-30T14:26:34.379715100
Client Info: Username: Unknown, Address: /127.0.0.1:56170
Log Level: ERROR
Message: Error occurred while handling client: Username: Unknown, Address: /127.0.0.1:56170
Stacktrace:
java.net.SocketException: Connection reset
	at java.base/sun.nio.ch.SocketChannelImpl.throwConnectionReset(SocketChannelImpl.java:403)
	at java.base/sun.nio.ch.SocketChannelImpl.implRead(SocketChannelImpl.java:419)
	at java.base/sun.nio.ch.SocketChannelImpl.read(SocketChannelImpl.java:493)
	at bg.sofia.uni.fmi.mjt.uno.server.ClientHandler.readMessageFromClient(ClientHandler.java:54)
	at bg.sofia.uni.fmi.mjt.uno.server.ClientHandler.run(ClientHandler.java:29)
	at java.base/java.lang.Thread.run(Thread.java:1575)
===================================================
Timestamp: 2025-01-30T14:26:34.424887500
Client Info: Username: Unknown, Address: /127.0.0.1:56168
Log Level: ERROR
Message: Error occurred while handling client: Username: Unknown, Address: /127.0.0.1:56168
Stacktrace:
java.net.SocketException: Connection reset
	at java.base/sun.nio.ch.SocketChannelImpl.throwConnectionReset(SocketChannelImpl.java:403)
	at java.base/sun.nio.ch.SocketChannelImpl.implRead(SocketChannelImpl.java:419)
	at java.base/sun.nio.ch.SocketChannelImpl.read(SocketChannelImpl.java:493)
	at bg.sofia.uni.fmi.mjt.uno.server.ClientHandler.readMessageFromClient(ClientHandler.java:54)
	at bg.sofia.uni.fmi.mjt.uno.server.ClientHandler.run(ClientHandler.java:29)
	at java.base/java.lang.Thread.run(Thread.java:1575)
===================================================
Timestamp: 2025-01-30T14:26:34.379715100
Client Info: Username: Unknown, Address: /127.0.0.1:56167
Log Level: ERROR
Message: Error occurred while handling client: Username: Unknown, Address: /127.0.0.1:56167
Stacktrace:
java.net.SocketException: Connection reset
	at java.base/sun.nio.ch.SocketChannelImpl.throwConnectionReset(SocketChannelImpl.java:403)
	at java.base/sun.nio.ch.SocketChannelImpl.implRead(SocketChannelImpl.java:419)
	at java.base/sun.nio.ch.SocketChannelImpl.read(SocketChannelImpl.java:493)
	at bg.sofia.uni.fmi.mjt.uno.server.ClientHandler.readMessageFromClient(ClientHandler.java:54)
	at bg.sofia.uni.fmi.mjt.uno.server.ClientHandler.run(ClientHandler.java:29)
	at java.base/java.lang.Thread.run(Thread.java:1575)
===================================================
Timestamp: 2025-01-30T14:26:34.379715100
Client Info: Username: Unknown, Address: /127.0.0.1:56169
Log Level: ERROR
Message: Error occurred while handling client: Username: Unknown, Address: /127.0.0.1:56169
Stacktrace:
java.net.SocketException: Connection reset
	at java.base/sun.nio.ch.SocketChannelImpl.throwConnectionReset(SocketChannelImpl.java:403)
	at java.base/sun.nio.ch.SocketChannelImpl.implRead(SocketChannelImpl.java:419)
	at java.base/sun.nio.ch.SocketChannelImpl.read(SocketChannelImpl.java:493)
	at bg.sofia.uni.fmi.mjt.uno.server.ClientHandler.readMessageFromClient(ClientHandler.java:54)
	at bg.sofia.uni.fmi.mjt.uno.server.ClientHandler.run(ClientHandler.java:29)
	at java.base/java.lang.Thread.run(Thread.java:1575)
===================================================
Timestamp: 2025-01-30T14:26:34.377196600
Client Info: Username: Unknown, Address: /127.0.0.1:56167
Log Level: ERROR
Message: Error occurred while handling client: Username: Unknown, Address: /127.0.0.1:56167
Stacktrace:
java.net.SocketException: Connection reset
	at java.base/sun.nio.ch.SocketChannelImpl.throwConnectionReset(SocketChannelImpl.java:403)
	at java.base/sun.nio.ch.SocketChannelImpl.implRead(SocketChannelImpl.java:419)
	at java.base/sun.nio.ch.SocketChannelImpl.read(SocketChannelImpl.java:493)
	at bg.sofia.uni.fmi.mjt.uno.server.ClientHandler.readMessageFromClient(ClientHandler.java:54)
	at bg.sofia.uni.fmi.mjt.uno.server.ClientHandler.run(ClientHandler.java:29)
	at java.base/java.lang.Thread.run(Thread.java:1575)
===================================================
Timestamp: 2025-01-30T14:26:34.378705200
Client Info: Username: Unknown, Address: /127.0.0.1:56168
Log Level: ERROR
Message: Error occurred while handling client: Username: Unknown, Address: /127.0.0.1:56168
Stacktrace:
java.net.SocketException: Connection reset
	at java.base/sun.nio.ch.SocketChannelImpl.throwConnectionReset(SocketChannelImpl.java:403)
	at java.base/sun.nio.ch.SocketChannelImpl.implRead(SocketChannelImpl.java:419)
	at java.base/sun.nio.ch.SocketChannelImpl.read(SocketChannelImpl.java:493)
	at bg.sofia.uni.fmi.mjt.uno.server.ClientHandler.readMessageFromClient(ClientHandler.java:54)
	at bg.sofia.uni.fmi.mjt.uno.server.ClientHandler.run(ClientHandler.java:29)
	at java.base/java.lang.Thread.run(Thread.java:1575)
===================================================
Timestamp: 2025-01-30T14:26:34.378705200
Client Info: Username: Unknown, Address: /127.0.0.1:56169
Log Level: ERROR
Message: Error occurred while handling client: Username: Unknown, Address: /127.0.0.1:56169
Stacktrace:
java.net.SocketException: Connection reset
	at java.base/sun.nio.ch.SocketChannelImpl.throwConnectionReset(SocketChannelImpl.java:403)
	at java.base/sun.nio.ch.SocketChannelImpl.implRead(SocketChannelImpl.java:419)
	at java.base/sun.nio.ch.SocketChannelImpl.read(SocketChannelImpl.java:493)
	at bg.sofia.uni.fmi.mjt.uno.server.ClientHandler.readMessageFromClient(ClientHandler.java:54)
	at bg.sofia.uni.fmi.mjt.uno.server.ClientHandler.run(ClientHandler.java:29)
	at java.base/java.lang.Thread.run(Thread.java:1575)
===================================================
Timestamp: 2025-01-30T14:26:34.378705200
Client Info: Username: Unknown, Address: /127.0.0.1:56170
Log Level: ERROR
Message: Error occurred while handling client: Username: Unknown, Address: /127.0.0.1:56170
Stacktrace:
java.net.SocketException: Connection reset
	at java.base/sun.nio.ch.SocketChannelImpl.throwConnectionReset(SocketChannelImpl.java:403)
	at java.base/sun.nio.ch.SocketChannelImpl.implRead(SocketChannelImpl.java:419)
	at java.base/sun.nio.ch.SocketChannelImpl.read(SocketChannelImpl.java:493)
	at bg.sofia.uni.fmi.mjt.uno.server.ClientHandler.readMessageFromClient(ClientHandler.java:54)
	at bg.sofia.uni.fmi.mjt.uno.server.ClientHandler.run(ClientHandler.java:29)
	at java.base/java.lang.Thread.run(Thread.java:1575)
===================================================
Timestamp: 2025-01-30T14:26:34.424887500
Client Info: Username: Unknown, Address: /127.0.0.1:56168
Log Level: ERROR
Message: Error occurred while handling client: Username: Unknown, Address: /127.0.0.1:56168
Stacktrace:
java.net.SocketException: Connection reset
	at java.base/sun.nio.ch.SocketChannelImpl.throwConnectionReset(SocketChannelImpl.java:403)
	at java.base/sun.nio.ch.SocketChannelImpl.implRead(SocketChannelImpl.java:419)
	at java.base/sun.nio.ch.SocketChannelImpl.read(SocketChannelImpl.java:493)
	at bg.sofia.uni.fmi.mjt.uno.server.ClientHandler.readMessageFromClient(ClientHandler.java:54)
	at bg.sofia.uni.fmi.mjt.uno.server.ClientHandler.run(ClientHandler.java:29)
	at java.base/java.lang.Thread.run(Thread.java:1575)
===================================================
Timestamp: 2025-01-30T14:26:34.378705200
Client Info: Username: Unknown, Address: /127.0.0.1:56167
Log Level: ERROR
Message: Error occurred while handling client: Username: Unknown, Address: /127.0.0.1:56167
Stacktrace:
java.net.SocketException: Connection reset
	at java.base/sun.nio.ch.SocketChannelImpl.throwConnectionReset(SocketChannelImpl.java:403)
	at java.base/sun.nio.ch.SocketChannelImpl.implRead(SocketChannelImpl.java:419)
	at java.base/sun.nio.ch.SocketChannelImpl.read(SocketChannelImpl.java:493)
	at bg.sofia.uni.fmi.mjt.uno.server.ClientHandler.readMessageFromClient(ClientHandler.java:54)
	at bg.sofia.uni.fmi.mjt.uno.server.ClientHandler.run(ClientHandler.java:29)
	at java.base/java.lang.Thread.run(Thread.java:1575)
===================================================
Timestamp: 2025-01-30T14:26:34.379715100
Client Info: Username: Unknown, Address: /127.0.0.1:56169
Log Level: ERROR
Message: Error occurred while handling client: Username: Unknown, Address: /127.0.0.1:56169
Stacktrace:
java.net.SocketException: Connection reset
	at java.base/sun.nio.ch.SocketChannelImpl.throwConnectionReset(SocketChannelImpl.java:403)
	at java.base/sun.nio.ch.SocketChannelImpl.implRead(SocketChannelImpl.java:419)
	at java.base/sun.nio.ch.SocketChannelImpl.read(SocketChannelImpl.java:493)
	at bg.sofia.uni.fmi.mjt.uno.server.ClientHandler.readMessageFromClient(ClientHandler.java:54)
	at bg.sofia.uni.fmi.mjt.uno.server.ClientHandler.run(ClientHandler.java:29)
	at java.base/java.lang.Thread.run(Thread.java:1575)
===================================================
Timestamp: 2025-01-30T14:26:34.379715100
Client Info: Username: Unknown, Address: /127.0.0.1:56170
Log Level: ERROR
Message: Error occurred while handling client: Username: Unknown, Address: /127.0.0.1:56170
Stacktrace:
java.net.SocketException: Connection reset
	at java.base/sun.nio.ch.SocketChannelImpl.throwConnectionReset(SocketChannelImpl.java:403)
	at java.base/sun.nio.ch.SocketChannelImpl.implRead(SocketChannelImpl.java:419)
	at java.base/sun.nio.ch.SocketChannelImpl.read(SocketChannelImpl.java:493)
	at bg.sofia.uni.fmi.mjt.uno.server.ClientHandler.readMessageFromClient(ClientHandler.java:54)
	at bg.sofia.uni.fmi.mjt.uno.server.ClientHandler.run(ClientHandler.java:29)
	at java.base/java.lang.Thread.run(Thread.java:1575)
===================================================
Timestamp: 2025-01-30T14:26:34.379715100
Client Info: Username: Unknown, Address: /127.0.0.1:56168
Log Level: ERROR
Message: Error occurred while handling client: Username: Unknown, Address: /127.0.0.1:56168
Stacktrace:
java.net.SocketException: Connection reset
	at java.base/sun.nio.ch.SocketChannelImpl.throwConnectionReset(SocketChannelImpl.java:403)
	at java.base/sun.nio.ch.SocketChannelImpl.implRead(SocketChannelImpl.java:419)
	at java.base/sun.nio.ch.SocketChannelImpl.read(SocketChannelImpl.java:493)
	at bg.sofia.uni.fmi.mjt.uno.server.ClientHandler.readMessageFromClient(ClientHandler.java:54)
	at bg.sofia.uni.fmi.mjt.uno.server.ClientHandler.run(ClientHandler.java:29)
	at java.base/java.lang.Thread.run(Thread.java:1575)
===================================================
Timestamp: 2025-01-30T14:26:34.378705200
Client Info: Username: Unknown, Address: /127.0.0.1:56169
Log Level: ERROR
Message: Error occurred while handling client: Username: Unknown, Address: /127.0.0.1:56169
Stacktrace:
java.net.SocketException: Connection reset
	at java.base/sun.nio.ch.SocketChannelImpl.throwConnectionReset(SocketChannelImpl.java:403)
	at java.base/sun.nio.ch.SocketChannelImpl.implRead(SocketChannelImpl.java:419)
	at java.base/sun.nio.ch.SocketChannelImpl.read(SocketChannelImpl.java:493)
	at bg.sofia.uni.fmi.mjt.uno.server.ClientHandler.readMessageFromClient(ClientHandler.java:54)
	at bg.sofia.uni.fmi.mjt.uno.server.ClientHandler.run(ClientHandler.java:29)
	at java.base/java.lang.Thread.run(Thread.java:1575)
===================================================
Timestamp: 2025-01-30T14:26:34.378705200
Client Info: Username: Unknown, Address: /127.0.0.1:56169
Log Level: ERROR
Message: Error occurred while handling client: Username: Unknown, Address: /127.0.0.1:56169
Stacktrace:
java.net.SocketException: Connection reset
	at java.base/sun.nio.ch.SocketChannelImpl.throwConnectionReset(SocketChannelImpl.java:403)
	at java.base/sun.nio.ch.SocketChannelImpl.implRead(SocketChannelImpl.java:419)
	at java.base/sun.nio.ch.SocketChannelImpl.read(SocketChannelImpl.java:493)
	at bg.sofia.uni.fmi.mjt.uno.server.ClientHandler.readMessageFromClient(ClientHandler.java:54)
	at bg.sofia.uni.fmi.mjt.uno.server.ClientHandler.run(ClientHandler.java:29)
	at java.base/java.lang.Thread.run(Thread.java:1575)
===================================================
Timestamp: 2025-01-30T14:26:34.378705200
Client Info: Username: Unknown, Address: /127.0.0.1:56169
Log Level: ERROR
Message: Error occurred while handling client: Username: Unknown, Address: /127.0.0.1:56169
Stacktrace:
java.net.SocketException: Connection reset
	at java.base/sun.nio.ch.SocketChannelImpl.throwConnectionReset(SocketChannelImpl.java:403)
	at java.base/sun.nio.ch.SocketChannelImpl.implRead(SocketChannelImpl.java:419)
	at java.base/sun.nio.ch.SocketChannelImpl.read(SocketChannelImpl.java:493)
	at bg.sofia.uni.fmi.mjt.uno.server.ClientHandler.readMessageFromClient(ClientHandler.java:54)
	at bg.sofia.uni.fmi.mjt.uno.server.ClientHandler.run(ClientHandler.java:29)
	at java.base/java.lang.Thread.run(Thread.java:1575)
===================================================
Timestamp: 2025-01-30T14:26:34.378705200
Client Info: Username: Unknown, Address: /127.0.0.1:56170
Log Level: ERROR
Message: Error occurred while handling client: Username: Unknown, Address: /127.0.0.1:56170
Stacktrace:
java.net.SocketException: Connection reset
	at java.base/sun.nio.ch.SocketChannelImpl.throwConnectionReset(SocketChannelImpl.java:403)
	at java.base/sun.nio.ch.SocketChannelImpl.implRead(SocketChannelImpl.java:419)
	at java.base/sun.nio.ch.SocketChannelImpl.read(SocketChannelImpl.java:493)
	at bg.sofia.uni.fmi.mjt.uno.server.ClientHandler.readMessageFromClient(ClientHandler.java:54)
	at bg.sofia.uni.fmi.mjt.uno.server.ClientHandler.run(ClientHandler.java:29)
	at java.base/java.lang.Thread.run(Thread.java:1575)
===================================================
Timestamp: 2025-01-30T14:26:34.376195900
Client Info: Username: Unknown, Address: /127.0.0.1:56168
Log Level: ERROR
Message: Error occurred while handling client: Username: Unknown, Address: /127.0.0.1:56168
Stacktrace:
java.net.SocketException: Connection reset
	at java.base/sun.nio.ch.SocketChannelImpl.throwConnectionReset(SocketChannelImpl.java:403)
	at java.base/sun.nio.ch.SocketChannelImpl.implRead(SocketChannelImpl.java:419)
	at java.base/sun.nio.ch.SocketChannelImpl.read(SocketChannelImpl.java:493)
	at bg.sofia.uni.fmi.mjt.uno.server.ClientHandler.readMessageFromClient(ClientHandler.java:54)
	at bg.sofia.uni.fmi.mjt.uno.server.ClientHandler.run(ClientHandler.java:29)
	at java.base/java.lang.Thread.run(Thread.java:1575)
===================================================
Timestamp: 2025-01-30T14:26:34.378705200
Client Info: Username: Unknown, Address: /127.0.0.1:56169
Log Level: ERROR
Message: Error occurred while handling client: Username: Unknown, Address: /127.0.0.1:56169
Stacktrace:
java.net.SocketException: Connection reset
	at java.base/sun.nio.ch.SocketChannelImpl.throwConnectionReset(SocketChannelImpl.java:403)
	at java.base/sun.nio.ch.SocketChannelImpl.implRead(SocketChannelImpl.java:419)
	at java.base/sun.nio.ch.SocketChannelImpl.read(SocketChannelImpl.java:493)
	at bg.sofia.uni.fmi.mjt.uno.server.ClientHandler.readMessageFromClient(ClientHandler.java:54)
	at bg.sofia.uni.fmi.mjt.uno.server.ClientHandler.run(ClientHandler.java:29)
	at java.base/java.lang.Thread.run(Thread.java:1575)
===================================================
Timestamp: 2025-01-30T14:26:34.377196600
Client Info: Username: Unknown, Address: /127.0.0.1:56167
Log Level: ERROR
Message: Error occurred while handling client: Username: Unknown, Address: /127.0.0.1:56167
Stacktrace:
java.net.SocketException: Connection reset
	at java.base/sun.nio.ch.SocketChannelImpl.throwConnectionReset(SocketChannelImpl.java:403)
	at java.base/sun.nio.ch.SocketChannelImpl.implRead(SocketChannelImpl.java:419)
	at java.base/sun.nio.ch.SocketChannelImpl.read(SocketChannelImpl.java:493)
	at bg.sofia.uni.fmi.mjt.uno.server.ClientHandler.readMessageFromClient(ClientHandler.java:54)
	at bg.sofia.uni.fmi.mjt.uno.server.ClientHandler.run(ClientHandler.java:29)
	at java.base/java.lang.Thread.run(Thread.java:1575)
===================================================
Timestamp: 2025-01-30T14:26:34.377196600
Client Info: Username: Unknown, Address: /127.0.0.1:56169
Log Level: ERROR
Message: Error occurred while handling client: Username: Unknown, Address: /127.0.0.1:56169
Stacktrace:
java.net.SocketException: Connection reset
	at java.base/sun.nio.ch.SocketChannelImpl.throwConnectionReset(SocketChannelImpl.java:403)
	at java.base/sun.nio.ch.SocketChannelImpl.implRead(SocketChannelImpl.java:419)
	at java.base/sun.nio.ch.SocketChannelImpl.read(SocketChannelImpl.java:493)
	at bg.sofia.uni.fmi.mjt.uno.server.ClientHandler.readMessageFromClient(ClientHandler.java:54)
	at bg.sofia.uni.fmi.mjt.uno.server.ClientHandler.run(ClientHandler.java:29)
	at java.base/java.lang.Thread.run(Thread.java:1575)
===================================================
Timestamp: 2025-01-30T14:26:34.377196600
Client Info: Username: Unknown, Address: /127.0.0.1:56169
Log Level: ERROR
Message: Error occurred while handling client: Username: Unknown, Address: /127.0.0.1:56169
Stacktrace:
java.net.SocketException: Connection reset
	at java.base/sun.nio.ch.SocketChannelImpl.throwConnectionReset(SocketChannelImpl.java:403)
	at java.base/sun.nio.ch.SocketChannelImpl.implRead(SocketChannelImpl.java:419)
	at java.base/sun.nio.ch.SocketChannelImpl.read(SocketChannelImpl.java:493)
	at bg.sofia.uni.fmi.mjt.uno.server.ClientHandler.readMessageFromClient(ClientHandler.java:54)
	at bg.sofia.uni.fmi.mjt.uno.server.ClientHandler.run(ClientHandler.java:29)
	at java.base/java.lang.Thread.run(Thread.java:1575)
===================================================
Timestamp: 2025-01-30T14:26:34.407187100
Client Info: Username: Unknown, Address: /127.0.0.1:56167
Log Level: ERROR
Message: Error occurred while handling client: Username: Unknown, Address: /127.0.0.1:56167
Stacktrace:
java.net.SocketException: Connection reset
	at java.base/sun.nio.ch.SocketChannelImpl.throwConnectionReset(SocketChannelImpl.java:403)
	at java.base/sun.nio.ch.SocketChannelImpl.implRead(SocketChannelImpl.java:419)
	at java.base/sun.nio.ch.SocketChannelImpl.read(SocketChannelImpl.java:493)
	at bg.sofia.uni.fmi.mjt.uno.server.ClientHandler.readMessageFromClient(ClientHandler.java:54)
	at bg.sofia.uni.fmi.mjt.uno.server.ClientHandler.run(ClientHandler.java:29)
	at java.base/java.lang.Thread.run(Thread.java:1575)
===================================================
Timestamp: 2025-01-30T14:26:34.379715100
Client Info: Username: Unknown, Address: /127.0.0.1:56170
Log Level: ERROR
Message: Error occurred while handling client: Username: Unknown, Address: /127.0.0.1:56170
Stacktrace:
java.net.SocketException: Connection reset
	at java.base/sun.nio.ch.SocketChannelImpl.throwConnectionReset(SocketChannelImpl.java:403)
	at java.base/sun.nio.ch.SocketChannelImpl.implRead(SocketChannelImpl.java:419)
	at java.base/sun.nio.ch.SocketChannelImpl.read(SocketChannelImpl.java:493)
	at bg.sofia.uni.fmi.mjt.uno.server.ClientHandler.readMessageFromClient(ClientHandler.java:54)
	at bg.sofia.uni.fmi.mjt.uno.server.ClientHandler.run(ClientHandler.java:29)
	at java.base/java.lang.Thread.run(Thread.java:1575)
===================================================
Timestamp: 2025-01-30T14:26:34.379715100
Client Info: Username: Unknown, Address: /127.0.0.1:56170
Log Level: ERROR
Message: Error occurred while handling client: Username: Unknown, Address: /127.0.0.1:56170
Stacktrace:
java.net.SocketException: Connection reset
	at java.base/sun.nio.ch.SocketChannelImpl.throwConnectionReset(SocketChannelImpl.java:403)
	at java.base/sun.nio.ch.SocketChannelImpl.implRead(SocketChannelImpl.java:419)
	at java.base/sun.nio.ch.SocketChannelImpl.read(SocketChannelImpl.java:493)
	at bg.sofia.uni.fmi.mjt.uno.server.ClientHandler.readMessageFromClient(ClientHandler.java:54)
	at bg.sofia.uni.fmi.mjt.uno.server.ClientHandler.run(ClientHandler.java:29)
	at java.base/java.lang.Thread.run(Thread.java:1575)
===================================================
Timestamp: 2025-01-30T14:26:34.378705200
Client Info: Username: Unknown, Address: /127.0.0.1:56168
Log Level: ERROR
Message: Error occurred while handling client: Username: Unknown, Address: /127.0.0.1:56168
Stacktrace:
java.net.SocketException: Connection reset
	at java.base/sun.nio.ch.SocketChannelImpl.throwConnectionReset(SocketChannelImpl.java:403)
	at java.base/sun.nio.ch.SocketChannelImpl.implRead(SocketChannelImpl.java:419)
	at java.base/sun.nio.ch.SocketChannelImpl.read(SocketChannelImpl.java:493)
	at bg.sofia.uni.fmi.mjt.uno.server.ClientHandler.readMessageFromClient(ClientHandler.java:54)
	at bg.sofia.uni.fmi.mjt.uno.server.ClientHandler.run(ClientHandler.java:29)
	at java.base/java.lang.Thread.run(Thread.java:1575)
===================================================
Timestamp: 2025-01-30T14:26:34.424887500
Client Info: Username: Unknown, Address: /127.0.0.1:56170
Log Level: ERROR
Message: Error occurred while handling client: Username: Unknown, Address: /127.0.0.1:56170
Stacktrace:
java.net.SocketException: Connection reset
	at java.base/sun.nio.ch.SocketChannelImpl.throwConnectionReset(SocketChannelImpl.java:403)
	at java.base/sun.nio.ch.SocketChannelImpl.implRead(SocketChannelImpl.java:419)
	at java.base/sun.nio.ch.SocketChannelImpl.read(SocketChannelImpl.java:493)
	at bg.sofia.uni.fmi.mjt.uno.server.ClientHandler.readMessageFromClient(ClientHandler.java:54)
	at bg.sofia.uni.fmi.mjt.uno.server.ClientHandler.run(ClientHandler.java:29)
	at java.base/java.lang.Thread.run(Thread.java:1575)
===================================================
Timestamp: 2025-01-30T14:26:34.378705200
Client Info: Username: Unknown, Address: /127.0.0.1:56168
Log Level: ERROR
Message: Error occurred while handling client: Username: Unknown, Address: /127.0.0.1:56168
Stacktrace:
java.net.SocketException: Connection reset
	at java.base/sun.nio.ch.SocketChannelImpl.throwConnectionReset(SocketChannelImpl.java:403)
	at java.base/sun.nio.ch.SocketChannelImpl.implRead(SocketChannelImpl.java:419)
	at java.base/sun.nio.ch.SocketChannelImpl.read(SocketChannelImpl.java:493)
	at bg.sofia.uni.fmi.mjt.uno.server.ClientHandler.readMessageFromClient(ClientHandler.java:54)
	at bg.sofia.uni.fmi.mjt.uno.server.ClientHandler.run(ClientHandler.java:29)
	at java.base/java.lang.Thread.run(Thread.java:1575)
===================================================
Timestamp: 2025-01-30T14:26:34.378705200
Client Info: Username: Unknown, Address: /127.0.0.1:56169
Log Level: ERROR
Message: Error occurred while handling client: Username: Unknown, Address: /127.0.0.1:56169
Stacktrace:
java.net.SocketException: Connection reset
	at java.base/sun.nio.ch.SocketChannelImpl.throwConnectionReset(SocketChannelImpl.java:403)
	at java.base/sun.nio.ch.SocketChannelImpl.implRead(SocketChannelImpl.java:419)
	at java.base/sun.nio.ch.SocketChannelImpl.read(SocketChannelImpl.java:493)
	at bg.sofia.uni.fmi.mjt.uno.server.ClientHandler.readMessageFromClient(ClientHandler.java:54)
	at bg.sofia.uni.fmi.mjt.uno.server.ClientHandler.run(ClientHandler.java:29)
	at java.base/java.lang.Thread.run(Thread.java:1575)
===================================================
Timestamp: 2025-01-30T14:26:34.376195900
Client Info: Username: Unknown, Address: /127.0.0.1:56170
Log Level: ERROR
Message: Error occurred while handling client: Username: Unknown, Address: /127.0.0.1:56170
Stacktrace:
java.net.SocketException: Connection reset
	at java.base/sun.nio.ch.SocketChannelImpl.throwConnectionReset(SocketChannelImpl.java:403)
	at java.base/sun.nio.ch.SocketChannelImpl.implRead(SocketChannelImpl.java:419)
	at java.base/sun.nio.ch.SocketChannelImpl.read(SocketChannelImpl.java:493)
	at bg.sofia.uni.fmi.mjt.uno.server.ClientHandler.readMessageFromClient(ClientHandler.java:54)
	at bg.sofia.uni.fmi.mjt.uno.server.ClientHandler.run(ClientHandler.java:29)
	at java.base/java.lang.Thread.run(Thread.java:1575)
===================================================
Timestamp: 2025-01-30T14:26:34.417747600
Client Info: Username: Unknown, Address: /127.0.0.1:56170
Log Level: ERROR
Message: Error occurred while handling client: Username: Unknown, Address: /127.0.0.1:56170
Stacktrace:
java.net.SocketException: Connection reset
	at java.base/sun.nio.ch.SocketChannelImpl.throwConnectionReset(SocketChannelImpl.java:403)
	at java.base/sun.nio.ch.SocketChannelImpl.implRead(SocketChannelImpl.java:419)
	at java.base/sun.nio.ch.SocketChannelImpl.read(SocketChannelImpl.java:493)
	at bg.sofia.uni.fmi.mjt.uno.server.ClientHandler.readMessageFromClient(ClientHandler.java:54)
	at bg.sofia.uni.fmi.mjt.uno.server.ClientHandler.run(ClientHandler.java:29)
	at java.base/java.lang.Thread.run(Thread.java:1575)
===================================================
Timestamp: 2025-01-30T14:26:34.378705200
Client Info: Username: Unknown, Address: /127.0.0.1:56168
Log Level: ERROR
Message: Error occurred while handling client: Username: Unknown, Address: /127.0.0.1:56168
Stacktrace:
java.net.SocketException: Connection reset
	at java.base/sun.nio.ch.SocketChannelImpl.throwConnectionReset(SocketChannelImpl.java:403)
	at java.base/sun.nio.ch.SocketChannelImpl.implRead(SocketChannelImpl.java:419)
	at java.base/sun.nio.ch.SocketChannelImpl.read(SocketChannelImpl.java:493)
	at bg.sofia.uni.fmi.mjt.uno.server.ClientHandler.readMessageFromClient(ClientHandler.java:54)
	at bg.sofia.uni.fmi.mjt.uno.server.ClientHandler.run(ClientHandler.java:29)
	at java.base/java.lang.Thread.run(Thread.java:1575)
===================================================
Timestamp: 2025-01-30T14:26:34.377196600
Client Info: Username: Unknown, Address: /127.0.0.1:56170
Log Level: ERROR
Message: Error occurred while handling client: Username: Unknown, Address: /127.0.0.1:56170
Stacktrace:
java.net.SocketException: Connection reset
	at java.base/sun.nio.ch.SocketChannelImpl.throwConnectionReset(SocketChannelImpl.java:403)
	at java.base/sun.nio.ch.SocketChannelImpl.implRead(SocketChannelImpl.java:419)
	at java.base/sun.nio.ch.SocketChannelImpl.read(SocketChannelImpl.java:493)
	at bg.sofia.uni.fmi.mjt.uno.server.ClientHandler.readMessageFromClient(ClientHandler.java:54)
	at bg.sofia.uni.fmi.mjt.uno.server.ClientHandler.run(ClientHandler.java:29)
	at java.base/java.lang.Thread.run(Thread.java:1575)
===================================================
Timestamp: 2025-01-30T14:26:34.378705200
Client Info: Username: Unknown, Address: /127.0.0.1:56169
Log Level: ERROR
Message: Error occurred while handling client: Username: Unknown, Address: /127.0.0.1:56169
Stacktrace:
java.net.SocketException: Connection reset
	at java.base/sun.nio.ch.SocketChannelImpl.throwConnectionReset(SocketChannelImpl.java:403)
	at java.base/sun.nio.ch.SocketChannelImpl.implRead(SocketChannelImpl.java:419)
	at java.base/sun.nio.ch.SocketChannelImpl.read(SocketChannelImpl.java:493)
	at bg.sofia.uni.fmi.mjt.uno.server.ClientHandler.readMessageFromClient(ClientHandler.java:54)
	at bg.sofia.uni.fmi.mjt.uno.server.ClientHandler.run(ClientHandler.java:29)
	at java.base/java.lang.Thread.run(Thread.java:1575)
===================================================
Timestamp: 2025-01-30T14:26:34.421885800
Client Info: Username: Unknown, Address: /127.0.0.1:56168
Log Level: ERROR
Message: Error occurred while handling client: Username: Unknown, Address: /127.0.0.1:56168
Stacktrace:
java.net.SocketException: Connection reset
	at java.base/sun.nio.ch.SocketChannelImpl.throwConnectionReset(SocketChannelImpl.java:403)
	at java.base/sun.nio.ch.SocketChannelImpl.implRead(SocketChannelImpl.java:419)
	at java.base/sun.nio.ch.SocketChannelImpl.read(SocketChannelImpl.java:493)
	at bg.sofia.uni.fmi.mjt.uno.server.ClientHandler.readMessageFromClient(ClientHandler.java:54)
	at bg.sofia.uni.fmi.mjt.uno.server.ClientHandler.run(ClientHandler.java:29)
	at java.base/java.lang.Thread.run(Thread.java:1575)
===================================================
Timestamp: 2025-01-30T14:26:34.378705200
Client Info: Username: Unknown, Address: /127.0.0.1:56170
Log Level: ERROR
Message: Error occurred while handling client: Username: Unknown, Address: /127.0.0.1:56170
Stacktrace:
java.net.SocketException: Connection reset
	at java.base/sun.nio.ch.SocketChannelImpl.throwConnectionReset(SocketChannelImpl.java:403)
	at java.base/sun.nio.ch.SocketChannelImpl.implRead(SocketChannelImpl.java:419)
	at java.base/sun.nio.ch.SocketChannelImpl.read(SocketChannelImpl.java:493)
	at bg.sofia.uni.fmi.mjt.uno.server.ClientHandler.readMessageFromClient(ClientHandler.java:54)
	at bg.sofia.uni.fmi.mjt.uno.server.ClientHandler.run(ClientHandler.java:29)
	at java.base/java.lang.Thread.run(Thread.java:1575)
===================================================
Timestamp: 2025-01-30T14:26:34.378705200
Client Info: Username: Unknown, Address: /127.0.0.1:56168
Log Level: ERROR
Message: Error occurred while handling client: Username: Unknown, Address: /127.0.0.1:56168
Stacktrace:
java.net.SocketException: Connection reset
	at java.base/sun.nio.ch.SocketChannelImpl.throwConnectionReset(SocketChannelImpl.java:403)
	at java.base/sun.nio.ch.SocketChannelImpl.implRead(SocketChannelImpl.java:419)
	at java.base/sun.nio.ch.SocketChannelImpl.read(SocketChannelImpl.java:493)
	at bg.sofia.uni.fmi.mjt.uno.server.ClientHandler.readMessageFromClient(ClientHandler.java:54)
	at bg.sofia.uni.fmi.mjt.uno.server.ClientHandler.run(ClientHandler.java:29)
	at java.base/java.lang.Thread.run(Thread.java:1575)
===================================================
Timestamp: 2025-01-30T14:26:34.379715100
Client Info: Username: Unknown, Address: /127.0.0.1:56168
Log Level: ERROR
Message: Error occurred while handling client: Username: Unknown, Address: /127.0.0.1:56168
Stacktrace:
java.net.SocketException: Connection reset
	at java.base/sun.nio.ch.SocketChannelImpl.throwConnectionReset(SocketChannelImpl.java:403)
	at java.base/sun.nio.ch.SocketChannelImpl.implRead(SocketChannelImpl.java:419)
	at java.base/sun.nio.ch.SocketChannelImpl.read(SocketChannelImpl.java:493)
	at bg.sofia.uni.fmi.mjt.uno.server.ClientHandler.readMessageFromClient(ClientHandler.java:54)
	at bg.sofia.uni.fmi.mjt.uno.server.ClientHandler.run(ClientHandler.java:29)
	at java.base/java.lang.Thread.run(Thread.java:1575)
===================================================
Timestamp: 2025-01-30T14:26:34.376195900
Client Info: Username: Unknown, Address: /127.0.0.1:56169
Log Level: ERROR
Message: Error occurred while handling client: Username: Unknown, Address: /127.0.0.1:56169
Stacktrace:
java.net.SocketException: Connection reset
	at java.base/sun.nio.ch.SocketChannelImpl.throwConnectionReset(SocketChannelImpl.java:403)
	at java.base/sun.nio.ch.SocketChannelImpl.implRead(SocketChannelImpl.java:419)
	at java.base/sun.nio.ch.SocketChannelImpl.read(SocketChannelImpl.java:493)
	at bg.sofia.uni.fmi.mjt.uno.server.ClientHandler.readMessageFromClient(ClientHandler.java:54)
	at bg.sofia.uni.fmi.mjt.uno.server.ClientHandler.run(ClientHandler.java:29)
	at java.base/java.lang.Thread.run(Thread.java:1575)
===================================================
Timestamp: 2025-01-30T14:26:34.378705200
Client Info: Username: Unknown, Address: /127.0.0.1:56170
Log Level: ERROR
Message: Error occurred while handling client: Username: Unknown, Address: /127.0.0.1:56170
Stacktrace:
java.net.SocketException: Connection reset
	at java.base/sun.nio.ch.SocketChannelImpl.throwConnectionReset(SocketChannelImpl.java:403)
	at java.base/sun.nio.ch.SocketChannelImpl.implRead(SocketChannelImpl.java:419)
	at java.base/sun.nio.ch.SocketChannelImpl.read(SocketChannelImpl.java:493)
	at bg.sofia.uni.fmi.mjt.uno.server.ClientHandler.readMessageFromClient(ClientHandler.java:54)
	at bg.sofia.uni.fmi.mjt.uno.server.ClientHandler.run(ClientHandler.java:29)
	at java.base/java.lang.Thread.run(Thread.java:1575)
===================================================
Timestamp: 2025-01-30T14:26:34.377196600
Client Info: Username: Unknown, Address: /127.0.0.1:56167
Log Level: ERROR
Message: Error occurred while handling client: Username: Unknown, Address: /127.0.0.1:56167
Stacktrace:
java.net.SocketException: Connection reset
	at java.base/sun.nio.ch.SocketChannelImpl.throwConnectionReset(SocketChannelImpl.java:403)
	at java.base/sun.nio.ch.SocketChannelImpl.implRead(SocketChannelImpl.java:419)
	at java.base/sun.nio.ch.SocketChannelImpl.read(SocketChannelImpl.java:493)
	at bg.sofia.uni.fmi.mjt.uno.server.ClientHandler.readMessageFromClient(ClientHandler.java:54)
	at bg.sofia.uni.fmi.mjt.uno.server.ClientHandler.run(ClientHandler.java:29)
	at java.base/java.lang.Thread.run(Thread.java:1575)
===================================================
Timestamp: 2025-01-30T14:26:34.377196600
Client Info: Username: Unknown, Address: /127.0.0.1:56168
Log Level: ERROR
Message: Error occurred while handling client: Username: Unknown, Address: /127.0.0.1:56168
Stacktrace:
java.net.SocketException: Connection reset
	at java.base/sun.nio.ch.SocketChannelImpl.throwConnectionReset(SocketChannelImpl.java:403)
	at java.base/sun.nio.ch.SocketChannelImpl.implRead(SocketChannelImpl.java:419)
	at java.base/sun.nio.ch.SocketChannelImpl.read(SocketChannelImpl.java:493)
	at bg.sofia.uni.fmi.mjt.uno.server.ClientHandler.readMessageFromClient(ClientHandler.java:54)
	at bg.sofia.uni.fmi.mjt.uno.server.ClientHandler.run(ClientHandler.java:29)
	at java.base/java.lang.Thread.run(Thread.java:1575)
===================================================
Timestamp: 2025-01-30T14:26:34.377196600
Client Info: Username: Unknown, Address: /127.0.0.1:56168
Log Level: ERROR
Message: Error occurred while handling client: Username: Unknown, Address: /127.0.0.1:56168
Stacktrace:
java.net.SocketException: Connection reset
	at java.base/sun.nio.ch.SocketChannelImpl.throwConnectionReset(SocketChannelImpl.java:403)
	at java.base/sun.nio.ch.SocketChannelImpl.implRead(SocketChannelImpl.java:419)
	at java.base/sun.nio.ch.SocketChannelImpl.read(SocketChannelImpl.java:493)
	at bg.sofia.uni.fmi.mjt.uno.server.ClientHandler.readMessageFromClient(ClientHandler.java:54)
	at bg.sofia.uni.fmi.mjt.uno.server.ClientHandler.run(ClientHandler.java:29)
	at java.base/java.lang.Thread.run(Thread.java:1575)
===================================================
Timestamp: 2025-01-30T14:26:34.423886800
Client Info: Username: Unknown, Address: /127.0.0.1:56170
Log Level: ERROR
Message: Error occurred while handling client: Username: Unknown, Address: /127.0.0.1:56170
Stacktrace:
java.net.SocketException: Connection reset
	at java.base/sun.nio.ch.SocketChannelImpl.throwConnectionReset(SocketChannelImpl.java:403)
	at java.base/sun.nio.ch.SocketChannelImpl.implRead(SocketChannelImpl.java:419)
	at java.base/sun.nio.ch.SocketChannelImpl.read(SocketChannelImpl.java:493)
	at bg.sofia.uni.fmi.mjt.uno.server.ClientHandler.readMessageFromClient(ClientHandler.java:54)
	at bg.sofia.uni.fmi.mjt.uno.server.ClientHandler.run(ClientHandler.java:29)
	at java.base/java.lang.Thread.run(Thread.java:1575)
===================================================
Timestamp: 2025-01-30T14:26:34.378705200
Client Info: Username: Unknown, Address: /127.0.0.1:56170
Log Level: ERROR
Message: Error occurred while handling client: Username: Unknown, Address: /127.0.0.1:56170
Stacktrace:
java.net.SocketException: Connection reset
	at java.base/sun.nio.ch.SocketChannelImpl.throwConnectionReset(SocketChannelImpl.java:403)
	at java.base/sun.nio.ch.SocketChannelImpl.implRead(SocketChannelImpl.java:419)
	at java.base/sun.nio.ch.SocketChannelImpl.read(SocketChannelImpl.java:493)
	at bg.sofia.uni.fmi.mjt.uno.server.ClientHandler.readMessageFromClient(ClientHandler.java:54)
	at bg.sofia.uni.fmi.mjt.uno.server.ClientHandler.run(ClientHandler.java:29)
	at java.base/java.lang.Thread.run(Thread.java:1575)
===================================================
Timestamp: 2025-01-30T14:26:34.378705200
Client Info: Username: Unknown, Address: /127.0.0.1:56167
Log Level: ERROR
Message: Error occurred while handling client: Username: Unknown, Address: /127.0.0.1:56167
Stacktrace:
java.net.SocketException: Connection reset
	at java.base/sun.nio.ch.SocketChannelImpl.throwConnectionReset(SocketChannelImpl.java:403)
	at java.base/sun.nio.ch.SocketChannelImpl.implRead(SocketChannelImpl.java:419)
	at java.base/sun.nio.ch.SocketChannelImpl.read(SocketChannelImpl.java:493)
	at bg.sofia.uni.fmi.mjt.uno.server.ClientHandler.readMessageFromClient(ClientHandler.java:54)
	at bg.sofia.uni.fmi.mjt.uno.server.ClientHandler.run(ClientHandler.java:29)
	at java.base/java.lang.Thread.run(Thread.java:1575)
===================================================
Timestamp: 2025-01-30T14:26:34.376195900
Client Info: Username: Unknown, Address: /127.0.0.1:56167
Log Level: ERROR
Message: Error occurred while handling client: Username: Unknown, Address: /127.0.0.1:56167
Stacktrace:
java.net.SocketException: Connection reset
	at java.base/sun.nio.ch.SocketChannelImpl.throwConnectionReset(SocketChannelImpl.java:403)
	at java.base/sun.nio.ch.SocketChannelImpl.implRead(SocketChannelImpl.java:419)
	at java.base/sun.nio.ch.SocketChannelImpl.read(SocketChannelImpl.java:493)
	at bg.sofia.uni.fmi.mjt.uno.server.ClientHandler.readMessageFromClient(ClientHandler.java:54)
	at bg.sofia.uni.fmi.mjt.uno.server.ClientHandler.run(ClientHandler.java:29)
	at java.base/java.lang.Thread.run(Thread.java:1575)
===================================================
Timestamp: 2025-01-30T14:26:34.377196600
Client Info: Username: Unknown, Address: /127.0.0.1:56168
Log Level: ERROR
Message: Error occurred while handling client: Username: Unknown, Address: /127.0.0.1:56168
Stacktrace:
java.net.SocketException: Connection reset
	at java.base/sun.nio.ch.SocketChannelImpl.throwConnectionReset(SocketChannelImpl.java:403)
	at java.base/sun.nio.ch.SocketChannelImpl.implRead(SocketChannelImpl.java:419)
	at java.base/sun.nio.ch.SocketChannelImpl.read(SocketChannelImpl.java:493)
	at bg.sofia.uni.fmi.mjt.uno.server.ClientHandler.readMessageFromClient(ClientHandler.java:54)
	at bg.sofia.uni.fmi.mjt.uno.server.ClientHandler.run(ClientHandler.java:29)
	at java.base/java.lang.Thread.run(Thread.java:1575)
===================================================
Timestamp: 2025-01-30T14:26:34.377196600
Client Info: Username: Unknown, Address: /127.0.0.1:56169
Log Level: ERROR
Message: Error occurred while handling client: Username: Unknown, Address: /127.0.0.1:56169
Stacktrace:
java.net.SocketException: Connection reset
	at java.base/sun.nio.ch.SocketChannelImpl.throwConnectionReset(SocketChannelImpl.java:403)
	at java.base/sun.nio.ch.SocketChannelImpl.implRead(SocketChannelImpl.java:419)
	at java.base/sun.nio.ch.SocketChannelImpl.read(SocketChannelImpl.java:493)
	at bg.sofia.uni.fmi.mjt.uno.server.ClientHandler.readMessageFromClient(ClientHandler.java:54)
	at bg.sofia.uni.fmi.mjt.uno.server.ClientHandler.run(ClientHandler.java:29)
	at java.base/java.lang.Thread.run(Thread.java:1575)
===================================================
Timestamp: 2025-01-30T14:26:34.382743400
Client Info: Username: Unknown, Address: /127.0.0.1:56170
Log Level: ERROR
Message: Error occurred while handling client: Username: Unknown, Address: /127.0.0.1:56170
Stacktrace:
java.net.SocketException: Connection reset
	at java.base/sun.nio.ch.SocketChannelImpl.throwConnectionReset(SocketChannelImpl.java:403)
	at java.base/sun.nio.ch.SocketChannelImpl.implRead(SocketChannelImpl.java:419)
	at java.base/sun.nio.ch.SocketChannelImpl.read(SocketChannelImpl.java:493)
	at bg.sofia.uni.fmi.mjt.uno.server.ClientHandler.readMessageFromClient(ClientHandler.java:54)
	at bg.sofia.uni.fmi.mjt.uno.server.ClientHandler.run(ClientHandler.java:29)
	at java.base/java.lang.Thread.run(Thread.java:1575)
===================================================
Timestamp: 2025-01-30T14:26:34.377196600
Client Info: Username: Unknown, Address: /127.0.0.1:56170
Log Level: ERROR
Message: Error occurred while handling client: Username: Unknown, Address: /127.0.0.1:56170
Stacktrace:
java.net.SocketException: Connection reset
	at java.base/sun.nio.ch.SocketChannelImpl.throwConnectionReset(SocketChannelImpl.java:403)
	at java.base/sun.nio.ch.SocketChannelImpl.implRead(SocketChannelImpl.java:419)
	at java.base/sun.nio.ch.SocketChannelImpl.read(SocketChannelImpl.java:493)
	at bg.sofia.uni.fmi.mjt.uno.server.ClientHandler.readMessageFromClient(ClientHandler.java:54)
	at bg.sofia.uni.fmi.mjt.uno.server.ClientHandler.run(ClientHandler.java:29)
	at java.base/java.lang.Thread.run(Thread.java:1575)
===================================================
Timestamp: 2025-01-30T14:26:34.377196600
Client Info: Username: Unknown, Address: /127.0.0.1:56169
Log Level: ERROR
Message: Error occurred while handling client: Username: Unknown, Address: /127.0.0.1:56169
Stacktrace:
java.net.SocketException: Connection reset
	at java.base/sun.nio.ch.SocketChannelImpl.throwConnectionReset(SocketChannelImpl.java:403)
	at java.base/sun.nio.ch.SocketChannelImpl.implRead(SocketChannelImpl.java:419)
	at java.base/sun.nio.ch.SocketChannelImpl.read(SocketChannelImpl.java:493)
	at bg.sofia.uni.fmi.mjt.uno.server.ClientHandler.readMessageFromClient(ClientHandler.java:54)
	at bg.sofia.uni.fmi.mjt.uno.server.ClientHandler.run(ClientHandler.java:29)
	at java.base/java.lang.Thread.run(Thread.java:1575)
===================================================
Timestamp: 2025-01-30T14:26:34.377196600
Client Info: Username: Unknown, Address: /127.0.0.1:56168
Log Level: ERROR
Message: Error occurred while handling client: Username: Unknown, Address: /127.0.0.1:56168
Stacktrace:
java.net.SocketException: Connection reset
	at java.base/sun.nio.ch.SocketChannelImpl.throwConnectionReset(SocketChannelImpl.java:403)
	at java.base/sun.nio.ch.SocketChannelImpl.implRead(SocketChannelImpl.java:419)
	at java.base/sun.nio.ch.SocketChannelImpl.read(SocketChannelImpl.java:493)
	at bg.sofia.uni.fmi.mjt.uno.server.ClientHandler.readMessageFromClient(ClientHandler.java:54)
	at bg.sofia.uni.fmi.mjt.uno.server.ClientHandler.run(ClientHandler.java:29)
	at java.base/java.lang.Thread.run(Thread.java:1575)
===================================================
Timestamp: 2025-01-30T14:26:34.410678600
Client Info: Username: Unknown, Address: /127.0.0.1:56170
Log Level: ERROR
Message: Error occurred while handling client: Username: Unknown, Address: /127.0.0.1:56170
Stacktrace:
java.net.SocketException: Connection reset
	at java.base/sun.nio.ch.SocketChannelImpl.throwConnectionReset(SocketChannelImpl.java:403)
	at java.base/sun.nio.ch.SocketChannelImpl.implRead(SocketChannelImpl.java:419)
	at java.base/sun.nio.ch.SocketChannelImpl.read(SocketChannelImpl.java:493)
	at bg.sofia.uni.fmi.mjt.uno.server.ClientHandler.readMessageFromClient(ClientHandler.java:54)
	at bg.sofia.uni.fmi.mjt.uno.server.ClientHandler.run(ClientHandler.java:29)
	at java.base/java.lang.Thread.run(Thread.java:1575)
===================================================
Timestamp: 2025-01-30T14:26:34.378705200
Client Info: Username: Unknown, Address: /127.0.0.1:56168
Log Level: ERROR
Message: Error occurred while handling client: Username: Unknown, Address: /127.0.0.1:56168
Stacktrace:
java.net.SocketException: Connection reset
	at java.base/sun.nio.ch.SocketChannelImpl.throwConnectionReset(SocketChannelImpl.java:403)
	at java.base/sun.nio.ch.SocketChannelImpl.implRead(SocketChannelImpl.java:419)
	at java.base/sun.nio.ch.SocketChannelImpl.read(SocketChannelImpl.java:493)
	at bg.sofia.uni.fmi.mjt.uno.server.ClientHandler.readMessageFromClient(ClientHandler.java:54)
	at bg.sofia.uni.fmi.mjt.uno.server.ClientHandler.run(ClientHandler.java:29)
	at java.base/java.lang.Thread.run(Thread.java:1575)
===================================================
Timestamp: 2025-01-30T14:26:34.377196600
Client Info: Username: Unknown, Address: /127.0.0.1:56167
Log Level: ERROR
Message: Error occurred while handling client: Username: Unknown, Address: /127.0.0.1:56167
Stacktrace:
java.net.SocketException: Connection reset
	at java.base/sun.nio.ch.SocketChannelImpl.throwConnectionReset(SocketChannelImpl.java:403)
	at java.base/sun.nio.ch.SocketChannelImpl.implRead(SocketChannelImpl.java:419)
	at java.base/sun.nio.ch.SocketChannelImpl.read(SocketChannelImpl.java:493)
	at bg.sofia.uni.fmi.mjt.uno.server.ClientHandler.readMessageFromClient(ClientHandler.java:54)
	at bg.sofia.uni.fmi.mjt.uno.server.ClientHandler.run(ClientHandler.java:29)
	at java.base/java.lang.Thread.run(Thread.java:1575)
===================================================
Timestamp: 2025-01-30T14:26:34.426393100
Client Info: Username: Unknown, Address: /127.0.0.1:56169
Log Level: ERROR
Message: Error occurred while handling client: Username: Unknown, Address: /127.0.0.1:56169
Stacktrace:
java.net.SocketException: Connection reset
	at java.base/sun.nio.ch.SocketChannelImpl.throwConnectionReset(SocketChannelImpl.java:403)
	at java.base/sun.nio.ch.SocketChannelImpl.implRead(SocketChannelImpl.java:419)
	at java.base/sun.nio.ch.SocketChannelImpl.read(SocketChannelImpl.java:493)
	at bg.sofia.uni.fmi.mjt.uno.server.ClientHandler.readMessageFromClient(ClientHandler.java:54)
	at bg.sofia.uni.fmi.mjt.uno.server.ClientHandler.run(ClientHandler.java:29)
	at java.base/java.lang.Thread.run(Thread.java:1575)
===================================================
Timestamp: 2025-01-30T14:26:34.378705200
Client Info: Username: Unknown, Address: /127.0.0.1:56167
Log Level: ERROR
Message: Error occurred while handling client: Username: Unknown, Address: /127.0.0.1:56167
Stacktrace:
java.net.SocketException: Connection reset
	at java.base/sun.nio.ch.SocketChannelImpl.throwConnectionReset(SocketChannelImpl.java:403)
	at java.base/sun.nio.ch.SocketChannelImpl.implRead(SocketChannelImpl.java:419)
	at java.base/sun.nio.ch.SocketChannelImpl.read(SocketChannelImpl.java:493)
	at bg.sofia.uni.fmi.mjt.uno.server.ClientHandler.readMessageFromClient(ClientHandler.java:54)
	at bg.sofia.uni.fmi.mjt.uno.server.ClientHandler.run(ClientHandler.java:29)
	at java.base/java.lang.Thread.run(Thread.java:1575)
===================================================
Timestamp: 2025-01-30T14:26:34.380713300
Client Info: Username: Unknown, Address: /127.0.0.1:56169
Log Level: ERROR
Message: Error occurred while handling client: Username: Unknown, Address: /127.0.0.1:56169
Stacktrace:
java.net.SocketException: Connection reset
	at java.base/sun.nio.ch.SocketChannelImpl.throwConnectionReset(SocketChannelImpl.java:403)
	at java.base/sun.nio.ch.SocketChannelImpl.implRead(SocketChannelImpl.java:419)
	at java.base/sun.nio.ch.SocketChannelImpl.read(SocketChannelImpl.java:493)
	at bg.sofia.uni.fmi.mjt.uno.server.ClientHandler.readMessageFromClient(ClientHandler.java:54)
	at bg.sofia.uni.fmi.mjt.uno.server.ClientHandler.run(ClientHandler.java:29)
	at java.base/java.lang.Thread.run(Thread.java:1575)
===================================================
Timestamp: 2025-01-30T14:26:34.419888100
Client Info: Username: Unknown, Address: /127.0.0.1:56167
Log Level: ERROR
Message: Error occurred while handling client: Username: Unknown, Address: /127.0.0.1:56167
Stacktrace:
java.net.SocketException: Connection reset
	at java.base/sun.nio.ch.SocketChannelImpl.throwConnectionReset(SocketChannelImpl.java:403)
	at java.base/sun.nio.ch.SocketChannelImpl.implRead(SocketChannelImpl.java:419)
	at java.base/sun.nio.ch.SocketChannelImpl.read(SocketChannelImpl.java:493)
	at bg.sofia.uni.fmi.mjt.uno.server.ClientHandler.readMessageFromClient(ClientHandler.java:54)
	at bg.sofia.uni.fmi.mjt.uno.server.ClientHandler.run(ClientHandler.java:29)
	at java.base/java.lang.Thread.run(Thread.java:1575)
===================================================
Timestamp: 2025-01-30T14:26:34.377196600
Client Info: Username: Unknown, Address: /127.0.0.1:56168
Log Level: ERROR
Message: Error occurred while handling client: Username: Unknown, Address: /127.0.0.1:56168
Stacktrace:
java.net.SocketException: Connection reset
	at java.base/sun.nio.ch.SocketChannelImpl.throwConnectionReset(SocketChannelImpl.java:403)
	at java.base/sun.nio.ch.SocketChannelImpl.implRead(SocketChannelImpl.java:419)
	at java.base/sun.nio.ch.SocketChannelImpl.read(SocketChannelImpl.java:493)
	at bg.sofia.uni.fmi.mjt.uno.server.ClientHandler.readMessageFromClient(ClientHandler.java:54)
	at bg.sofia.uni.fmi.mjt.uno.server.ClientHandler.run(ClientHandler.java:29)
	at java.base/java.lang.Thread.run(Thread.java:1575)
===================================================
Timestamp: 2025-01-30T14:26:34.377196600
Client Info: Username: Unknown, Address: /127.0.0.1:56170
Log Level: ERROR
Message: Error occurred while handling client: Username: Unknown, Address: /127.0.0.1:56170
Stacktrace:
java.net.SocketException: Connection reset
	at java.base/sun.nio.ch.SocketChannelImpl.throwConnectionReset(SocketChannelImpl.java:403)
	at java.base/sun.nio.ch.SocketChannelImpl.implRead(SocketChannelImpl.java:419)
	at java.base/sun.nio.ch.SocketChannelImpl.read(SocketChannelImpl.java:493)
	at bg.sofia.uni.fmi.mjt.uno.server.ClientHandler.readMessageFromClient(ClientHandler.java:54)
	at bg.sofia.uni.fmi.mjt.uno.server.ClientHandler.run(ClientHandler.java:29)
	at java.base/java.lang.Thread.run(Thread.java:1575)
===================================================
Timestamp: 2025-01-30T14:26:34.378705200
Client Info: Username: Unknown, Address: /127.0.0.1:56168
Log Level: ERROR
Message: Error occurred while handling client: Username: Unknown, Address: /127.0.0.1:56168
Stacktrace:
java.net.SocketException: Connection reset
	at java.base/sun.nio.ch.SocketChannelImpl.throwConnectionReset(SocketChannelImpl.java:403)
	at java.base/sun.nio.ch.SocketChannelImpl.implRead(SocketChannelImpl.java:419)
	at java.base/sun.nio.ch.SocketChannelImpl.read(SocketChannelImpl.java:493)
	at bg.sofia.uni.fmi.mjt.uno.server.ClientHandler.readMessageFromClient(ClientHandler.java:54)
	at bg.sofia.uni.fmi.mjt.uno.server.ClientHandler.run(ClientHandler.java:29)
	at java.base/java.lang.Thread.run(Thread.java:1575)
===================================================
Timestamp: 2025-01-30T14:26:34.376195900
Client Info: Username: Unknown, Address: /127.0.0.1:56168
Log Level: ERROR
Message: Error occurred while handling client: Username: Unknown, Address: /127.0.0.1:56168
Stacktrace:
java.net.SocketException: Connection reset
	at java.base/sun.nio.ch.SocketChannelImpl.throwConnectionReset(SocketChannelImpl.java:403)
	at java.base/sun.nio.ch.SocketChannelImpl.implRead(SocketChannelImpl.java:419)
	at java.base/sun.nio.ch.SocketChannelImpl.read(SocketChannelImpl.java:493)
	at bg.sofia.uni.fmi.mjt.uno.server.ClientHandler.readMessageFromClient(ClientHandler.java:54)
	at bg.sofia.uni.fmi.mjt.uno.server.ClientHandler.run(ClientHandler.java:29)
	at java.base/java.lang.Thread.run(Thread.java:1575)
===================================================
Timestamp: 2025-01-30T14:26:34.377196600
Client Info: Username: Unknown, Address: /127.0.0.1:56168
Log Level: ERROR
Message: Error occurred while handling client: Username: Unknown, Address: /127.0.0.1:56168
Stacktrace:
java.net.SocketException: Connection reset
	at java.base/sun.nio.ch.SocketChannelImpl.throwConnectionReset(SocketChannelImpl.java:403)
	at java.base/sun.nio.ch.SocketChannelImpl.implRead(SocketChannelImpl.java:419)
	at java.base/sun.nio.ch.SocketChannelImpl.read(SocketChannelImpl.java:493)
	at bg.sofia.uni.fmi.mjt.uno.server.ClientHandler.readMessageFromClient(ClientHandler.java:54)
	at bg.sofia.uni.fmi.mjt.uno.server.ClientHandler.run(ClientHandler.java:29)
	at java.base/java.lang.Thread.run(Thread.java:1575)
===================================================
Timestamp: 2025-01-30T14:26:34.377196600
Client Info: Username: Unknown, Address: /127.0.0.1:56170
Log Level: ERROR
Message: Error occurred while handling client: Username: Unknown, Address: /127.0.0.1:56170
Stacktrace:
java.net.SocketException: Connection reset
	at java.base/sun.nio.ch.SocketChannelImpl.throwConnectionReset(SocketChannelImpl.java:403)
	at java.base/sun.nio.ch.SocketChannelImpl.implRead(SocketChannelImpl.java:419)
	at java.base/sun.nio.ch.SocketChannelImpl.read(SocketChannelImpl.java:493)
	at bg.sofia.uni.fmi.mjt.uno.server.ClientHandler.readMessageFromClient(ClientHandler.java:54)
	at bg.sofia.uni.fmi.mjt.uno.server.ClientHandler.run(ClientHandler.java:29)
	at java.base/java.lang.Thread.run(Thread.java:1575)
===================================================
Timestamp: 2025-01-30T14:26:34.427401900
Client Info: Username: Unknown, Address: /127.0.0.1:56168
Log Level: ERROR
Message: Error occurred while handling client: Username: Unknown, Address: /127.0.0.1:56168
Stacktrace:
java.net.SocketException: Connection reset
	at java.base/sun.nio.ch.SocketChannelImpl.throwConnectionReset(SocketChannelImpl.java:403)
	at java.base/sun.nio.ch.SocketChannelImpl.implRead(SocketChannelImpl.java:419)
	at java.base/sun.nio.ch.SocketChannelImpl.read(SocketChannelImpl.java:493)
	at bg.sofia.uni.fmi.mjt.uno.server.ClientHandler.readMessageFromClient(ClientHandler.java:54)
	at bg.sofia.uni.fmi.mjt.uno.server.ClientHandler.run(ClientHandler.java:29)
	at java.base/java.lang.Thread.run(Thread.java:1575)
===================================================
Timestamp: 2025-01-30T14:26:34.377196600
Client Info: Username: Unknown, Address: /127.0.0.1:56169
Log Level: ERROR
Message: Error occurred while handling client: Username: Unknown, Address: /127.0.0.1:56169
Stacktrace:
java.net.SocketException: Connection reset
	at java.base/sun.nio.ch.SocketChannelImpl.throwConnectionReset(SocketChannelImpl.java:403)
	at java.base/sun.nio.ch.SocketChannelImpl.implRead(SocketChannelImpl.java:419)
	at java.base/sun.nio.ch.SocketChannelImpl.read(SocketChannelImpl.java:493)
	at bg.sofia.uni.fmi.mjt.uno.server.ClientHandler.readMessageFromClient(ClientHandler.java:54)
	at bg.sofia.uni.fmi.mjt.uno.server.ClientHandler.run(ClientHandler.java:29)
	at java.base/java.lang.Thread.run(Thread.java:1575)
===================================================
Timestamp: 2025-01-30T14:26:34.376195900
Client Info: Username: Unknown, Address: /127.0.0.1:56168
Log Level: ERROR
Message: Error occurred while handling client: Username: Unknown, Address: /127.0.0.1:56168
Stacktrace:
java.net.SocketException: Connection reset
	at java.base/sun.nio.ch.SocketChannelImpl.throwConnectionReset(SocketChannelImpl.java:403)
	at java.base/sun.nio.ch.SocketChannelImpl.implRead(SocketChannelImpl.java:419)
	at java.base/sun.nio.ch.SocketChannelImpl.read(SocketChannelImpl.java:493)
	at bg.sofia.uni.fmi.mjt.uno.server.ClientHandler.readMessageFromClient(ClientHandler.java:54)
	at bg.sofia.uni.fmi.mjt.uno.server.ClientHandler.run(ClientHandler.java:29)
	at java.base/java.lang.Thread.run(Thread.java:1575)
===================================================
Timestamp: 2025-01-30T14:26:34.377196600
Client Info: Username: Unknown, Address: /127.0.0.1:56170
Log Level: ERROR
Message: Error occurred while handling client: Username: Unknown, Address: /127.0.0.1:56170
Stacktrace:
java.net.SocketException: Connection reset
	at java.base/sun.nio.ch.SocketChannelImpl.throwConnectionReset(SocketChannelImpl.java:403)
	at java.base/sun.nio.ch.SocketChannelImpl.implRead(SocketChannelImpl.java:419)
	at java.base/sun.nio.ch.SocketChannelImpl.read(SocketChannelImpl.java:493)
	at bg.sofia.uni.fmi.mjt.uno.server.ClientHandler.readMessageFromClient(ClientHandler.java:54)
	at bg.sofia.uni.fmi.mjt.uno.server.ClientHandler.run(ClientHandler.java:29)
	at java.base/java.lang.Thread.run(Thread.java:1575)
===================================================
Timestamp: 2025-01-30T14:26:34.421885800
Client Info: Username: Unknown, Address: /127.0.0.1:56169
Log Level: ERROR
Message: Error occurred while handling client: Username: Unknown, Address: /127.0.0.1:56169
Stacktrace:
java.net.SocketException: Connection reset
	at java.base/sun.nio.ch.SocketChannelImpl.throwConnectionReset(SocketChannelImpl.java:403)
	at java.base/sun.nio.ch.SocketChannelImpl.implRead(SocketChannelImpl.java:419)
	at java.base/sun.nio.ch.SocketChannelImpl.read(SocketChannelImpl.java:493)
	at bg.sofia.uni.fmi.mjt.uno.server.ClientHandler.readMessageFromClient(ClientHandler.java:54)
	at bg.sofia.uni.fmi.mjt.uno.server.ClientHandler.run(ClientHandler.java:29)
	at java.base/java.lang.Thread.run(Thread.java:1575)
===================================================
Timestamp: 2025-01-30T14:26:34.377196600
Client Info: Username: Unknown, Address: /127.0.0.1:56167
Log Level: ERROR
Message: Error occurred while handling client: Username: Unknown, Address: /127.0.0.1:56167
Stacktrace:
java.net.SocketException: Connection reset
	at java.base/sun.nio.ch.SocketChannelImpl.throwConnectionReset(SocketChannelImpl.java:403)
	at java.base/sun.nio.ch.SocketChannelImpl.implRead(SocketChannelImpl.java:419)
	at java.base/sun.nio.ch.SocketChannelImpl.read(SocketChannelImpl.java:493)
	at bg.sofia.uni.fmi.mjt.uno.server.ClientHandler.readMessageFromClient(ClientHandler.java:54)
	at bg.sofia.uni.fmi.mjt.uno.server.ClientHandler.run(ClientHandler.java:29)
	at java.base/java.lang.Thread.run(Thread.java:1575)
===================================================
Timestamp: 2025-01-30T14:26:34.423886800
Client Info: Username: Unknown, Address: /127.0.0.1:56169
Log Level: ERROR
Message: Error occurred while handling client: Username: Unknown, Address: /127.0.0.1:56169
Stacktrace:
java.net.SocketException: Connection reset
	at java.base/sun.nio.ch.SocketChannelImpl.throwConnectionReset(SocketChannelImpl.java:403)
	at java.base/sun.nio.ch.SocketChannelImpl.implRead(SocketChannelImpl.java:419)
	at java.base/sun.nio.ch.SocketChannelImpl.read(SocketChannelImpl.java:493)
	at bg.sofia.uni.fmi.mjt.uno.server.ClientHandler.readMessageFromClient(ClientHandler.java:54)
	at bg.sofia.uni.fmi.mjt.uno.server.ClientHandler.run(ClientHandler.java:29)
	at java.base/java.lang.Thread.run(Thread.java:1575)
===================================================
Timestamp: 2025-01-30T14:26:34.377196600
Client Info: Username: Unknown, Address: /127.0.0.1:56169
Log Level: ERROR
Message: Error occurred while handling client: Username: Unknown, Address: /127.0.0.1:56169
Stacktrace:
java.net.SocketException: Connection reset
	at java.base/sun.nio.ch.SocketChannelImpl.throwConnectionReset(SocketChannelImpl.java:403)
	at java.base/sun.nio.ch.SocketChannelImpl.implRead(SocketChannelImpl.java:419)
	at java.base/sun.nio.ch.SocketChannelImpl.read(SocketChannelImpl.java:493)
	at bg.sofia.uni.fmi.mjt.uno.server.ClientHandler.readMessageFromClient(ClientHandler.java:54)
	at bg.sofia.uni.fmi.mjt.uno.server.ClientHandler.run(ClientHandler.java:29)
	at java.base/java.lang.Thread.run(Thread.java:1575)
===================================================
Timestamp: 2025-01-30T14:26:34.376195900
Client Info: Username: Unknown, Address: /127.0.0.1:56170
Log Level: ERROR
Message: Error occurred while handling client: Username: Unknown, Address: /127.0.0.1:56170
Stacktrace:
java.net.SocketException: Connection reset
	at java.base/sun.nio.ch.SocketChannelImpl.throwConnectionReset(SocketChannelImpl.java:403)
	at java.base/sun.nio.ch.SocketChannelImpl.implRead(SocketChannelImpl.java:419)
	at java.base/sun.nio.ch.SocketChannelImpl.read(SocketChannelImpl.java:493)
	at bg.sofia.uni.fmi.mjt.uno.server.ClientHandler.readMessageFromClient(ClientHandler.java:54)
	at bg.sofia.uni.fmi.mjt.uno.server.ClientHandler.run(ClientHandler.java:29)
	at java.base/java.lang.Thread.run(Thread.java:1575)
===================================================
Timestamp: 2025-01-30T14:26:34.379715100
Client Info: Username: Unknown, Address: /127.0.0.1:56169
Log Level: ERROR
Message: Error occurred while handling client: Username: Unknown, Address: /127.0.0.1:56169
Stacktrace:
java.net.SocketException: Connection reset
	at java.base/sun.nio.ch.SocketChannelImpl.throwConnectionReset(SocketChannelImpl.java:403)
	at java.base/sun.nio.ch.SocketChannelImpl.implRead(SocketChannelImpl.java:419)
	at java.base/sun.nio.ch.SocketChannelImpl.read(SocketChannelImpl.java:493)
	at bg.sofia.uni.fmi.mjt.uno.server.ClientHandler.readMessageFromClient(ClientHandler.java:54)
	at bg.sofia.uni.fmi.mjt.uno.server.ClientHandler.run(ClientHandler.java:29)
	at java.base/java.lang.Thread.run(Thread.java:1575)
===================================================
Timestamp: 2025-01-30T14:26:34.414349600
Client Info: Username: Unknown, Address: /127.0.0.1:56170
Log Level: ERROR
Message: Error occurred while handling client: Username: Unknown, Address: /127.0.0.1:56170
Stacktrace:
java.net.SocketException: Connection reset
	at java.base/sun.nio.ch.SocketChannelImpl.throwConnectionReset(SocketChannelImpl.java:403)
	at java.base/sun.nio.ch.SocketChannelImpl.implRead(SocketChannelImpl.java:419)
	at java.base/sun.nio.ch.SocketChannelImpl.read(SocketChannelImpl.java:493)
	at bg.sofia.uni.fmi.mjt.uno.server.ClientHandler.readMessageFromClient(ClientHandler.java:54)
	at bg.sofia.uni.fmi.mjt.uno.server.ClientHandler.run(ClientHandler.java:29)
	at java.base/java.lang.Thread.run(Thread.java:1575)
===================================================
Timestamp: 2025-01-30T14:26:34.378705200
Client Info: Username: Unknown, Address: /127.0.0.1:56169
Log Level: ERROR
Message: Error occurred while handling client: Username: Unknown, Address: /127.0.0.1:56169
Stacktrace:
java.net.SocketException: Connection reset
	at java.base/sun.nio.ch.SocketChannelImpl.throwConnectionReset(SocketChannelImpl.java:403)
	at java.base/sun.nio.ch.SocketChannelImpl.implRead(SocketChannelImpl.java:419)
	at java.base/sun.nio.ch.SocketChannelImpl.read(SocketChannelImpl.java:493)
	at bg.sofia.uni.fmi.mjt.uno.server.ClientHandler.readMessageFromClient(ClientHandler.java:54)
	at bg.sofia.uni.fmi.mjt.uno.server.ClientHandler.run(ClientHandler.java:29)
	at java.base/java.lang.Thread.run(Thread.java:1575)
===================================================
Timestamp: 2025-01-30T14:26:34.380713300
Client Info: Username: Unknown, Address: /127.0.0.1:56167
Log Level: ERROR
Message: Error occurred while handling client: Username: Unknown, Address: /127.0.0.1:56167
Stacktrace:
java.net.SocketException: Connection reset
	at java.base/sun.nio.ch.SocketChannelImpl.throwConnectionReset(SocketChannelImpl.java:403)
	at java.base/sun.nio.ch.SocketChannelImpl.implRead(SocketChannelImpl.java:419)
	at java.base/sun.nio.ch.SocketChannelImpl.read(SocketChannelImpl.java:493)
	at bg.sofia.uni.fmi.mjt.uno.server.ClientHandler.readMessageFromClient(ClientHandler.java:54)
	at bg.sofia.uni.fmi.mjt.uno.server.ClientHandler.run(ClientHandler.java:29)
	at java.base/java.lang.Thread.run(Thread.java:1575)
===================================================
Timestamp: 2025-01-30T14:26:34.427401900
Client Info: Username: Unknown, Address: /127.0.0.1:56169
Log Level: ERROR
Message: Error occurred while handling client: Username: Unknown, Address: /127.0.0.1:56169
Stacktrace:
java.net.SocketException: Connection reset
	at java.base/sun.nio.ch.SocketChannelImpl.throwConnectionReset(SocketChannelImpl.java:403)
	at java.base/sun.nio.ch.SocketChannelImpl.implRead(SocketChannelImpl.java:419)
	at java.base/sun.nio.ch.SocketChannelImpl.read(SocketChannelImpl.java:493)
	at bg.sofia.uni.fmi.mjt.uno.server.ClientHandler.readMessageFromClient(ClientHandler.java:54)
	at bg.sofia.uni.fmi.mjt.uno.server.ClientHandler.run(ClientHandler.java:29)
	at java.base/java.lang.Thread.run(Thread.java:1575)
===================================================
Timestamp: 2025-01-30T14:26:34.419888100
Client Info: Username: Unknown, Address: /127.0.0.1:56170
Log Level: ERROR
Message: Error occurred while handling client: Username: Unknown, Address: /127.0.0.1:56170
Stacktrace:
java.net.SocketException: Connection reset
	at java.base/sun.nio.ch.SocketChannelImpl.throwConnectionReset(SocketChannelImpl.java:403)
	at java.base/sun.nio.ch.SocketChannelImpl.implRead(SocketChannelImpl.java:419)
	at java.base/sun.nio.ch.SocketChannelImpl.read(SocketChannelImpl.java:493)
	at bg.sofia.uni.fmi.mjt.uno.server.ClientHandler.readMessageFromClient(ClientHandler.java:54)
	at bg.sofia.uni.fmi.mjt.uno.server.ClientHandler.run(ClientHandler.java:29)
	at java.base/java.lang.Thread.run(Thread.java:1575)
===================================================
Timestamp: 2025-01-30T14:26:34.379715100
Client Info: Username: Unknown, Address: /127.0.0.1:56170
Log Level: ERROR
Message: Error occurred while handling client: Username: Unknown, Address: /127.0.0.1:56170
Stacktrace:
java.net.SocketException: Connection reset
	at java.base/sun.nio.ch.SocketChannelImpl.throwConnectionReset(SocketChannelImpl.java:403)
	at java.base/sun.nio.ch.SocketChannelImpl.implRead(SocketChannelImpl.java:419)
	at java.base/sun.nio.ch.SocketChannelImpl.read(SocketChannelImpl.java:493)
	at bg.sofia.uni.fmi.mjt.uno.server.ClientHandler.readMessageFromClient(ClientHandler.java:54)
	at bg.sofia.uni.fmi.mjt.uno.server.ClientHandler.run(ClientHandler.java:29)
	at java.base/java.lang.Thread.run(Thread.java:1575)
===================================================
Timestamp: 2025-01-30T14:26:34.379715100
Client Info: Username: Unknown, Address: /127.0.0.1:56169
Log Level: ERROR
Message: Error occurred while handling client: Username: Unknown, Address: /127.0.0.1:56169
Stacktrace:
java.net.SocketException: Connection reset
	at java.base/sun.nio.ch.SocketChannelImpl.throwConnectionReset(SocketChannelImpl.java:403)
	at java.base/sun.nio.ch.SocketChannelImpl.implRead(SocketChannelImpl.java:419)
	at java.base/sun.nio.ch.SocketChannelImpl.read(SocketChannelImpl.java:493)
	at bg.sofia.uni.fmi.mjt.uno.server.ClientHandler.readMessageFromClient(ClientHandler.java:54)
	at bg.sofia.uni.fmi.mjt.uno.server.ClientHandler.run(ClientHandler.java:29)
	at java.base/java.lang.Thread.run(Thread.java:1575)
===================================================
Timestamp: 2025-01-30T14:26:34.379715100
Client Info: Username: Unknown, Address: /127.0.0.1:56169
Log Level: ERROR
Message: Error occurred while handling client: Username: Unknown, Address: /127.0.0.1:56169
Stacktrace:
java.net.SocketException: Connection reset
	at java.base/sun.nio.ch.SocketChannelImpl.throwConnectionReset(SocketChannelImpl.java:403)
	at java.base/sun.nio.ch.SocketChannelImpl.implRead(SocketChannelImpl.java:419)
	at java.base/sun.nio.ch.SocketChannelImpl.read(SocketChannelImpl.java:493)
	at bg.sofia.uni.fmi.mjt.uno.server.ClientHandler.readMessageFromClient(ClientHandler.java:54)
	at bg.sofia.uni.fmi.mjt.uno.server.ClientHandler.run(ClientHandler.java:29)
	at java.base/java.lang.Thread.run(Thread.java:1575)
===================================================
Timestamp: 2025-01-30T14:26:34.377196600
Client Info: Username: Unknown, Address: /127.0.0.1:56168
Log Level: ERROR
Message: Error occurred while handling client: Username: Unknown, Address: /127.0.0.1:56168
Stacktrace:
java.net.SocketException: Connection reset
	at java.base/sun.nio.ch.SocketChannelImpl.throwConnectionReset(SocketChannelImpl.java:403)
	at java.base/sun.nio.ch.SocketChannelImpl.implRead(SocketChannelImpl.java:419)
	at java.base/sun.nio.ch.SocketChannelImpl.read(SocketChannelImpl.java:493)
	at bg.sofia.uni.fmi.mjt.uno.server.ClientHandler.readMessageFromClient(ClientHandler.java:54)
	at bg.sofia.uni.fmi.mjt.uno.server.ClientHandler.run(ClientHandler.java:29)
	at java.base/java.lang.Thread.run(Thread.java:1575)
===================================================
Timestamp: 2025-01-30T14:26:34.378705200
Client Info: Username: Unknown, Address: /127.0.0.1:56169
Log Level: ERROR
Message: Error occurred while handling client: Username: Unknown, Address: /127.0.0.1:56169
Stacktrace:
java.net.SocketException: Connection reset
	at java.base/sun.nio.ch.SocketChannelImpl.throwConnectionReset(SocketChannelImpl.java:403)
	at java.base/sun.nio.ch.SocketChannelImpl.implRead(SocketChannelImpl.java:419)
	at java.base/sun.nio.ch.SocketChannelImpl.read(SocketChannelImpl.java:493)
	at bg.sofia.uni.fmi.mjt.uno.server.ClientHandler.readMessageFromClient(ClientHandler.java:54)
	at bg.sofia.uni.fmi.mjt.uno.server.ClientHandler.run(ClientHandler.java:29)
	at java.base/java.lang.Thread.run(Thread.java:1575)
===================================================
Timestamp: 2025-01-30T14:26:34.376195900
Client Info: Username: Unknown, Address: /127.0.0.1:56168
Log Level: ERROR
Message: Error occurred while handling client: Username: Unknown, Address: /127.0.0.1:56168
Stacktrace:
java.net.SocketException: Connection reset
	at java.base/sun.nio.ch.SocketChannelImpl.throwConnectionReset(SocketChannelImpl.java:403)
	at java.base/sun.nio.ch.SocketChannelImpl.implRead(SocketChannelImpl.java:419)
	at java.base/sun.nio.ch.SocketChannelImpl.read(SocketChannelImpl.java:493)
	at bg.sofia.uni.fmi.mjt.uno.server.ClientHandler.readMessageFromClient(ClientHandler.java:54)
	at bg.sofia.uni.fmi.mjt.uno.server.ClientHandler.run(ClientHandler.java:29)
	at java.base/java.lang.Thread.run(Thread.java:1575)
===================================================
Timestamp: 2025-01-30T14:26:34.378705200
Client Info: Username: Unknown, Address: /127.0.0.1:56168
Log Level: ERROR
Message: Error occurred while handling client: Username: Unknown, Address: /127.0.0.1:56168
Stacktrace:
java.net.SocketException: Connection reset
	at java.base/sun.nio.ch.SocketChannelImpl.throwConnectionReset(SocketChannelImpl.java:403)
	at java.base/sun.nio.ch.SocketChannelImpl.implRead(SocketChannelImpl.java:419)
	at java.base/sun.nio.ch.SocketChannelImpl.read(SocketChannelImpl.java:493)
	at bg.sofia.uni.fmi.mjt.uno.server.ClientHandler.readMessageFromClient(ClientHandler.java:54)
	at bg.sofia.uni.fmi.mjt.uno.server.ClientHandler.run(ClientHandler.java:29)
	at java.base/java.lang.Thread.run(Thread.java:1575)
===================================================
Timestamp: 2025-01-30T14:26:34.377196600
Client Info: Username: Unknown, Address: /127.0.0.1:56167
Log Level: ERROR
Message: Error occurred while handling client: Username: Unknown, Address: /127.0.0.1:56167
Stacktrace:
java.net.SocketException: Connection reset
	at java.base/sun.nio.ch.SocketChannelImpl.throwConnectionReset(SocketChannelImpl.java:403)
	at java.base/sun.nio.ch.SocketChannelImpl.implRead(SocketChannelImpl.java:419)
	at java.base/sun.nio.ch.SocketChannelImpl.read(SocketChannelImpl.java:493)
	at bg.sofia.uni.fmi.mjt.uno.server.ClientHandler.readMessageFromClient(ClientHandler.java:54)
	at bg.sofia.uni.fmi.mjt.uno.server.ClientHandler.run(ClientHandler.java:29)
	at java.base/java.lang.Thread.run(Thread.java:1575)
===================================================
Timestamp: 2025-01-30T14:26:34.379715100
Client Info: Username: Unknown, Address: /127.0.0.1:56170
Log Level: ERROR
Message: Error occurred while handling client: Username: Unknown, Address: /127.0.0.1:56170
Stacktrace:
java.net.SocketException: Connection reset
	at java.base/sun.nio.ch.SocketChannelImpl.throwConnectionReset(SocketChannelImpl.java:403)
	at java.base/sun.nio.ch.SocketChannelImpl.implRead(SocketChannelImpl.java:419)
	at java.base/sun.nio.ch.SocketChannelImpl.read(SocketChannelImpl.java:493)
	at bg.sofia.uni.fmi.mjt.uno.server.ClientHandler.readMessageFromClient(ClientHandler.java:54)
	at bg.sofia.uni.fmi.mjt.uno.server.ClientHandler.run(ClientHandler.java:29)
	at java.base/java.lang.Thread.run(Thread.java:1575)
===================================================
Timestamp: 2025-01-30T14:26:34.377196600
Client Info: Username: Unknown, Address: /127.0.0.1:56167
Log Level: ERROR
Message: Error occurred while handling client: Username: Unknown, Address: /127.0.0.1:56167
Stacktrace:
java.net.SocketException: Connection reset
	at java.base/sun.nio.ch.SocketChannelImpl.throwConnectionReset(SocketChannelImpl.java:403)
	at java.base/sun.nio.ch.SocketChannelImpl.implRead(SocketChannelImpl.java:419)
	at java.base/sun.nio.ch.SocketChannelImpl.read(SocketChannelImpl.java:493)
	at bg.sofia.uni.fmi.mjt.uno.server.ClientHandler.readMessageFromClient(ClientHandler.java:54)
	at bg.sofia.uni.fmi.mjt.uno.server.ClientHandler.run(ClientHandler.java:29)
	at java.base/java.lang.Thread.run(Thread.java:1575)
===================================================
Timestamp: 2025-01-30T14:26:34.376195900
Client Info: Username: Unknown, Address: /127.0.0.1:56169
Log Level: ERROR
Message: Error occurred while handling client: Username: Unknown, Address: /127.0.0.1:56169
Stacktrace:
java.net.SocketException: Connection reset
	at java.base/sun.nio.ch.SocketChannelImpl.throwConnectionReset(SocketChannelImpl.java:403)
	at java.base/sun.nio.ch.SocketChannelImpl.implRead(SocketChannelImpl.java:419)
	at java.base/sun.nio.ch.SocketChannelImpl.read(SocketChannelImpl.java:493)
	at bg.sofia.uni.fmi.mjt.uno.server.ClientHandler.readMessageFromClient(ClientHandler.java:54)
	at bg.sofia.uni.fmi.mjt.uno.server.ClientHandler.run(ClientHandler.java:29)
	at java.base/java.lang.Thread.run(Thread.java:1575)
===================================================
Timestamp: 2025-01-30T14:26:34.378705200
Client Info: Username: Unknown, Address: /127.0.0.1:56170
Log Level: ERROR
Message: Error occurred while handling client: Username: Unknown, Address: /127.0.0.1:56170
Stacktrace:
java.net.SocketException: Connection reset
	at java.base/sun.nio.ch.SocketChannelImpl.throwConnectionReset(SocketChannelImpl.java:403)
	at java.base/sun.nio.ch.SocketChannelImpl.implRead(SocketChannelImpl.java:419)
	at java.base/sun.nio.ch.SocketChannelImpl.read(SocketChannelImpl.java:493)
	at bg.sofia.uni.fmi.mjt.uno.server.ClientHandler.readMessageFromClient(ClientHandler.java:54)
	at bg.sofia.uni.fmi.mjt.uno.server.ClientHandler.run(ClientHandler.java:29)
	at java.base/java.lang.Thread.run(Thread.java:1575)
===================================================
Timestamp: 2025-01-30T14:26:34.379715100
Client Info: Username: Unknown, Address: /127.0.0.1:56170
Log Level: ERROR
Message: Error occurred while handling client: Username: Unknown, Address: /127.0.0.1:56170
Stacktrace:
java.net.SocketException: Connection reset
	at java.base/sun.nio.ch.SocketChannelImpl.throwConnectionReset(SocketChannelImpl.java:403)
	at java.base/sun.nio.ch.SocketChannelImpl.implRead(SocketChannelImpl.java:419)
	at java.base/sun.nio.ch.SocketChannelImpl.read(SocketChannelImpl.java:493)
	at bg.sofia.uni.fmi.mjt.uno.server.ClientHandler.readMessageFromClient(ClientHandler.java:54)
	at bg.sofia.uni.fmi.mjt.uno.server.ClientHandler.run(ClientHandler.java:29)
	at java.base/java.lang.Thread.run(Thread.java:1575)
===================================================
Timestamp: 2025-01-30T14:26:34.377196600
Client Info: Username: Unknown, Address: /127.0.0.1:56170
Log Level: ERROR
Message: Error occurred while handling client: Username: Unknown, Address: /127.0.0.1:56170
Stacktrace:
java.net.SocketException: Connection reset
	at java.base/sun.nio.ch.SocketChannelImpl.throwConnectionReset(SocketChannelImpl.java:403)
	at java.base/sun.nio.ch.SocketChannelImpl.implRead(SocketChannelImpl.java:419)
	at java.base/sun.nio.ch.SocketChannelImpl.read(SocketChannelImpl.java:493)
	at bg.sofia.uni.fmi.mjt.uno.server.ClientHandler.readMessageFromClient(ClientHandler.java:54)
	at bg.sofia.uni.fmi.mjt.uno.server.ClientHandler.run(ClientHandler.java:29)
	at java.base/java.lang.Thread.run(Thread.java:1575)
===================================================
Timestamp: 2025-01-30T14:26:34.379715100
Client Info: Username: Unknown, Address: /127.0.0.1:56167
Log Level: ERROR
Message: Error occurred while handling client: Username: Unknown, Address: /127.0.0.1:56167
Stacktrace:
java.net.SocketException: Connection reset
	at java.base/sun.nio.ch.SocketChannelImpl.throwConnectionReset(SocketChannelImpl.java:403)
	at java.base/sun.nio.ch.SocketChannelImpl.implRead(SocketChannelImpl.java:419)
	at java.base/sun.nio.ch.SocketChannelImpl.read(SocketChannelImpl.java:493)
	at bg.sofia.uni.fmi.mjt.uno.server.ClientHandler.readMessageFromClient(ClientHandler.java:54)
	at bg.sofia.uni.fmi.mjt.uno.server.ClientHandler.run(ClientHandler.java:29)
	at java.base/java.lang.Thread.run(Thread.java:1575)
===================================================
Timestamp: 2025-01-30T14:26:34.378705200
Client Info: Username: Unknown, Address: /127.0.0.1:56170
Log Level: ERROR
Message: Error occurred while handling client: Username: Unknown, Address: /127.0.0.1:56170
Stacktrace:
java.net.SocketException: Connection reset
	at java.base/sun.nio.ch.SocketChannelImpl.throwConnectionReset(SocketChannelImpl.java:403)
	at java.base/sun.nio.ch.SocketChannelImpl.implRead(SocketChannelImpl.java:419)
	at java.base/sun.nio.ch.SocketChannelImpl.read(SocketChannelImpl.java:493)
	at bg.sofia.uni.fmi.mjt.uno.server.ClientHandler.readMessageFromClient(ClientHandler.java:54)
	at bg.sofia.uni.fmi.mjt.uno.server.ClientHandler.run(ClientHandler.java:29)
	at java.base/java.lang.Thread.run(Thread.java:1575)
===================================================
Timestamp: 2025-01-30T14:26:34.376195900
Client Info: Username: Unknown, Address: /127.0.0.1:56168
Log Level: ERROR
Message: Error occurred while handling client: Username: Unknown, Address: /127.0.0.1:56168
Stacktrace:
java.net.SocketException: Connection reset
	at java.base/sun.nio.ch.SocketChannelImpl.throwConnectionReset(SocketChannelImpl.java:403)
	at java.base/sun.nio.ch.SocketChannelImpl.implRead(SocketChannelImpl.java:419)
	at java.base/sun.nio.ch.SocketChannelImpl.read(SocketChannelImpl.java:493)
	at bg.sofia.uni.fmi.mjt.uno.server.ClientHandler.readMessageFromClient(ClientHandler.java:54)
	at bg.sofia.uni.fmi.mjt.uno.server.ClientHandler.run(ClientHandler.java:29)
	at java.base/java.lang.Thread.run(Thread.java:1575)
===================================================
Timestamp: 2025-01-30T14:26:34.379715100
Client Info: Username: Unknown, Address: /127.0.0.1:56168
Log Level: ERROR
Message: Error occurred while handling client: Username: Unknown, Address: /127.0.0.1:56168
Stacktrace:
java.net.SocketException: Connection reset
	at java.base/sun.nio.ch.SocketChannelImpl.throwConnectionReset(SocketChannelImpl.java:403)
	at java.base/sun.nio.ch.SocketChannelImpl.implRead(SocketChannelImpl.java:419)
	at java.base/sun.nio.ch.SocketChannelImpl.read(SocketChannelImpl.java:493)
	at bg.sofia.uni.fmi.mjt.uno.server.ClientHandler.readMessageFromClient(ClientHandler.java:54)
	at bg.sofia.uni.fmi.mjt.uno.server.ClientHandler.run(ClientHandler.java:29)
	at java.base/java.lang.Thread.run(Thread.java:1575)
===================================================
Timestamp: 2025-01-30T14:26:34.427401900
Client Info: Username: Unknown, Address: /127.0.0.1:56170
Log Level: ERROR
Message: Error occurred while handling client: Username: Unknown, Address: /127.0.0.1:56170
Stacktrace:
java.net.SocketException: Connection reset
	at java.base/sun.nio.ch.SocketChannelImpl.throwConnectionReset(SocketChannelImpl.java:403)
	at java.base/sun.nio.ch.SocketChannelImpl.implRead(SocketChannelImpl.java:419)
	at java.base/sun.nio.ch.SocketChannelImpl.read(SocketChannelImpl.java:493)
	at bg.sofia.uni.fmi.mjt.uno.server.ClientHandler.readMessageFromClient(ClientHandler.java:54)
	at bg.sofia.uni.fmi.mjt.uno.server.ClientHandler.run(ClientHandler.java:29)
	at java.base/java.lang.Thread.run(Thread.java:1575)
===================================================
Timestamp: 2025-01-30T14:26:34.417747600
Client Info: Username: Unknown, Address: /127.0.0.1:56170
Log Level: ERROR
Message: Error occurred while handling client: Username: Unknown, Address: /127.0.0.1:56170
Stacktrace:
java.net.SocketException: Connection reset
	at java.base/sun.nio.ch.SocketChannelImpl.throwConnectionReset(SocketChannelImpl.java:403)
	at java.base/sun.nio.ch.SocketChannelImpl.implRead(SocketChannelImpl.java:419)
	at java.base/sun.nio.ch.SocketChannelImpl.read(SocketChannelImpl.java:493)
	at bg.sofia.uni.fmi.mjt.uno.server.ClientHandler.readMessageFromClient(ClientHandler.java:54)
	at bg.sofia.uni.fmi.mjt.uno.server.ClientHandler.run(ClientHandler.java:29)
	at java.base/java.lang.Thread.run(Thread.java:1575)
===================================================
Timestamp: 2025-01-30T14:26:34.416350400
Client Info: Username: Unknown, Address: /127.0.0.1:56170
Log Level: ERROR
Message: Error occurred while handling client: Username: Unknown, Address: /127.0.0.1:56170
Stacktrace:
java.net.SocketException: Connection reset
	at java.base/sun.nio.ch.SocketChannelImpl.throwConnectionReset(SocketChannelImpl.java:403)
	at java.base/sun.nio.ch.SocketChannelImpl.implRead(SocketChannelImpl.java:419)
	at java.base/sun.nio.ch.SocketChannelImpl.read(SocketChannelImpl.java:493)
	at bg.sofia.uni.fmi.mjt.uno.server.ClientHandler.readMessageFromClient(ClientHandler.java:54)
	at bg.sofia.uni.fmi.mjt.uno.server.ClientHandler.run(ClientHandler.java:29)
	at java.base/java.lang.Thread.run(Thread.java:1575)
===================================================
Timestamp: 2025-01-30T14:26:34.377196600
Client Info: Username: Unknown, Address: /127.0.0.1:56169
Log Level: ERROR
Message: Error occurred while handling client: Username: Unknown, Address: /127.0.0.1:56169
Stacktrace:
java.net.SocketException: Connection reset
	at java.base/sun.nio.ch.SocketChannelImpl.throwConnectionReset(SocketChannelImpl.java:403)
	at java.base/sun.nio.ch.SocketChannelImpl.implRead(SocketChannelImpl.java:419)
	at java.base/sun.nio.ch.SocketChannelImpl.read(SocketChannelImpl.java:493)
	at bg.sofia.uni.fmi.mjt.uno.server.ClientHandler.readMessageFromClient(ClientHandler.java:54)
	at bg.sofia.uni.fmi.mjt.uno.server.ClientHandler.run(ClientHandler.java:29)
	at java.base/java.lang.Thread.run(Thread.java:1575)
===================================================
Timestamp: 2025-01-30T14:26:34.379715100
Client Info: Username: Unknown, Address: /127.0.0.1:56170
Log Level: ERROR
Message: Error occurred while handling client: Username: Unknown, Address: /127.0.0.1:56170
Stacktrace:
java.net.SocketException: Connection reset
	at java.base/sun.nio.ch.SocketChannelImpl.throwConnectionReset(SocketChannelImpl.java:403)
	at java.base/sun.nio.ch.SocketChannelImpl.implRead(SocketChannelImpl.java:419)
	at java.base/sun.nio.ch.SocketChannelImpl.read(SocketChannelImpl.java:493)
	at bg.sofia.uni.fmi.mjt.uno.server.ClientHandler.readMessageFromClient(ClientHandler.java:54)
	at bg.sofia.uni.fmi.mjt.uno.server.ClientHandler.run(ClientHandler.java:29)
	at java.base/java.lang.Thread.run(Thread.java:1575)
===================================================
Timestamp: 2025-01-30T14:26:34.397600800
Client Info: Username: Unknown, Address: /127.0.0.1:56170
Log Level: ERROR
Message: Error occurred while handling client: Username: Unknown, Address: /127.0.0.1:56170
Stacktrace:
java.net.SocketException: Connection reset
	at java.base/sun.nio.ch.SocketChannelImpl.throwConnectionReset(SocketChannelImpl.java:403)
	at java.base/sun.nio.ch.SocketChannelImpl.implRead(SocketChannelImpl.java:419)
	at java.base/sun.nio.ch.SocketChannelImpl.read(SocketChannelImpl.java:493)
	at bg.sofia.uni.fmi.mjt.uno.server.ClientHandler.readMessageFromClient(ClientHandler.java:54)
	at bg.sofia.uni.fmi.mjt.uno.server.ClientHandler.run(ClientHandler.java:29)
	at java.base/java.lang.Thread.run(Thread.java:1575)
===================================================
Timestamp: 2025-01-30T14:26:34.376195900
Client Info: Username: Unknown, Address: /127.0.0.1:56167
Log Level: ERROR
Message: Error occurred while handling client: Username: Unknown, Address: /127.0.0.1:56167
Stacktrace:
java.net.SocketException: Connection reset
	at java.base/sun.nio.ch.SocketChannelImpl.throwConnectionReset(SocketChannelImpl.java:403)
	at java.base/sun.nio.ch.SocketChannelImpl.implRead(SocketChannelImpl.java:419)
	at java.base/sun.nio.ch.SocketChannelImpl.read(SocketChannelImpl.java:493)
	at bg.sofia.uni.fmi.mjt.uno.server.ClientHandler.readMessageFromClient(ClientHandler.java:54)
	at bg.sofia.uni.fmi.mjt.uno.server.ClientHandler.run(ClientHandler.java:29)
	at java.base/java.lang.Thread.run(Thread.java:1575)
===================================================
Timestamp: 2025-01-30T14:26:34.377196600
Client Info: Username: Unknown, Address: /127.0.0.1:56170
Log Level: ERROR
Message: Error occurred while handling client: Username: Unknown, Address: /127.0.0.1:56170
Stacktrace:
java.net.SocketException: Connection reset
	at java.base/sun.nio.ch.SocketChannelImpl.throwConnectionReset(SocketChannelImpl.java:403)
	at java.base/sun.nio.ch.SocketChannelImpl.implRead(SocketChannelImpl.java:435)
	at java.base/sun.nio.ch.SocketChannelImpl.read(SocketChannelImpl.java:493)
	at bg.sofia.uni.fmi.mjt.uno.server.ClientHandler.readMessageFromClient(ClientHandler.java:54)
	at bg.sofia.uni.fmi.mjt.uno.server.ClientHandler.run(ClientHandler.java:29)
	at java.base/java.lang.Thread.run(Thread.java:1575)
===================================================
Timestamp: 2025-01-30T14:26:34.380713300
Client Info: Username: Unknown, Address: /127.0.0.1:56168
Log Level: ERROR
Message: Error occurred while handling client: Username: Unknown, Address: /127.0.0.1:56168
Stacktrace:
java.net.SocketException: Connection reset
	at java.base/sun.nio.ch.SocketChannelImpl.throwConnectionReset(SocketChannelImpl.java:403)
	at java.base/sun.nio.ch.SocketChannelImpl.implRead(SocketChannelImpl.java:419)
	at java.base/sun.nio.ch.SocketChannelImpl.read(SocketChannelImpl.java:493)
	at bg.sofia.uni.fmi.mjt.uno.server.ClientHandler.readMessageFromClient(ClientHandler.java:54)
	at bg.sofia.uni.fmi.mjt.uno.server.ClientHandler.run(ClientHandler.java:29)
	at java.base/java.lang.Thread.run(Thread.java:1575)
===================================================
Timestamp: 2025-01-30T14:26:34.377196600
Client Info: Username: Unknown, Address: /127.0.0.1:56168
Log Level: ERROR
Message: Error occurred while handling client: Username: Unknown, Address: /127.0.0.1:56168
Stacktrace:
java.net.SocketException: Connection reset
	at java.base/sun.nio.ch.SocketChannelImpl.throwConnectionReset(SocketChannelImpl.java:403)
	at java.base/sun.nio.ch.SocketChannelImpl.implRead(SocketChannelImpl.java:419)
	at java.base/sun.nio.ch.SocketChannelImpl.read(SocketChannelImpl.java:493)
	at bg.sofia.uni.fmi.mjt.uno.server.ClientHandler.readMessageFromClient(ClientHandler.java:54)
	at bg.sofia.uni.fmi.mjt.uno.server.ClientHandler.run(ClientHandler.java:29)
	at java.base/java.lang.Thread.run(Thread.java:1575)
===================================================
Timestamp: 2025-01-30T14:26:34.377196600
Client Info: Username: Unknown, Address: /127.0.0.1:56170
Log Level: ERROR
Message: Error occurred while handling client: Username: Unknown, Address: /127.0.0.1:56170
Stacktrace:
java.net.SocketException: Connection reset
	at java.base/sun.nio.ch.SocketChannelImpl.throwConnectionReset(SocketChannelImpl.java:403)
	at java.base/sun.nio.ch.SocketChannelImpl.implRead(SocketChannelImpl.java:419)
	at java.base/sun.nio.ch.SocketChannelImpl.read(SocketChannelImpl.java:493)
	at bg.sofia.uni.fmi.mjt.uno.server.ClientHandler.readMessageFromClient(ClientHandler.java:54)
	at bg.sofia.uni.fmi.mjt.uno.server.ClientHandler.run(ClientHandler.java:29)
	at java.base/java.lang.Thread.run(Thread.java:1575)
===================================================
Timestamp: 2025-01-30T14:26:34.377196600
Client Info: Username: Unknown, Address: /127.0.0.1:56168
Log Level: ERROR
Message: Error occurred while handling client: Username: Unknown, Address: /127.0.0.1:56168
Stacktrace:
java.net.SocketException: Connection reset
	at java.base/sun.nio.ch.SocketChannelImpl.throwConnectionReset(SocketChannelImpl.java:403)
	at java.base/sun.nio.ch.SocketChannelImpl.implRead(SocketChannelImpl.java:419)
	at java.base/sun.nio.ch.SocketChannelImpl.read(SocketChannelImpl.java:493)
	at bg.sofia.uni.fmi.mjt.uno.server.ClientHandler.readMessageFromClient(ClientHandler.java:54)
	at bg.sofia.uni.fmi.mjt.uno.server.ClientHandler.run(ClientHandler.java:29)
	at java.base/java.lang.Thread.run(Thread.java:1575)
===================================================
Timestamp: 2025-01-30T14:26:34.378705200
Client Info: Username: Unknown, Address: /127.0.0.1:56167
Log Level: ERROR
Message: Error occurred while handling client: Username: Unknown, Address: /127.0.0.1:56167
Stacktrace:
java.net.SocketException: Connection reset
	at java.base/sun.nio.ch.SocketChannelImpl.throwConnectionReset(SocketChannelImpl.java:403)
	at java.base/sun.nio.ch.SocketChannelImpl.implRead(SocketChannelImpl.java:419)
	at java.base/sun.nio.ch.SocketChannelImpl.read(SocketChannelImpl.java:493)
	at bg.sofia.uni.fmi.mjt.uno.server.ClientHandler.readMessageFromClient(ClientHandler.java:54)
	at bg.sofia.uni.fmi.mjt.uno.server.ClientHandler.run(ClientHandler.java:29)
	at java.base/java.lang.Thread.run(Thread.java:1575)
===================================================
Timestamp: 2025-01-30T14:26:34.394487700
Client Info: Username: Unknown, Address: /127.0.0.1:56167
Log Level: ERROR
Message: Error occurred while handling client: Username: Unknown, Address: /127.0.0.1:56167
Stacktrace:
java.net.SocketException: Connection reset
	at java.base/sun.nio.ch.SocketChannelImpl.throwConnectionReset(SocketChannelImpl.java:403)
	at java.base/sun.nio.ch.SocketChannelImpl.implRead(SocketChannelImpl.java:419)
	at java.base/sun.nio.ch.SocketChannelImpl.read(SocketChannelImpl.java:493)
	at bg.sofia.uni.fmi.mjt.uno.server.ClientHandler.readMessageFromClient(ClientHandler.java:54)
	at bg.sofia.uni.fmi.mjt.uno.server.ClientHandler.run(ClientHandler.java:29)
	at java.base/java.lang.Thread.run(Thread.java:1575)
===================================================
Timestamp: 2025-01-30T14:26:34.376195900
Client Info: Username: Unknown, Address: /127.0.0.1:56168
Log Level: ERROR
Message: Error occurred while handling client: Username: Unknown, Address: /127.0.0.1:56168
Stacktrace:
java.net.SocketException: Connection reset
	at java.base/sun.nio.ch.SocketChannelImpl.throwConnectionReset(SocketChannelImpl.java:403)
	at java.base/sun.nio.ch.SocketChannelImpl.implRead(SocketChannelImpl.java:419)
	at java.base/sun.nio.ch.SocketChannelImpl.read(SocketChannelImpl.java:493)
	at bg.sofia.uni.fmi.mjt.uno.server.ClientHandler.readMessageFromClient(ClientHandler.java:54)
	at bg.sofia.uni.fmi.mjt.uno.server.ClientHandler.run(ClientHandler.java:29)
	at java.base/java.lang.Thread.run(Thread.java:1575)
===================================================
Timestamp: 2025-01-30T14:26:34.378705200
Client Info: Username: Unknown, Address: /127.0.0.1:56169
Log Level: ERROR
Message: Error occurred while handling client: Username: Unknown, Address: /127.0.0.1:56169
Stacktrace:
java.net.SocketException: Connection reset
	at java.base/sun.nio.ch.SocketChannelImpl.throwConnectionReset(SocketChannelImpl.java:403)
	at java.base/sun.nio.ch.SocketChannelImpl.implRead(SocketChannelImpl.java:419)
	at java.base/sun.nio.ch.SocketChannelImpl.read(SocketChannelImpl.java:493)
	at bg.sofia.uni.fmi.mjt.uno.server.ClientHandler.readMessageFromClient(ClientHandler.java:54)
	at bg.sofia.uni.fmi.mjt.uno.server.ClientHandler.run(ClientHandler.java:29)
	at java.base/java.lang.Thread.run(Thread.java:1575)
===================================================
Timestamp: 2025-01-30T14:26:34.376195900
Client Info: Username: Unknown, Address: /127.0.0.1:56168
Log Level: ERROR
Message: Error occurred while handling client: Username: Unknown, Address: /127.0.0.1:56168
Stacktrace:
java.net.SocketException: Connection reset
	at java.base/sun.nio.ch.SocketChannelImpl.throwConnectionReset(SocketChannelImpl.java:403)
	at java.base/sun.nio.ch.SocketChannelImpl.implRead(SocketChannelImpl.java:419)
	at java.base/sun.nio.ch.SocketChannelImpl.read(SocketChannelImpl.java:493)
	at bg.sofia.uni.fmi.mjt.uno.server.ClientHandler.readMessageFromClient(ClientHandler.java:54)
	at bg.sofia.uni.fmi.mjt.uno.server.ClientHandler.run(ClientHandler.java:29)
	at java.base/java.lang.Thread.run(Thread.java:1575)
===================================================
Timestamp: 2025-01-30T14:26:34.428401700
Client Info: Username: Unknown, Address: /127.0.0.1:56170
Log Level: ERROR
Message: Error occurred while handling client: Username: Unknown, Address: /127.0.0.1:56170
Stacktrace:
java.net.SocketException: Connection reset
	at java.base/sun.nio.ch.SocketChannelImpl.throwConnectionReset(SocketChannelImpl.java:403)
	at java.base/sun.nio.ch.SocketChannelImpl.implRead(SocketChannelImpl.java:419)
	at java.base/sun.nio.ch.SocketChannelImpl.read(SocketChannelImpl.java:493)
	at bg.sofia.uni.fmi.mjt.uno.server.ClientHandler.readMessageFromClient(ClientHandler.java:54)
	at bg.sofia.uni.fmi.mjt.uno.server.ClientHandler.run(ClientHandler.java:29)
	at java.base/java.lang.Thread.run(Thread.java:1575)
===================================================
Timestamp: 2025-01-30T14:26:34.379715100
Client Info: Username: Unknown, Address: /127.0.0.1:56168
Log Level: ERROR
Message: Error occurred while handling client: Username: Unknown, Address: /127.0.0.1:56168
Stacktrace:
java.net.SocketException: Connection reset
	at java.base/sun.nio.ch.SocketChannelImpl.throwConnectionReset(SocketChannelImpl.java:403)
	at java.base/sun.nio.ch.SocketChannelImpl.implRead(SocketChannelImpl.java:419)
	at java.base/sun.nio.ch.SocketChannelImpl.read(SocketChannelImpl.java:493)
	at bg.sofia.uni.fmi.mjt.uno.server.ClientHandler.readMessageFromClient(ClientHandler.java:54)
	at bg.sofia.uni.fmi.mjt.uno.server.ClientHandler.run(ClientHandler.java:29)
	at java.base/java.lang.Thread.run(Thread.java:1575)
===================================================
Timestamp: 2025-01-30T14:26:34.416350400
Client Info: Username: Unknown, Address: /127.0.0.1:56168
Log Level: ERROR
Message: Error occurred while handling client: Username: Unknown, Address: /127.0.0.1:56168
Stacktrace:
java.net.SocketException: Connection reset
	at java.base/sun.nio.ch.SocketChannelImpl.throwConnectionReset(SocketChannelImpl.java:403)
	at java.base/sun.nio.ch.SocketChannelImpl.implRead(SocketChannelImpl.java:419)
	at java.base/sun.nio.ch.SocketChannelImpl.read(SocketChannelImpl.java:493)
	at bg.sofia.uni.fmi.mjt.uno.server.ClientHandler.readMessageFromClient(ClientHandler.java:54)
	at bg.sofia.uni.fmi.mjt.uno.server.ClientHandler.run(ClientHandler.java:29)
	at java.base/java.lang.Thread.run(Thread.java:1575)
===================================================
Timestamp: 2025-01-30T14:26:34.379715100
Client Info: Username: Unknown, Address: /127.0.0.1:56167
Log Level: ERROR
Message: Error occurred while handling client: Username: Unknown, Address: /127.0.0.1:56167
Stacktrace:
java.net.SocketException: Connection reset
	at java.base/sun.nio.ch.SocketChannelImpl.throwConnectionReset(SocketChannelImpl.java:403)
	at java.base/sun.nio.ch.SocketChannelImpl.implRead(SocketChannelImpl.java:419)
	at java.base/sun.nio.ch.SocketChannelImpl.read(SocketChannelImpl.java:493)
	at bg.sofia.uni.fmi.mjt.uno.server.ClientHandler.readMessageFromClient(ClientHandler.java:54)
	at bg.sofia.uni.fmi.mjt.uno.server.ClientHandler.run(ClientHandler.java:29)
	at java.base/java.lang.Thread.run(Thread.java:1575)
===================================================
Timestamp: 2025-01-30T14:26:34.380713300
Client Info: Username: Unknown, Address: /127.0.0.1:56167
Log Level: ERROR
Message: Error occurred while handling client: Username: Unknown, Address: /127.0.0.1:56167
Stacktrace:
java.net.SocketException: Connection reset
	at java.base/sun.nio.ch.SocketChannelImpl.throwConnectionReset(SocketChannelImpl.java:403)
	at java.base/sun.nio.ch.SocketChannelImpl.implRead(SocketChannelImpl.java:419)
	at java.base/sun.nio.ch.SocketChannelImpl.read(SocketChannelImpl.java:493)
	at bg.sofia.uni.fmi.mjt.uno.server.ClientHandler.readMessageFromClient(ClientHandler.java:54)
	at bg.sofia.uni.fmi.mjt.uno.server.ClientHandler.run(ClientHandler.java:29)
	at java.base/java.lang.Thread.run(Thread.java:1575)
===================================================
Timestamp: 2025-01-30T14:26:34.377196600
Client Info: Username: Unknown, Address: /127.0.0.1:56170
Log Level: ERROR
Message: Error occurred while handling client: Username: Unknown, Address: /127.0.0.1:56170
Stacktrace:
java.net.SocketException: Connection reset
	at java.base/sun.nio.ch.SocketChannelImpl.throwConnectionReset(SocketChannelImpl.java:403)
	at java.base/sun.nio.ch.SocketChannelImpl.implRead(SocketChannelImpl.java:419)
	at java.base/sun.nio.ch.SocketChannelImpl.read(SocketChannelImpl.java:493)
	at bg.sofia.uni.fmi.mjt.uno.server.ClientHandler.readMessageFromClient(ClientHandler.java:54)
	at bg.sofia.uni.fmi.mjt.uno.server.ClientHandler.run(ClientHandler.java:29)
	at java.base/java.lang.Thread.run(Thread.java:1575)
===================================================
Timestamp: 2025-01-30T14:26:34.378705200
Client Info: Username: Unknown, Address: /127.0.0.1:56167
Log Level: ERROR
Message: Error occurred while handling client: Username: Unknown, Address: /127.0.0.1:56167
Stacktrace:
java.net.SocketException: Connection reset
	at java.base/sun.nio.ch.SocketChannelImpl.throwConnectionReset(SocketChannelImpl.java:403)
	at java.base/sun.nio.ch.SocketChannelImpl.implRead(SocketChannelImpl.java:419)
	at java.base/sun.nio.ch.SocketChannelImpl.read(SocketChannelImpl.java:493)
	at bg.sofia.uni.fmi.mjt.uno.server.ClientHandler.readMessageFromClient(ClientHandler.java:54)
	at bg.sofia.uni.fmi.mjt.uno.server.ClientHandler.run(ClientHandler.java:29)
	at java.base/java.lang.Thread.run(Thread.java:1575)
===================================================
Timestamp: 2025-01-30T14:26:34.378705200
Client Info: Username: Unknown, Address: /127.0.0.1:56168
Log Level: ERROR
Message: Error occurred while handling client: Username: Unknown, Address: /127.0.0.1:56168
Stacktrace:
java.net.SocketException: Connection reset
	at java.base/sun.nio.ch.SocketChannelImpl.throwConnectionReset(SocketChannelImpl.java:403)
	at java.base/sun.nio.ch.SocketChannelImpl.implRead(SocketChannelImpl.java:419)
	at java.base/sun.nio.ch.SocketChannelImpl.read(SocketChannelImpl.java:493)
	at bg.sofia.uni.fmi.mjt.uno.server.ClientHandler.readMessageFromClient(ClientHandler.java:54)
	at bg.sofia.uni.fmi.mjt.uno.server.ClientHandler.run(ClientHandler.java:29)
	at java.base/java.lang.Thread.run(Thread.java:1575)
===================================================
Timestamp: 2025-01-30T14:26:34.418886700
Client Info: Username: Unknown, Address: /127.0.0.1:56167
Log Level: ERROR
Message: Error occurred while handling client: Username: Unknown, Address: /127.0.0.1:56167
Stacktrace:
java.net.SocketException: Connection reset
	at java.base/sun.nio.ch.SocketChannelImpl.throwConnectionReset(SocketChannelImpl.java:403)
	at java.base/sun.nio.ch.SocketChannelImpl.implRead(SocketChannelImpl.java:419)
	at java.base/sun.nio.ch.SocketChannelImpl.read(SocketChannelImpl.java:493)
	at bg.sofia.uni.fmi.mjt.uno.server.ClientHandler.readMessageFromClient(ClientHandler.java:54)
	at bg.sofia.uni.fmi.mjt.uno.server.ClientHandler.run(ClientHandler.java:29)
	at java.base/java.lang.Thread.run(Thread.java:1575)
===================================================
Timestamp: 2025-01-30T14:26:34.378705200
Client Info: Username: Unknown, Address: /127.0.0.1:56169
Log Level: ERROR
Message: Error occurred while handling client: Username: Unknown, Address: /127.0.0.1:56169
Stacktrace:
java.net.SocketException: Connection reset
	at java.base/sun.nio.ch.SocketChannelImpl.throwConnectionReset(SocketChannelImpl.java:403)
	at java.base/sun.nio.ch.SocketChannelImpl.implRead(SocketChannelImpl.java:419)
	at java.base/sun.nio.ch.SocketChannelImpl.read(SocketChannelImpl.java:493)
	at bg.sofia.uni.fmi.mjt.uno.server.ClientHandler.readMessageFromClient(ClientHandler.java:54)
	at bg.sofia.uni.fmi.mjt.uno.server.ClientHandler.run(ClientHandler.java:29)
	at java.base/java.lang.Thread.run(Thread.java:1575)
===================================================
Timestamp: 2025-01-30T14:26:34.377196600
Client Info: Username: Unknown, Address: /127.0.0.1:56167
Log Level: ERROR
Message: Error occurred while handling client: Username: Unknown, Address: /127.0.0.1:56167
Stacktrace:
java.net.SocketException: Connection reset
	at java.base/sun.nio.ch.SocketChannelImpl.throwConnectionReset(SocketChannelImpl.java:403)
	at java.base/sun.nio.ch.SocketChannelImpl.implRead(SocketChannelImpl.java:419)
	at java.base/sun.nio.ch.SocketChannelImpl.read(SocketChannelImpl.java:493)
	at bg.sofia.uni.fmi.mjt.uno.server.ClientHandler.readMessageFromClient(ClientHandler.java:54)
	at bg.sofia.uni.fmi.mjt.uno.server.ClientHandler.run(ClientHandler.java:29)
	at java.base/java.lang.Thread.run(Thread.java:1575)
===================================================
Timestamp: 2025-01-30T14:26:34.377196600
Client Info: Username: Unknown, Address: /127.0.0.1:56169
Log Level: ERROR
Message: Error occurred while handling client: Username: Unknown, Address: /127.0.0.1:56169
Stacktrace:
java.net.SocketException: Connection reset
	at java.base/sun.nio.ch.SocketChannelImpl.throwConnectionReset(SocketChannelImpl.java:403)
	at java.base/sun.nio.ch.SocketChannelImpl.implRead(SocketChannelImpl.java:419)
	at java.base/sun.nio.ch.SocketChannelImpl.read(SocketChannelImpl.java:493)
	at bg.sofia.uni.fmi.mjt.uno.server.ClientHandler.readMessageFromClient(ClientHandler.java:54)
	at bg.sofia.uni.fmi.mjt.uno.server.ClientHandler.run(ClientHandler.java:29)
	at java.base/java.lang.Thread.run(Thread.java:1575)
===================================================
Timestamp: 2025-01-30T14:26:34.420887900
Client Info: Username: Unknown, Address: /127.0.0.1:56169
Log Level: ERROR
Message: Error occurred while handling client: Username: Unknown, Address: /127.0.0.1:56169
Stacktrace:
java.net.SocketException: Connection reset
	at java.base/sun.nio.ch.SocketChannelImpl.throwConnectionReset(SocketChannelImpl.java:403)
	at java.base/sun.nio.ch.SocketChannelImpl.implRead(SocketChannelImpl.java:419)
	at java.base/sun.nio.ch.SocketChannelImpl.read(SocketChannelImpl.java:493)
	at bg.sofia.uni.fmi.mjt.uno.server.ClientHandler.readMessageFromClient(ClientHandler.java:54)
	at bg.sofia.uni.fmi.mjt.uno.server.ClientHandler.run(ClientHandler.java:29)
	at java.base/java.lang.Thread.run(Thread.java:1575)
===================================================
Timestamp: 2025-01-30T14:26:34.378705200
Client Info: Username: Unknown, Address: /127.0.0.1:56168
Log Level: ERROR
Message: Error occurred while handling client: Username: Unknown, Address: /127.0.0.1:56168
Stacktrace:
java.net.SocketException: Connection reset
	at java.base/sun.nio.ch.SocketChannelImpl.throwConnectionReset(SocketChannelImpl.java:403)
	at java.base/sun.nio.ch.SocketChannelImpl.implRead(SocketChannelImpl.java:419)
	at java.base/sun.nio.ch.SocketChannelImpl.read(SocketChannelImpl.java:493)
	at bg.sofia.uni.fmi.mjt.uno.server.ClientHandler.readMessageFromClient(ClientHandler.java:54)
	at bg.sofia.uni.fmi.mjt.uno.server.ClientHandler.run(ClientHandler.java:29)
	at java.base/java.lang.Thread.run(Thread.java:1575)
===================================================
Timestamp: 2025-01-30T14:26:34.416350400
Client Info: Username: Unknown, Address: /127.0.0.1:56169
Log Level: ERROR
Message: Error occurred while handling client: Username: Unknown, Address: /127.0.0.1:56169
Stacktrace:
java.net.SocketException: Connection reset
	at java.base/sun.nio.ch.SocketChannelImpl.throwConnectionReset(SocketChannelImpl.java:403)
	at java.base/sun.nio.ch.SocketChannelImpl.implRead(SocketChannelImpl.java:419)
	at java.base/sun.nio.ch.SocketChannelImpl.read(SocketChannelImpl.java:493)
	at bg.sofia.uni.fmi.mjt.uno.server.ClientHandler.readMessageFromClient(ClientHandler.java:54)
	at bg.sofia.uni.fmi.mjt.uno.server.ClientHandler.run(ClientHandler.java:29)
	at java.base/java.lang.Thread.run(Thread.java:1575)
===================================================
Timestamp: 2025-01-30T14:26:34.379715100
Client Info: Username: Unknown, Address: /127.0.0.1:56168
Log Level: ERROR
Message: Error occurred while handling client: Username: Unknown, Address: /127.0.0.1:56168
Stacktrace:
java.net.SocketException: Connection reset
	at java.base/sun.nio.ch.SocketChannelImpl.throwConnectionReset(SocketChannelImpl.java:403)
	at java.base/sun.nio.ch.SocketChannelImpl.implRead(SocketChannelImpl.java:419)
	at java.base/sun.nio.ch.SocketChannelImpl.read(SocketChannelImpl.java:493)
	at bg.sofia.uni.fmi.mjt.uno.server.ClientHandler.readMessageFromClient(ClientHandler.java:54)
	at bg.sofia.uni.fmi.mjt.uno.server.ClientHandler.run(ClientHandler.java:29)
	at java.base/java.lang.Thread.run(Thread.java:1575)
===================================================
Timestamp: 2025-01-30T14:26:34.379715100
Client Info: Username: Unknown, Address: /127.0.0.1:56168
Log Level: ERROR
Message: Error occurred while handling client: Username: Unknown, Address: /127.0.0.1:56168
Stacktrace:
java.net.SocketException: Connection reset
	at java.base/sun.nio.ch.SocketChannelImpl.throwConnectionReset(SocketChannelImpl.java:403)
	at java.base/sun.nio.ch.SocketChannelImpl.implRead(SocketChannelImpl.java:419)
	at java.base/sun.nio.ch.SocketChannelImpl.read(SocketChannelImpl.java:493)
	at bg.sofia.uni.fmi.mjt.uno.server.ClientHandler.readMessageFromClient(ClientHandler.java:54)
	at bg.sofia.uni.fmi.mjt.uno.server.ClientHandler.run(ClientHandler.java:29)
	at java.base/java.lang.Thread.run(Thread.java:1575)
===================================================
Timestamp: 2025-01-30T14:26:34.429402
Client Info: Username: Unknown, Address: /127.0.0.1:56167
Log Level: ERROR
Message: Error occurred while handling client: Username: Unknown, Address: /127.0.0.1:56167
Stacktrace:
java.net.SocketException: Connection reset
	at java.base/sun.nio.ch.SocketChannelImpl.throwConnectionReset(SocketChannelImpl.java:403)
	at java.base/sun.nio.ch.SocketChannelImpl.implRead(SocketChannelImpl.java:419)
	at java.base/sun.nio.ch.SocketChannelImpl.read(SocketChannelImpl.java:493)
	at bg.sofia.uni.fmi.mjt.uno.server.ClientHandler.readMessageFromClient(ClientHandler.java:54)
	at bg.sofia.uni.fmi.mjt.uno.server.ClientHandler.run(ClientHandler.java:29)
	at java.base/java.lang.Thread.run(Thread.java:1575)
===================================================
Timestamp: 2025-01-30T14:26:34.377196600
Client Info: Username: Unknown, Address: /127.0.0.1:56170
Log Level: ERROR
Message: Error occurred while handling client: Username: Unknown, Address: /127.0.0.1:56170
Stacktrace:
java.net.SocketException: Connection reset
	at java.base/sun.nio.ch.SocketChannelImpl.throwConnectionReset(SocketChannelImpl.java:403)
	at java.base/sun.nio.ch.SocketChannelImpl.implRead(SocketChannelImpl.java:419)
	at java.base/sun.nio.ch.SocketChannelImpl.read(SocketChannelImpl.java:493)
	at bg.sofia.uni.fmi.mjt.uno.server.ClientHandler.readMessageFromClient(ClientHandler.java:54)
	at bg.sofia.uni.fmi.mjt.uno.server.ClientHandler.run(ClientHandler.java:29)
	at java.base/java.lang.Thread.run(Thread.java:1575)
===================================================
Timestamp: 2025-01-30T14:26:34.379715100
Client Info: Username: Unknown, Address: /127.0.0.1:56167
Log Level: ERROR
Message: Error occurred while handling client: Username: Unknown, Address: /127.0.0.1:56167
Stacktrace:
java.net.SocketException: Connection reset
	at java.base/sun.nio.ch.SocketChannelImpl.throwConnectionReset(SocketChannelImpl.java:403)
	at java.base/sun.nio.ch.SocketChannelImpl.implRead(SocketChannelImpl.java:419)
	at java.base/sun.nio.ch.SocketChannelImpl.read(SocketChannelImpl.java:493)
	at bg.sofia.uni.fmi.mjt.uno.server.ClientHandler.readMessageFromClient(ClientHandler.java:54)
	at bg.sofia.uni.fmi.mjt.uno.server.ClientHandler.run(ClientHandler.java:29)
	at java.base/java.lang.Thread.run(Thread.java:1575)
===================================================
Timestamp: 2025-01-30T14:26:34.378705200
Client Info: Username: Unknown, Address: /127.0.0.1:56170
Log Level: ERROR
Message: Error occurred while handling client: Username: Unknown, Address: /127.0.0.1:56170
Stacktrace:
java.net.SocketException: Connection reset
	at java.base/sun.nio.ch.SocketChannelImpl.throwConnectionReset(SocketChannelImpl.java:403)
	at java.base/sun.nio.ch.SocketChannelImpl.implRead(SocketChannelImpl.java:419)
	at java.base/sun.nio.ch.SocketChannelImpl.read(SocketChannelImpl.java:493)
	at bg.sofia.uni.fmi.mjt.uno.server.ClientHandler.readMessageFromClient(ClientHandler.java:54)
	at bg.sofia.uni.fmi.mjt.uno.server.ClientHandler.run(ClientHandler.java:29)
	at java.base/java.lang.Thread.run(Thread.java:1575)
===================================================
Timestamp: 2025-01-30T14:26:34.378705200
Client Info: Username: Unknown, Address: /127.0.0.1:56169
Log Level: ERROR
Message: Error occurred while handling client: Username: Unknown, Address: /127.0.0.1:56169
Stacktrace:
java.net.SocketException: Connection reset
	at java.base/sun.nio.ch.SocketChannelImpl.throwConnectionReset(SocketChannelImpl.java:403)
	at java.base/sun.nio.ch.SocketChannelImpl.implRead(SocketChannelImpl.java:419)
	at java.base/sun.nio.ch.SocketChannelImpl.read(SocketChannelImpl.java:493)
	at bg.sofia.uni.fmi.mjt.uno.server.ClientHandler.readMessageFromClient(ClientHandler.java:54)
	at bg.sofia.uni.fmi.mjt.uno.server.ClientHandler.run(ClientHandler.java:29)
	at java.base/java.lang.Thread.run(Thread.java:1575)
===================================================
Timestamp: 2025-01-30T14:26:34.377196600
Client Info: Username: Unknown, Address: /127.0.0.1:56167
Log Level: ERROR
Message: Error occurred while handling client: Username: Unknown, Address: /127.0.0.1:56167
Stacktrace:
java.net.SocketException: Connection reset
	at java.base/sun.nio.ch.SocketChannelImpl.throwConnectionReset(SocketChannelImpl.java:403)
	at java.base/sun.nio.ch.SocketChannelImpl.implRead(SocketChannelImpl.java:419)
	at java.base/sun.nio.ch.SocketChannelImpl.read(SocketChannelImpl.java:493)
	at bg.sofia.uni.fmi.mjt.uno.server.ClientHandler.readMessageFromClient(ClientHandler.java:54)
	at bg.sofia.uni.fmi.mjt.uno.server.ClientHandler.run(ClientHandler.java:29)
	at java.base/java.lang.Thread.run(Thread.java:1575)
===================================================
Timestamp: 2025-01-30T14:26:34.377196600
Client Info: Username: Unknown, Address: /127.0.0.1:56167
Log Level: ERROR
Message: Error occurred while handling client: Username: Unknown, Address: /127.0.0.1:56167
Stacktrace:
java.net.SocketException: Connection reset
	at java.base/sun.nio.ch.SocketChannelImpl.throwConnectionReset(SocketChannelImpl.java:403)
	at java.base/sun.nio.ch.SocketChannelImpl.implRead(SocketChannelImpl.java:419)
	at java.base/sun.nio.ch.SocketChannelImpl.read(SocketChannelImpl.java:493)
	at bg.sofia.uni.fmi.mjt.uno.server.ClientHandler.readMessageFromClient(ClientHandler.java:54)
	at bg.sofia.uni.fmi.mjt.uno.server.ClientHandler.run(ClientHandler.java:29)
	at java.base/java.lang.Thread.run(Thread.java:1575)
===================================================
Timestamp: 2025-01-30T14:26:34.387699
Client Info: Username: Unknown, Address: /127.0.0.1:56168
Log Level: ERROR
Message: Error occurred while handling client: Username: Unknown, Address: /127.0.0.1:56168
Stacktrace:
java.net.SocketException: Connection reset
	at java.base/sun.nio.ch.SocketChannelImpl.throwConnectionReset(SocketChannelImpl.java:403)
	at java.base/sun.nio.ch.SocketChannelImpl.implRead(SocketChannelImpl.java:419)
	at java.base/sun.nio.ch.SocketChannelImpl.read(SocketChannelImpl.java:493)
	at bg.sofia.uni.fmi.mjt.uno.server.ClientHandler.readMessageFromClient(ClientHandler.java:54)
	at bg.sofia.uni.fmi.mjt.uno.server.ClientHandler.run(ClientHandler.java:29)
	at java.base/java.lang.Thread.run(Thread.java:1575)
===================================================
Timestamp: 2025-01-30T14:26:34.418886700
Client Info: Username: Unknown, Address: /127.0.0.1:56169
Log Level: ERROR
Message: Error occurred while handling client: Username: Unknown, Address: /127.0.0.1:56169
Stacktrace:
java.net.SocketException: Connection reset
	at java.base/sun.nio.ch.SocketChannelImpl.throwConnectionReset(SocketChannelImpl.java:403)
	at java.base/sun.nio.ch.SocketChannelImpl.implRead(SocketChannelImpl.java:419)
	at java.base/sun.nio.ch.SocketChannelImpl.read(SocketChannelImpl.java:493)
	at bg.sofia.uni.fmi.mjt.uno.server.ClientHandler.readMessageFromClient(ClientHandler.java:54)
	at bg.sofia.uni.fmi.mjt.uno.server.ClientHandler.run(ClientHandler.java:29)
	at java.base/java.lang.Thread.run(Thread.java:1575)
===================================================
Timestamp: 2025-01-30T14:26:34.416350400
Client Info: Username: Unknown, Address: /127.0.0.1:56169
Log Level: ERROR
Message: Error occurred while handling client: Username: Unknown, Address: /127.0.0.1:56169
Stacktrace:
java.net.SocketException: Connection reset
	at java.base/sun.nio.ch.SocketChannelImpl.throwConnectionReset(SocketChannelImpl.java:403)
	at java.base/sun.nio.ch.SocketChannelImpl.implRead(SocketChannelImpl.java:419)
	at java.base/sun.nio.ch.SocketChannelImpl.read(SocketChannelImpl.java:493)
	at bg.sofia.uni.fmi.mjt.uno.server.ClientHandler.readMessageFromClient(ClientHandler.java:54)
	at bg.sofia.uni.fmi.mjt.uno.server.ClientHandler.run(ClientHandler.java:29)
	at java.base/java.lang.Thread.run(Thread.java:1575)
===================================================
Timestamp: 2025-01-30T14:26:34.377196600
Client Info: Username: Unknown, Address: /127.0.0.1:56168
Log Level: ERROR
Message: Error occurred while handling client: Username: Unknown, Address: /127.0.0.1:56168
Stacktrace:
java.net.SocketException: Connection reset
	at java.base/sun.nio.ch.SocketChannelImpl.throwConnectionReset(SocketChannelImpl.java:403)
	at java.base/sun.nio.ch.SocketChannelImpl.implRead(SocketChannelImpl.java:419)
	at java.base/sun.nio.ch.SocketChannelImpl.read(SocketChannelImpl.java:493)
	at bg.sofia.uni.fmi.mjt.uno.server.ClientHandler.readMessageFromClient(ClientHandler.java:54)
	at bg.sofia.uni.fmi.mjt.uno.server.ClientHandler.run(ClientHandler.java:29)
	at java.base/java.lang.Thread.run(Thread.java:1575)
===================================================
Timestamp: 2025-01-30T14:26:34.378705200
Client Info: Username: Unknown, Address: /127.0.0.1:56167
Log Level: ERROR
Message: Error occurred while handling client: Username: Unknown, Address: /127.0.0.1:56167
Stacktrace:
java.net.SocketException: Connection reset
	at java.base/sun.nio.ch.SocketChannelImpl.throwConnectionReset(SocketChannelImpl.java:403)
	at java.base/sun.nio.ch.SocketChannelImpl.implRead(SocketChannelImpl.java:419)
	at java.base/sun.nio.ch.SocketChannelImpl.read(SocketChannelImpl.java:493)
	at bg.sofia.uni.fmi.mjt.uno.server.ClientHandler.readMessageFromClient(ClientHandler.java:54)
	at bg.sofia.uni.fmi.mjt.uno.server.ClientHandler.run(ClientHandler.java:29)
	at java.base/java.lang.Thread.run(Thread.java:1575)
===================================================
Timestamp: 2025-01-30T14:26:34.377196600
Client Info: Username: Unknown, Address: /127.0.0.1:56167
Log Level: ERROR
Message: Error occurred while handling client: Username: Unknown, Address: /127.0.0.1:56167
Stacktrace:
java.net.SocketException: Connection reset
	at java.base/sun.nio.ch.SocketChannelImpl.throwConnectionReset(SocketChannelImpl.java:403)
	at java.base/sun.nio.ch.SocketChannelImpl.implRead(SocketChannelImpl.java:419)
	at java.base/sun.nio.ch.SocketChannelImpl.read(SocketChannelImpl.java:493)
	at bg.sofia.uni.fmi.mjt.uno.server.ClientHandler.readMessageFromClient(ClientHandler.java:54)
	at bg.sofia.uni.fmi.mjt.uno.server.ClientHandler.run(ClientHandler.java:29)
	at java.base/java.lang.Thread.run(Thread.java:1575)
===================================================
Timestamp: 2025-01-30T14:26:34.378705200
Client Info: Username: Unknown, Address: /127.0.0.1:56168
Log Level: ERROR
Message: Error occurred while handling client: Username: Unknown, Address: /127.0.0.1:56168
Stacktrace:
java.net.SocketException: Connection reset
	at java.base/sun.nio.ch.SocketChannelImpl.throwConnectionReset(SocketChannelImpl.java:403)
	at java.base/sun.nio.ch.SocketChannelImpl.implRead(SocketChannelImpl.java:419)
	at java.base/sun.nio.ch.SocketChannelImpl.read(SocketChannelImpl.java:493)
	at bg.sofia.uni.fmi.mjt.uno.server.ClientHandler.readMessageFromClient(ClientHandler.java:54)
	at bg.sofia.uni.fmi.mjt.uno.server.ClientHandler.run(ClientHandler.java:29)
	at java.base/java.lang.Thread.run(Thread.java:1575)
===================================================
Timestamp: 2025-01-30T14:26:34.377196600
Client Info: Username: Unknown, Address: /127.0.0.1:56169
Log Level: ERROR
Message: Error occurred while handling client: Username: Unknown, Address: /127.0.0.1:56169
Stacktrace:
java.net.SocketException: Connection reset
	at java.base/sun.nio.ch.SocketChannelImpl.throwConnectionReset(SocketChannelImpl.java:403)
	at java.base/sun.nio.ch.SocketChannelImpl.implRead(SocketChannelImpl.java:419)
	at java.base/sun.nio.ch.SocketChannelImpl.read(SocketChannelImpl.java:493)
	at bg.sofia.uni.fmi.mjt.uno.server.ClientHandler.readMessageFromClient(ClientHandler.java:54)
	at bg.sofia.uni.fmi.mjt.uno.server.ClientHandler.run(ClientHandler.java:29)
	at java.base/java.lang.Thread.run(Thread.java:1575)
===================================================
Timestamp: 2025-01-30T14:26:34.379715100
Client Info: Username: Unknown, Address: /127.0.0.1:56167
Log Level: ERROR
Message: Error occurred while handling client: Username: Unknown, Address: /127.0.0.1:56167
Stacktrace:
java.net.SocketException: Connection reset
	at java.base/sun.nio.ch.SocketChannelImpl.throwConnectionReset(SocketChannelImpl.java:403)
	at java.base/sun.nio.ch.SocketChannelImpl.implRead(SocketChannelImpl.java:435)
	at java.base/sun.nio.ch.SocketChannelImpl.read(SocketChannelImpl.java:493)
	at bg.sofia.uni.fmi.mjt.uno.server.ClientHandler.readMessageFromClient(ClientHandler.java:54)
	at bg.sofia.uni.fmi.mjt.uno.server.ClientHandler.run(ClientHandler.java:29)
	at java.base/java.lang.Thread.run(Thread.java:1575)
===================================================
Timestamp: 2025-01-30T14:26:34.377196600
Client Info: Username: Unknown, Address: /127.0.0.1:56170
Log Level: ERROR
Message: Error occurred while handling client: Username: Unknown, Address: /127.0.0.1:56170
Stacktrace:
java.net.SocketException: Connection reset
	at java.base/sun.nio.ch.SocketChannelImpl.throwConnectionReset(SocketChannelImpl.java:403)
	at java.base/sun.nio.ch.SocketChannelImpl.implRead(SocketChannelImpl.java:419)
	at java.base/sun.nio.ch.SocketChannelImpl.read(SocketChannelImpl.java:493)
	at bg.sofia.uni.fmi.mjt.uno.server.ClientHandler.readMessageFromClient(ClientHandler.java:54)
	at bg.sofia.uni.fmi.mjt.uno.server.ClientHandler.run(ClientHandler.java:29)
	at java.base/java.lang.Thread.run(Thread.java:1575)
===================================================
Timestamp: 2025-01-30T14:26:34.419888100
Client Info: Username: Unknown, Address: /127.0.0.1:56168
Log Level: ERROR
Message: Error occurred while handling client: Username: Unknown, Address: /127.0.0.1:56168
Stacktrace:
java.net.SocketException: Connection reset
	at java.base/sun.nio.ch.SocketChannelImpl.throwConnectionReset(SocketChannelImpl.java:403)
	at java.base/sun.nio.ch.SocketChannelImpl.implRead(SocketChannelImpl.java:419)
	at java.base/sun.nio.ch.SocketChannelImpl.read(SocketChannelImpl.java:493)
	at bg.sofia.uni.fmi.mjt.uno.server.ClientHandler.readMessageFromClient(ClientHandler.java:54)
	at bg.sofia.uni.fmi.mjt.uno.server.ClientHandler.run(ClientHandler.java:29)
	at java.base/java.lang.Thread.run(Thread.java:1575)
===================================================
Timestamp: 2025-01-30T14:26:34.429402
Client Info: Username: Unknown, Address: /127.0.0.1:56167
Log Level: ERROR
Message: Error occurred while handling client: Username: Unknown, Address: /127.0.0.1:56167
Stacktrace:
java.net.SocketException: Connection reset
	at java.base/sun.nio.ch.SocketChannelImpl.throwConnectionReset(SocketChannelImpl.java:403)
	at java.base/sun.nio.ch.SocketChannelImpl.implRead(SocketChannelImpl.java:419)
	at java.base/sun.nio.ch.SocketChannelImpl.read(SocketChannelImpl.java:493)
	at bg.sofia.uni.fmi.mjt.uno.server.ClientHandler.readMessageFromClient(ClientHandler.java:54)
	at bg.sofia.uni.fmi.mjt.uno.server.ClientHandler.run(ClientHandler.java:29)
	at java.base/java.lang.Thread.run(Thread.java:1575)
===================================================
Timestamp: 2025-01-30T14:26:34.377196600
Client Info: Username: Unknown, Address: /127.0.0.1:56170
Log Level: ERROR
Message: Error occurred while handling client: Username: Unknown, Address: /127.0.0.1:56170
Stacktrace:
java.net.SocketException: Connection reset
	at java.base/sun.nio.ch.SocketChannelImpl.throwConnectionReset(SocketChannelImpl.java:403)
	at java.base/sun.nio.ch.SocketChannelImpl.implRead(SocketChannelImpl.java:419)
	at java.base/sun.nio.ch.SocketChannelImpl.read(SocketChannelImpl.java:493)
	at bg.sofia.uni.fmi.mjt.uno.server.ClientHandler.readMessageFromClient(ClientHandler.java:54)
	at bg.sofia.uni.fmi.mjt.uno.server.ClientHandler.run(ClientHandler.java:29)
	at java.base/java.lang.Thread.run(Thread.java:1575)
===================================================
Timestamp: 2025-01-30T14:26:34.413163
Client Info: Username: Unknown, Address: /127.0.0.1:56167
Log Level: ERROR
Message: Error occurred while handling client: Username: Unknown, Address: /127.0.0.1:56167
Stacktrace:
java.net.SocketException: Connection reset
	at java.base/sun.nio.ch.SocketChannelImpl.throwConnectionReset(SocketChannelImpl.java:403)
	at java.base/sun.nio.ch.SocketChannelImpl.implRead(SocketChannelImpl.java:419)
	at java.base/sun.nio.ch.SocketChannelImpl.read(SocketChannelImpl.java:493)
	at bg.sofia.uni.fmi.mjt.uno.server.ClientHandler.readMessageFromClient(ClientHandler.java:54)
	at bg.sofia.uni.fmi.mjt.uno.server.ClientHandler.run(ClientHandler.java:29)
	at java.base/java.lang.Thread.run(Thread.java:1575)
===================================================
Timestamp: 2025-01-30T14:26:34.377196600
Client Info: Username: Unknown, Address: /127.0.0.1:56169
Log Level: ERROR
Message: Error occurred while handling client: Username: Unknown, Address: /127.0.0.1:56169
Stacktrace:
java.net.SocketException: Connection reset
	at java.base/sun.nio.ch.SocketChannelImpl.throwConnectionReset(SocketChannelImpl.java:403)
	at java.base/sun.nio.ch.SocketChannelImpl.implRead(SocketChannelImpl.java:419)
	at java.base/sun.nio.ch.SocketChannelImpl.read(SocketChannelImpl.java:493)
	at bg.sofia.uni.fmi.mjt.uno.server.ClientHandler.readMessageFromClient(ClientHandler.java:54)
	at bg.sofia.uni.fmi.mjt.uno.server.ClientHandler.run(ClientHandler.java:29)
	at java.base/java.lang.Thread.run(Thread.java:1575)
===================================================
Timestamp: 2025-01-30T14:26:34.376195900
Client Info: Username: Unknown, Address: /127.0.0.1:56167
Log Level: ERROR
Message: Error occurred while handling client: Username: Unknown, Address: /127.0.0.1:56167
Stacktrace:
java.net.SocketException: Connection reset
	at java.base/sun.nio.ch.SocketChannelImpl.throwConnectionReset(SocketChannelImpl.java:403)
	at java.base/sun.nio.ch.SocketChannelImpl.implRead(SocketChannelImpl.java:419)
	at java.base/sun.nio.ch.SocketChannelImpl.read(SocketChannelImpl.java:493)
	at bg.sofia.uni.fmi.mjt.uno.server.ClientHandler.readMessageFromClient(ClientHandler.java:54)
	at bg.sofia.uni.fmi.mjt.uno.server.ClientHandler.run(ClientHandler.java:29)
	at java.base/java.lang.Thread.run(Thread.java:1575)
===================================================
Timestamp: 2025-01-30T14:26:34.418886700
Client Info: Username: Unknown, Address: /127.0.0.1:56168
Log Level: ERROR
Message: Error occurred while handling client: Username: Unknown, Address: /127.0.0.1:56168
Stacktrace:
java.net.SocketException: Connection reset
	at java.base/sun.nio.ch.SocketChannelImpl.throwConnectionReset(SocketChannelImpl.java:403)
	at java.base/sun.nio.ch.SocketChannelImpl.implRead(SocketChannelImpl.java:419)
	at java.base/sun.nio.ch.SocketChannelImpl.read(SocketChannelImpl.java:493)
	at bg.sofia.uni.fmi.mjt.uno.server.ClientHandler.readMessageFromClient(ClientHandler.java:54)
	at bg.sofia.uni.fmi.mjt.uno.server.ClientHandler.run(ClientHandler.java:29)
	at java.base/java.lang.Thread.run(Thread.java:1575)
===================================================
Timestamp: 2025-01-30T14:26:34.420887900
Client Info: Username: Unknown, Address: /127.0.0.1:56167
Log Level: ERROR
Message: Error occurred while handling client: Username: Unknown, Address: /127.0.0.1:56167
Stacktrace:
java.net.SocketException: Connection reset
	at java.base/sun.nio.ch.SocketChannelImpl.throwConnectionReset(SocketChannelImpl.java:403)
	at java.base/sun.nio.ch.SocketChannelImpl.implRead(SocketChannelImpl.java:419)
	at java.base/sun.nio.ch.SocketChannelImpl.read(SocketChannelImpl.java:493)
	at bg.sofia.uni.fmi.mjt.uno.server.ClientHandler.readMessageFromClient(ClientHandler.java:54)
	at bg.sofia.uni.fmi.mjt.uno.server.ClientHandler.run(ClientHandler.java:29)
	at java.base/java.lang.Thread.run(Thread.java:1575)
===================================================
Timestamp: 2025-01-30T14:26:34.379715100
Client Info: Username: Unknown, Address: /127.0.0.1:56167
Log Level: ERROR
Message: Error occurred while handling client: Username: Unknown, Address: /127.0.0.1:56167
Stacktrace:
java.net.SocketException: Connection reset
	at java.base/sun.nio.ch.SocketChannelImpl.throwConnectionReset(SocketChannelImpl.java:403)
	at java.base/sun.nio.ch.SocketChannelImpl.implRead(SocketChannelImpl.java:419)
	at java.base/sun.nio.ch.SocketChannelImpl.read(SocketChannelImpl.java:493)
	at bg.sofia.uni.fmi.mjt.uno.server.ClientHandler.readMessageFromClient(ClientHandler.java:54)
	at bg.sofia.uni.fmi.mjt.uno.server.ClientHandler.run(ClientHandler.java:29)
	at java.base/java.lang.Thread.run(Thread.java:1575)
===================================================
Timestamp: 2025-01-30T14:26:34.379715100
Client Info: Username: Unknown, Address: /127.0.0.1:56169
Log Level: ERROR
Message: Error occurred while handling client: Username: Unknown, Address: /127.0.0.1:56169
Stacktrace:
java.net.SocketException: Connection reset
	at java.base/sun.nio.ch.SocketChannelImpl.throwConnectionReset(SocketChannelImpl.java:403)
	at java.base/sun.nio.ch.SocketChannelImpl.implRead(SocketChannelImpl.java:419)
	at java.base/sun.nio.ch.SocketChannelImpl.read(SocketChannelImpl.java:493)
	at bg.sofia.uni.fmi.mjt.uno.server.ClientHandler.readMessageFromClient(ClientHandler.java:54)
	at bg.sofia.uni.fmi.mjt.uno.server.ClientHandler.run(ClientHandler.java:29)
	at java.base/java.lang.Thread.run(Thread.java:1575)
===================================================
Timestamp: 2025-01-30T14:26:34.379715100
Client Info: Username: Unknown, Address: /127.0.0.1:56169
Log Level: ERROR
Message: Error occurred while handling client: Username: Unknown, Address: /127.0.0.1:56169
Stacktrace:
java.net.SocketException: Connection reset
	at java.base/sun.nio.ch.SocketChannelImpl.throwConnectionReset(SocketChannelImpl.java:403)
	at java.base/sun.nio.ch.SocketChannelImpl.implRead(SocketChannelImpl.java:419)
	at java.base/sun.nio.ch.SocketChannelImpl.read(SocketChannelImpl.java:493)
	at bg.sofia.uni.fmi.mjt.uno.server.ClientHandler.readMessageFromClient(ClientHandler.java:54)
	at bg.sofia.uni.fmi.mjt.uno.server.ClientHandler.run(ClientHandler.java:29)
	at java.base/java.lang.Thread.run(Thread.java:1575)
===================================================
Timestamp: 2025-01-30T14:26:34.379715100
Client Info: Username: Unknown, Address: /127.0.0.1:56167
Log Level: ERROR
Message: Error occurred while handling client: Username: Unknown, Address: /127.0.0.1:56167
Stacktrace:
java.net.SocketException: Connection reset
	at java.base/sun.nio.ch.SocketChannelImpl.throwConnectionReset(SocketChannelImpl.java:403)
	at java.base/sun.nio.ch.SocketChannelImpl.implRead(SocketChannelImpl.java:419)
	at java.base/sun.nio.ch.SocketChannelImpl.read(SocketChannelImpl.java:493)
	at bg.sofia.uni.fmi.mjt.uno.server.ClientHandler.readMessageFromClient(ClientHandler.java:54)
	at bg.sofia.uni.fmi.mjt.uno.server.ClientHandler.run(ClientHandler.java:29)
	at java.base/java.lang.Thread.run(Thread.java:1575)
===================================================
Timestamp: 2025-01-30T14:26:34.379715100
Client Info: Username: Unknown, Address: /127.0.0.1:56169
Log Level: ERROR
Message: Error occurred while handling client: Username: Unknown, Address: /127.0.0.1:56169
Stacktrace:
java.net.SocketException: Connection reset
	at java.base/sun.nio.ch.SocketChannelImpl.throwConnectionReset(SocketChannelImpl.java:403)
	at java.base/sun.nio.ch.SocketChannelImpl.implRead(SocketChannelImpl.java:419)
	at java.base/sun.nio.ch.SocketChannelImpl.read(SocketChannelImpl.java:493)
	at bg.sofia.uni.fmi.mjt.uno.server.ClientHandler.readMessageFromClient(ClientHandler.java:54)
	at bg.sofia.uni.fmi.mjt.uno.server.ClientHandler.run(ClientHandler.java:29)
	at java.base/java.lang.Thread.run(Thread.java:1575)
===================================================
Timestamp: 2025-01-30T14:26:34.378705200
Client Info: Username: Unknown, Address: /127.0.0.1:56170
Log Level: ERROR
Message: Error occurred while handling client: Username: Unknown, Address: /127.0.0.1:56170
Stacktrace:
java.net.SocketException: Connection reset
	at java.base/sun.nio.ch.SocketChannelImpl.throwConnectionReset(SocketChannelImpl.java:403)
	at java.base/sun.nio.ch.SocketChannelImpl.implRead(SocketChannelImpl.java:419)
	at java.base/sun.nio.ch.SocketChannelImpl.read(SocketChannelImpl.java:493)
	at bg.sofia.uni.fmi.mjt.uno.server.ClientHandler.readMessageFromClient(ClientHandler.java:54)
	at bg.sofia.uni.fmi.mjt.uno.server.ClientHandler.run(ClientHandler.java:29)
	at java.base/java.lang.Thread.run(Thread.java:1575)
===================================================
Timestamp: 2025-01-30T14:26:34.377196600
Client Info: Username: Unknown, Address: /127.0.0.1:56168
Log Level: ERROR
Message: Error occurred while handling client: Username: Unknown, Address: /127.0.0.1:56168
Stacktrace:
java.net.SocketException: Connection reset
	at java.base/sun.nio.ch.SocketChannelImpl.throwConnectionReset(SocketChannelImpl.java:403)
	at java.base/sun.nio.ch.SocketChannelImpl.implRead(SocketChannelImpl.java:419)
	at java.base/sun.nio.ch.SocketChannelImpl.read(SocketChannelImpl.java:493)
	at bg.sofia.uni.fmi.mjt.uno.server.ClientHandler.readMessageFromClient(ClientHandler.java:54)
	at bg.sofia.uni.fmi.mjt.uno.server.ClientHandler.run(ClientHandler.java:29)
	at java.base/java.lang.Thread.run(Thread.java:1575)
===================================================
Timestamp: 2025-01-30T14:26:34.377196600
Client Info: Username: Unknown, Address: /127.0.0.1:56170
Log Level: ERROR
Message: Error occurred while handling client: Username: Unknown, Address: /127.0.0.1:56170
Stacktrace:
java.net.SocketException: Connection reset
	at java.base/sun.nio.ch.SocketChannelImpl.throwConnectionReset(SocketChannelImpl.java:403)
	at java.base/sun.nio.ch.SocketChannelImpl.implRead(SocketChannelImpl.java:419)
	at java.base/sun.nio.ch.SocketChannelImpl.read(SocketChannelImpl.java:493)
	at bg.sofia.uni.fmi.mjt.uno.server.ClientHandler.readMessageFromClient(ClientHandler.java:54)
	at bg.sofia.uni.fmi.mjt.uno.server.ClientHandler.run(ClientHandler.java:29)
	at java.base/java.lang.Thread.run(Thread.java:1575)
===================================================
Timestamp: 2025-01-30T14:26:34.376195900
Client Info: Username: Unknown, Address: /127.0.0.1:56167
Log Level: ERROR
Message: Error occurred while handling client: Username: Unknown, Address: /127.0.0.1:56167
Stacktrace:
java.net.SocketException: Connection reset
	at java.base/sun.nio.ch.SocketChannelImpl.throwConnectionReset(SocketChannelImpl.java:403)
	at java.base/sun.nio.ch.SocketChannelImpl.implRead(SocketChannelImpl.java:419)
	at java.base/sun.nio.ch.SocketChannelImpl.read(SocketChannelImpl.java:493)
	at bg.sofia.uni.fmi.mjt.uno.server.ClientHandler.readMessageFromClient(ClientHandler.java:54)
	at bg.sofia.uni.fmi.mjt.uno.server.ClientHandler.run(ClientHandler.java:29)
	at java.base/java.lang.Thread.run(Thread.java:1575)
===================================================
Timestamp: 2025-01-30T14:26:34.379715100
Client Info: Username: Unknown, Address: /127.0.0.1:56167
Log Level: ERROR
Message: Error occurred while handling client: Username: Unknown, Address: /127.0.0.1:56167
Stacktrace:
java.net.SocketException: Connection reset
	at java.base/sun.nio.ch.SocketChannelImpl.throwConnectionReset(SocketChannelImpl.java:403)
	at java.base/sun.nio.ch.SocketChannelImpl.implRead(SocketChannelImpl.java:419)
	at java.base/sun.nio.ch.SocketChannelImpl.read(SocketChannelImpl.java:493)
	at bg.sofia.uni.fmi.mjt.uno.server.ClientHandler.readMessageFromClient(ClientHandler.java:54)
	at bg.sofia.uni.fmi.mjt.uno.server.ClientHandler.run(ClientHandler.java:29)
	at java.base/java.lang.Thread.run(Thread.java:1575)
===================================================
Timestamp: 2025-01-30T14:26:34.377196600
Client Info: Username: Unknown, Address: /127.0.0.1:56168
Log Level: ERROR
Message: Error occurred while handling client: Username: Unknown, Address: /127.0.0.1:56168
Stacktrace:
java.net.SocketException: Connection reset
	at java.base/sun.nio.ch.SocketChannelImpl.throwConnectionReset(SocketChannelImpl.java:403)
	at java.base/sun.nio.ch.SocketChannelImpl.implRead(SocketChannelImpl.java:419)
	at java.base/sun.nio.ch.SocketChannelImpl.read(SocketChannelImpl.java:493)
	at bg.sofia.uni.fmi.mjt.uno.server.ClientHandler.readMessageFromClient(ClientHandler.java:54)
	at bg.sofia.uni.fmi.mjt.uno.server.ClientHandler.run(ClientHandler.java:29)
	at java.base/java.lang.Thread.run(Thread.java:1575)
===================================================
Timestamp: 2025-01-30T14:26:34.377196600
Client Info: Username: Unknown, Address: /127.0.0.1:56167
Log Level: ERROR
Message: Error occurred while handling client: Username: Unknown, Address: /127.0.0.1:56167
Stacktrace:
java.net.SocketException: Connection reset
	at java.base/sun.nio.ch.SocketChannelImpl.throwConnectionReset(SocketChannelImpl.java:403)
	at java.base/sun.nio.ch.SocketChannelImpl.implRead(SocketChannelImpl.java:419)
	at java.base/sun.nio.ch.SocketChannelImpl.read(SocketChannelImpl.java:493)
	at bg.sofia.uni.fmi.mjt.uno.server.ClientHandler.readMessageFromClient(ClientHandler.java:54)
	at bg.sofia.uni.fmi.mjt.uno.server.ClientHandler.run(ClientHandler.java:29)
	at java.base/java.lang.Thread.run(Thread.java:1575)
===================================================
Timestamp: 2025-01-30T14:26:34.379715100
Client Info: Username: Unknown, Address: /127.0.0.1:56169
Log Level: ERROR
Message: Error occurred while handling client: Username: Unknown, Address: /127.0.0.1:56169
Stacktrace:
java.net.SocketException: Connection reset
	at java.base/sun.nio.ch.SocketChannelImpl.throwConnectionReset(SocketChannelImpl.java:403)
	at java.base/sun.nio.ch.SocketChannelImpl.implRead(SocketChannelImpl.java:419)
	at java.base/sun.nio.ch.SocketChannelImpl.read(SocketChannelImpl.java:493)
	at bg.sofia.uni.fmi.mjt.uno.server.ClientHandler.readMessageFromClient(ClientHandler.java:54)
	at bg.sofia.uni.fmi.mjt.uno.server.ClientHandler.run(ClientHandler.java:29)
	at java.base/java.lang.Thread.run(Thread.java:1575)
===================================================
Timestamp: 2025-01-30T14:26:34.378705200
Client Info: Username: Unknown, Address: /127.0.0.1:56167
Log Level: ERROR
Message: Error occurred while handling client: Username: Unknown, Address: /127.0.0.1:56167
Stacktrace:
java.net.SocketException: Connection reset
	at java.base/sun.nio.ch.SocketChannelImpl.throwConnectionReset(SocketChannelImpl.java:403)
	at java.base/sun.nio.ch.SocketChannelImpl.implRead(SocketChannelImpl.java:419)
	at java.base/sun.nio.ch.SocketChannelImpl.read(SocketChannelImpl.java:493)
	at bg.sofia.uni.fmi.mjt.uno.server.ClientHandler.readMessageFromClient(ClientHandler.java:54)
	at bg.sofia.uni.fmi.mjt.uno.server.ClientHandler.run(ClientHandler.java:29)
	at java.base/java.lang.Thread.run(Thread.java:1575)
===================================================
Timestamp: 2025-01-30T14:26:34.403969800
Client Info: Username: Unknown, Address: /127.0.0.1:56169
Log Level: ERROR
Message: Error occurred while handling client: Username: Unknown, Address: /127.0.0.1:56169
Stacktrace:
java.net.SocketException: Connection reset
	at java.base/sun.nio.ch.SocketChannelImpl.throwConnectionReset(SocketChannelImpl.java:403)
	at java.base/sun.nio.ch.SocketChannelImpl.implRead(SocketChannelImpl.java:419)
	at java.base/sun.nio.ch.SocketChannelImpl.read(SocketChannelImpl.java:493)
	at bg.sofia.uni.fmi.mjt.uno.server.ClientHandler.readMessageFromClient(ClientHandler.java:54)
	at bg.sofia.uni.fmi.mjt.uno.server.ClientHandler.run(ClientHandler.java:29)
	at java.base/java.lang.Thread.run(Thread.java:1575)
===================================================
Timestamp: 2025-01-30T14:26:34.377196600
Client Info: Username: Unknown, Address: /127.0.0.1:56167
Log Level: ERROR
Message: Error occurred while handling client: Username: Unknown, Address: /127.0.0.1:56167
Stacktrace:
java.net.SocketException: Connection reset
	at java.base/sun.nio.ch.SocketChannelImpl.throwConnectionReset(SocketChannelImpl.java:403)
	at java.base/sun.nio.ch.SocketChannelImpl.implRead(SocketChannelImpl.java:419)
	at java.base/sun.nio.ch.SocketChannelImpl.read(SocketChannelImpl.java:493)
	at bg.sofia.uni.fmi.mjt.uno.server.ClientHandler.readMessageFromClient(ClientHandler.java:54)
	at bg.sofia.uni.fmi.mjt.uno.server.ClientHandler.run(ClientHandler.java:29)
	at java.base/java.lang.Thread.run(Thread.java:1575)
===================================================
Timestamp: 2025-01-30T14:26:34.378705200
Client Info: Username: Unknown, Address: /127.0.0.1:56167
Log Level: ERROR
Message: Error occurred while handling client: Username: Unknown, Address: /127.0.0.1:56167
Stacktrace:
java.net.SocketException: Connection reset
	at java.base/sun.nio.ch.SocketChannelImpl.throwConnectionReset(SocketChannelImpl.java:403)
	at java.base/sun.nio.ch.SocketChannelImpl.implRead(SocketChannelImpl.java:419)
	at java.base/sun.nio.ch.SocketChannelImpl.read(SocketChannelImpl.java:493)
	at bg.sofia.uni.fmi.mjt.uno.server.ClientHandler.readMessageFromClient(ClientHandler.java:54)
	at bg.sofia.uni.fmi.mjt.uno.server.ClientHandler.run(ClientHandler.java:29)
	at java.base/java.lang.Thread.run(Thread.java:1575)
===================================================
Timestamp: 2025-01-30T14:26:34.377196600
Client Info: Username: Unknown, Address: /127.0.0.1:56168
Log Level: ERROR
Message: Error occurred while handling client: Username: Unknown, Address: /127.0.0.1:56168
Stacktrace:
java.net.SocketException: Connection reset
	at java.base/sun.nio.ch.SocketChannelImpl.throwConnectionReset(SocketChannelImpl.java:403)
	at java.base/sun.nio.ch.SocketChannelImpl.implRead(SocketChannelImpl.java:419)
	at java.base/sun.nio.ch.SocketChannelImpl.read(SocketChannelImpl.java:493)
	at bg.sofia.uni.fmi.mjt.uno.server.ClientHandler.readMessageFromClient(ClientHandler.java:54)
	at bg.sofia.uni.fmi.mjt.uno.server.ClientHandler.run(ClientHandler.java:29)
	at java.base/java.lang.Thread.run(Thread.java:1575)
===================================================
Timestamp: 2025-01-30T14:26:34.377196600
Client Info: Username: Unknown, Address: /127.0.0.1:56170
Log Level: ERROR
Message: Error occurred while handling client: Username: Unknown, Address: /127.0.0.1:56170
Stacktrace:
java.net.SocketException: Connection reset
	at java.base/sun.nio.ch.SocketChannelImpl.throwConnectionReset(SocketChannelImpl.java:403)
	at java.base/sun.nio.ch.SocketChannelImpl.implRead(SocketChannelImpl.java:419)
	at java.base/sun.nio.ch.SocketChannelImpl.read(SocketChannelImpl.java:493)
	at bg.sofia.uni.fmi.mjt.uno.server.ClientHandler.readMessageFromClient(ClientHandler.java:54)
	at bg.sofia.uni.fmi.mjt.uno.server.ClientHandler.run(ClientHandler.java:29)
	at java.base/java.lang.Thread.run(Thread.java:1575)
===================================================
Timestamp: 2025-01-30T14:26:34.377196600
Client Info: Username: Unknown, Address: /127.0.0.1:56170
Log Level: ERROR
Message: Error occurred while handling client: Username: Unknown, Address: /127.0.0.1:56170
Stacktrace:
java.net.SocketException: Connection reset
	at java.base/sun.nio.ch.SocketChannelImpl.throwConnectionReset(SocketChannelImpl.java:403)
	at java.base/sun.nio.ch.SocketChannelImpl.implRead(SocketChannelImpl.java:419)
	at java.base/sun.nio.ch.SocketChannelImpl.read(SocketChannelImpl.java:493)
	at bg.sofia.uni.fmi.mjt.uno.server.ClientHandler.readMessageFromClient(ClientHandler.java:54)
	at bg.sofia.uni.fmi.mjt.uno.server.ClientHandler.run(ClientHandler.java:29)
	at java.base/java.lang.Thread.run(Thread.java:1575)
===================================================
Timestamp: 2025-01-30T14:26:34.378705200
Client Info: Username: Unknown, Address: /127.0.0.1:56168
Log Level: ERROR
Message: Error occurred while handling client: Username: Unknown, Address: /127.0.0.1:56168
Stacktrace:
java.net.SocketException: Connection reset
	at java.base/sun.nio.ch.SocketChannelImpl.throwConnectionReset(SocketChannelImpl.java:403)
	at java.base/sun.nio.ch.SocketChannelImpl.implRead(SocketChannelImpl.java:419)
	at java.base/sun.nio.ch.SocketChannelImpl.read(SocketChannelImpl.java:493)
	at bg.sofia.uni.fmi.mjt.uno.server.ClientHandler.readMessageFromClient(ClientHandler.java:54)
	at bg.sofia.uni.fmi.mjt.uno.server.ClientHandler.run(ClientHandler.java:29)
	at java.base/java.lang.Thread.run(Thread.java:1575)
===================================================
Timestamp: 2025-01-30T14:26:34.379715100
Client Info: Username: Unknown, Address: /127.0.0.1:56167
Log Level: ERROR
Message: Error occurred while handling client: Username: Unknown, Address: /127.0.0.1:56167
Stacktrace:
java.net.SocketException: Connection reset
	at java.base/sun.nio.ch.SocketChannelImpl.throwConnectionReset(SocketChannelImpl.java:403)
	at java.base/sun.nio.ch.SocketChannelImpl.implRead(SocketChannelImpl.java:419)
	at java.base/sun.nio.ch.SocketChannelImpl.read(SocketChannelImpl.java:493)
	at bg.sofia.uni.fmi.mjt.uno.server.ClientHandler.readMessageFromClient(ClientHandler.java:54)
	at bg.sofia.uni.fmi.mjt.uno.server.ClientHandler.run(ClientHandler.java:29)
	at java.base/java.lang.Thread.run(Thread.java:1575)
===================================================
Timestamp: 2025-01-30T14:26:34.376195900
Client Info: Username: Unknown, Address: /127.0.0.1:56170
Log Level: ERROR
Message: Error occurred while handling client: Username: Unknown, Address: /127.0.0.1:56170
Stacktrace:
java.net.SocketException: Connection reset
	at java.base/sun.nio.ch.SocketChannelImpl.throwConnectionReset(SocketChannelImpl.java:403)
	at java.base/sun.nio.ch.SocketChannelImpl.implRead(SocketChannelImpl.java:419)
	at java.base/sun.nio.ch.SocketChannelImpl.read(SocketChannelImpl.java:493)
	at bg.sofia.uni.fmi.mjt.uno.server.ClientHandler.readMessageFromClient(ClientHandler.java:54)
	at bg.sofia.uni.fmi.mjt.uno.server.ClientHandler.run(ClientHandler.java:29)
	at java.base/java.lang.Thread.run(Thread.java:1575)
===================================================
Timestamp: 2025-01-30T14:26:34.377196600
Client Info: Username: Unknown, Address: /127.0.0.1:56169
Log Level: ERROR
Message: Error occurred while handling client: Username: Unknown, Address: /127.0.0.1:56169
Stacktrace:
java.net.SocketException: Connection reset
	at java.base/sun.nio.ch.SocketChannelImpl.throwConnectionReset(SocketChannelImpl.java:403)
	at java.base/sun.nio.ch.SocketChannelImpl.implRead(SocketChannelImpl.java:419)
	at java.base/sun.nio.ch.SocketChannelImpl.read(SocketChannelImpl.java:493)
	at bg.sofia.uni.fmi.mjt.uno.server.ClientHandler.readMessageFromClient(ClientHandler.java:54)
	at bg.sofia.uni.fmi.mjt.uno.server.ClientHandler.run(ClientHandler.java:29)
	at java.base/java.lang.Thread.run(Thread.java:1575)
===================================================
Timestamp: 2025-01-30T14:26:34.377196600
Client Info: Username: Unknown, Address: /127.0.0.1:56169
Log Level: ERROR
Message: Error occurred while handling client: Username: Unknown, Address: /127.0.0.1:56169
Stacktrace:
java.net.SocketException: Connection reset
	at java.base/sun.nio.ch.SocketChannelImpl.throwConnectionReset(SocketChannelImpl.java:403)
	at java.base/sun.nio.ch.SocketChannelImpl.implRead(SocketChannelImpl.java:419)
	at java.base/sun.nio.ch.SocketChannelImpl.read(SocketChannelImpl.java:493)
	at bg.sofia.uni.fmi.mjt.uno.server.ClientHandler.readMessageFromClient(ClientHandler.java:54)
	at bg.sofia.uni.fmi.mjt.uno.server.ClientHandler.run(ClientHandler.java:29)
	at java.base/java.lang.Thread.run(Thread.java:1575)
===================================================
Timestamp: 2025-01-30T14:26:34.377196600
Client Info: Username: Unknown, Address: /127.0.0.1:56170
Log Level: ERROR
Message: Error occurred while handling client: Username: Unknown, Address: /127.0.0.1:56170
Stacktrace:
java.net.SocketException: Connection reset
	at java.base/sun.nio.ch.SocketChannelImpl.throwConnectionReset(SocketChannelImpl.java:403)
	at java.base/sun.nio.ch.SocketChannelImpl.implRead(SocketChannelImpl.java:419)
	at java.base/sun.nio.ch.SocketChannelImpl.read(SocketChannelImpl.java:493)
	at bg.sofia.uni.fmi.mjt.uno.server.ClientHandler.readMessageFromClient(ClientHandler.java:54)
	at bg.sofia.uni.fmi.mjt.uno.server.ClientHandler.run(ClientHandler.java:29)
	at java.base/java.lang.Thread.run(Thread.java:1575)
===================================================
Timestamp: 2025-01-30T14:26:34.378705200
Client Info: Username: Unknown, Address: /127.0.0.1:56169
Log Level: ERROR
Message: Error occurred while handling client: Username: Unknown, Address: /127.0.0.1:56169
Stacktrace:
java.net.SocketException: Connection reset
	at java.base/sun.nio.ch.SocketChannelImpl.throwConnectionReset(SocketChannelImpl.java:403)
	at java.base/sun.nio.ch.SocketChannelImpl.implRead(SocketChannelImpl.java:419)
	at java.base/sun.nio.ch.SocketChannelImpl.read(SocketChannelImpl.java:493)
	at bg.sofia.uni.fmi.mjt.uno.server.ClientHandler.readMessageFromClient(ClientHandler.java:54)
	at bg.sofia.uni.fmi.mjt.uno.server.ClientHandler.run(ClientHandler.java:29)
	at java.base/java.lang.Thread.run(Thread.java:1575)
===================================================
Timestamp: 2025-01-30T14:26:34.376195900
Client Info: Username: Unknown, Address: /127.0.0.1:56168
Log Level: ERROR
Message: Error occurred while handling client: Username: Unknown, Address: /127.0.0.1:56168
Stacktrace:
java.net.SocketException: Connection reset
	at java.base/sun.nio.ch.SocketChannelImpl.throwConnectionReset(SocketChannelImpl.java:403)
	at java.base/sun.nio.ch.SocketChannelImpl.implRead(SocketChannelImpl.java:419)
	at java.base/sun.nio.ch.SocketChannelImpl.read(SocketChannelImpl.java:493)
	at bg.sofia.uni.fmi.mjt.uno.server.ClientHandler.readMessageFromClient(ClientHandler.java:54)
	at bg.sofia.uni.fmi.mjt.uno.server.ClientHandler.run(ClientHandler.java:29)
	at java.base/java.lang.Thread.run(Thread.java:1575)
===================================================
Timestamp: 2025-01-30T14:26:34.376195900
Client Info: Username: Unknown, Address: /127.0.0.1:56169
Log Level: ERROR
Message: Error occurred while handling client: Username: Unknown, Address: /127.0.0.1:56169
Stacktrace:
java.net.SocketException: Connection reset
	at java.base/sun.nio.ch.SocketChannelImpl.throwConnectionReset(SocketChannelImpl.java:403)
	at java.base/sun.nio.ch.SocketChannelImpl.implRead(SocketChannelImpl.java:419)
	at java.base/sun.nio.ch.SocketChannelImpl.read(SocketChannelImpl.java:493)
	at bg.sofia.uni.fmi.mjt.uno.server.ClientHandler.readMessageFromClient(ClientHandler.java:54)
	at bg.sofia.uni.fmi.mjt.uno.server.ClientHandler.run(ClientHandler.java:29)
	at java.base/java.lang.Thread.run(Thread.java:1575)
===================================================
Timestamp: 2025-01-30T14:26:34.378705200
Client Info: Username: Unknown, Address: /127.0.0.1:56168
Log Level: ERROR
Message: Error occurred while handling client: Username: Unknown, Address: /127.0.0.1:56168
Stacktrace:
java.net.SocketException: Connection reset
	at java.base/sun.nio.ch.SocketChannelImpl.throwConnectionReset(SocketChannelImpl.java:403)
	at java.base/sun.nio.ch.SocketChannelImpl.implRead(SocketChannelImpl.java:419)
	at java.base/sun.nio.ch.SocketChannelImpl.read(SocketChannelImpl.java:493)
	at bg.sofia.uni.fmi.mjt.uno.server.ClientHandler.readMessageFromClient(ClientHandler.java:54)
	at bg.sofia.uni.fmi.mjt.uno.server.ClientHandler.run(ClientHandler.java:29)
	at java.base/java.lang.Thread.run(Thread.java:1575)
===================================================
Timestamp: 2025-01-30T14:26:34.376195900
Client Info: Username: Unknown, Address: /127.0.0.1:56169
Log Level: ERROR
Message: Error occurred while handling client: Username: Unknown, Address: /127.0.0.1:56169
Stacktrace:
java.net.SocketException: Connection reset
	at java.base/sun.nio.ch.SocketChannelImpl.throwConnectionReset(SocketChannelImpl.java:403)
	at java.base/sun.nio.ch.SocketChannelImpl.implRead(SocketChannelImpl.java:419)
	at java.base/sun.nio.ch.SocketChannelImpl.read(SocketChannelImpl.java:493)
	at bg.sofia.uni.fmi.mjt.uno.server.ClientHandler.readMessageFromClient(ClientHandler.java:54)
	at bg.sofia.uni.fmi.mjt.uno.server.ClientHandler.run(ClientHandler.java:29)
	at java.base/java.lang.Thread.run(Thread.java:1575)
===================================================
Timestamp: 2025-01-30T14:26:34.379715100
Client Info: Username: Unknown, Address: /127.0.0.1:56167
Log Level: ERROR
Message: Error occurred while handling client: Username: Unknown, Address: /127.0.0.1:56167
Stacktrace:
java.net.SocketException: Connection reset
	at java.base/sun.nio.ch.SocketChannelImpl.throwConnectionReset(SocketChannelImpl.java:403)
	at java.base/sun.nio.ch.SocketChannelImpl.implRead(SocketChannelImpl.java:419)
	at java.base/sun.nio.ch.SocketChannelImpl.read(SocketChannelImpl.java:493)
	at bg.sofia.uni.fmi.mjt.uno.server.ClientHandler.readMessageFromClient(ClientHandler.java:54)
	at bg.sofia.uni.fmi.mjt.uno.server.ClientHandler.run(ClientHandler.java:29)
	at java.base/java.lang.Thread.run(Thread.java:1575)
===================================================
Timestamp: 2025-01-30T14:26:34.377196600
Client Info: Username: Unknown, Address: /127.0.0.1:56167
Log Level: ERROR
Message: Error occurred while handling client: Username: Unknown, Address: /127.0.0.1:56167
Stacktrace:
java.net.SocketException: Connection reset
	at java.base/sun.nio.ch.SocketChannelImpl.throwConnectionReset(SocketChannelImpl.java:403)
	at java.base/sun.nio.ch.SocketChannelImpl.implRead(SocketChannelImpl.java:419)
	at java.base/sun.nio.ch.SocketChannelImpl.read(SocketChannelImpl.java:493)
	at bg.sofia.uni.fmi.mjt.uno.server.ClientHandler.readMessageFromClient(ClientHandler.java:54)
	at bg.sofia.uni.fmi.mjt.uno.server.ClientHandler.run(ClientHandler.java:29)
	at java.base/java.lang.Thread.run(Thread.java:1575)
===================================================
Timestamp: 2025-01-30T14:26:34.377196600
Client Info: Username: Unknown, Address: /127.0.0.1:56169
Log Level: ERROR
Message: Error occurred while handling client: Username: Unknown, Address: /127.0.0.1:56169
Stacktrace:
java.net.SocketException: Connection reset
	at java.base/sun.nio.ch.SocketChannelImpl.throwConnectionReset(SocketChannelImpl.java:403)
	at java.base/sun.nio.ch.SocketChannelImpl.implRead(SocketChannelImpl.java:419)
	at java.base/sun.nio.ch.SocketChannelImpl.read(SocketChannelImpl.java:493)
	at bg.sofia.uni.fmi.mjt.uno.server.ClientHandler.readMessageFromClient(ClientHandler.java:54)
	at bg.sofia.uni.fmi.mjt.uno.server.ClientHandler.run(ClientHandler.java:29)
	at java.base/java.lang.Thread.run(Thread.java:1575)
===================================================
Timestamp: 2025-01-30T14:26:34.377196600
Client Info: Username: Unknown, Address: /127.0.0.1:56168
Log Level: ERROR
Message: Error occurred while handling client: Username: Unknown, Address: /127.0.0.1:56168
Stacktrace:
java.net.SocketException: Connection reset
	at java.base/sun.nio.ch.SocketChannelImpl.throwConnectionReset(SocketChannelImpl.java:403)
	at java.base/sun.nio.ch.SocketChannelImpl.implRead(SocketChannelImpl.java:419)
	at java.base/sun.nio.ch.SocketChannelImpl.read(SocketChannelImpl.java:493)
	at bg.sofia.uni.fmi.mjt.uno.server.ClientHandler.readMessageFromClient(ClientHandler.java:54)
	at bg.sofia.uni.fmi.mjt.uno.server.ClientHandler.run(ClientHandler.java:29)
	at java.base/java.lang.Thread.run(Thread.java:1575)
===================================================
Timestamp: 2025-01-30T14:26:34.377196600
Client Info: Username: Unknown, Address: /127.0.0.1:56170
Log Level: ERROR
Message: Error occurred while handling client: Username: Unknown, Address: /127.0.0.1:56170
Stacktrace:
java.net.SocketException: Connection reset
	at java.base/sun.nio.ch.SocketChannelImpl.throwConnectionReset(SocketChannelImpl.java:403)
	at java.base/sun.nio.ch.SocketChannelImpl.implRead(SocketChannelImpl.java:419)
	at java.base/sun.nio.ch.SocketChannelImpl.read(SocketChannelImpl.java:493)
	at bg.sofia.uni.fmi.mjt.uno.server.ClientHandler.readMessageFromClient(ClientHandler.java:54)
	at bg.sofia.uni.fmi.mjt.uno.server.ClientHandler.run(ClientHandler.java:29)
	at java.base/java.lang.Thread.run(Thread.java:1575)
===================================================
Timestamp: 2025-01-30T14:26:34.377196600
Client Info: Username: Unknown, Address: /127.0.0.1:56170
Log Level: ERROR
Message: Error occurred while handling client: Username: Unknown, Address: /127.0.0.1:56170
Stacktrace:
java.net.SocketException: Connection reset
	at java.base/sun.nio.ch.SocketChannelImpl.throwConnectionReset(SocketChannelImpl.java:403)
	at java.base/sun.nio.ch.SocketChannelImpl.implRead(SocketChannelImpl.java:419)
	at java.base/sun.nio.ch.SocketChannelImpl.read(SocketChannelImpl.java:493)
	at bg.sofia.uni.fmi.mjt.uno.server.ClientHandler.readMessageFromClient(ClientHandler.java:54)
	at bg.sofia.uni.fmi.mjt.uno.server.ClientHandler.run(ClientHandler.java:29)
	at java.base/java.lang.Thread.run(Thread.java:1575)
===================================================
Timestamp: 2025-01-30T14:26:34.377196600
Client Info: Username: Unknown, Address: /127.0.0.1:56167
Log Level: ERROR
Message: Error occurred while handling client: Username: Unknown, Address: /127.0.0.1:56167
Stacktrace:
java.net.SocketException: Connection reset
	at java.base/sun.nio.ch.SocketChannelImpl.throwConnectionReset(SocketChannelImpl.java:403)
	at java.base/sun.nio.ch.SocketChannelImpl.implRead(SocketChannelImpl.java:419)
	at java.base/sun.nio.ch.SocketChannelImpl.read(SocketChannelImpl.java:493)
	at bg.sofia.uni.fmi.mjt.uno.server.ClientHandler.readMessageFromClient(ClientHandler.java:54)
	at bg.sofia.uni.fmi.mjt.uno.server.ClientHandler.run(ClientHandler.java:29)
	at java.base/java.lang.Thread.run(Thread.java:1575)
===================================================
Timestamp: 2025-01-30T14:26:34.377196600
Client Info: Username: Unknown, Address: /127.0.0.1:56168
Log Level: ERROR
Message: Error occurred while handling client: Username: Unknown, Address: /127.0.0.1:56168
Stacktrace:
java.net.SocketException: Connection reset
	at java.base/sun.nio.ch.SocketChannelImpl.throwConnectionReset(SocketChannelImpl.java:403)
	at java.base/sun.nio.ch.SocketChannelImpl.implRead(SocketChannelImpl.java:435)
	at java.base/sun.nio.ch.SocketChannelImpl.read(SocketChannelImpl.java:493)
	at bg.sofia.uni.fmi.mjt.uno.server.ClientHandler.readMessageFromClient(ClientHandler.java:54)
	at bg.sofia.uni.fmi.mjt.uno.server.ClientHandler.run(ClientHandler.java:29)
	at java.base/java.lang.Thread.run(Thread.java:1575)
===================================================
Timestamp: 2025-01-30T14:26:34.377196600
Client Info: Username: Unknown, Address: /127.0.0.1:56169
Log Level: ERROR
Message: Error occurred while handling client: Username: Unknown, Address: /127.0.0.1:56169
Stacktrace:
java.net.SocketException: Connection reset
	at java.base/sun.nio.ch.SocketChannelImpl.throwConnectionReset(SocketChannelImpl.java:403)
	at java.base/sun.nio.ch.SocketChannelImpl.implRead(SocketChannelImpl.java:419)
	at java.base/sun.nio.ch.SocketChannelImpl.read(SocketChannelImpl.java:493)
	at bg.sofia.uni.fmi.mjt.uno.server.ClientHandler.readMessageFromClient(ClientHandler.java:54)
	at bg.sofia.uni.fmi.mjt.uno.server.ClientHandler.run(ClientHandler.java:29)
	at java.base/java.lang.Thread.run(Thread.java:1575)
===================================================
Timestamp: 2025-01-30T14:26:34.392487300
Client Info: Username: Unknown, Address: /127.0.0.1:56169
Log Level: ERROR
Message: Error occurred while handling client: Username: Unknown, Address: /127.0.0.1:56169
Stacktrace:
java.net.SocketException: Connection reset
	at java.base/sun.nio.ch.SocketChannelImpl.throwConnectionReset(SocketChannelImpl.java:403)
	at java.base/sun.nio.ch.SocketChannelImpl.implRead(SocketChannelImpl.java:419)
	at java.base/sun.nio.ch.SocketChannelImpl.read(SocketChannelImpl.java:493)
	at bg.sofia.uni.fmi.mjt.uno.server.ClientHandler.readMessageFromClient(ClientHandler.java:54)
	at bg.sofia.uni.fmi.mjt.uno.server.ClientHandler.run(ClientHandler.java:29)
	at java.base/java.lang.Thread.run(Thread.java:1575)
===================================================
Timestamp: 2025-01-30T14:26:34.377196600
Client Info: Username: Unknown, Address: /127.0.0.1:56169
Log Level: ERROR
Message: Error occurred while handling client: Username: Unknown, Address: /127.0.0.1:56169
Stacktrace:
java.net.SocketException: Connection reset
	at java.base/sun.nio.ch.SocketChannelImpl.throwConnectionReset(SocketChannelImpl.java:403)
	at java.base/sun.nio.ch.SocketChannelImpl.implRead(SocketChannelImpl.java:419)
	at java.base/sun.nio.ch.SocketChannelImpl.read(SocketChannelImpl.java:493)
	at bg.sofia.uni.fmi.mjt.uno.server.ClientHandler.readMessageFromClient(ClientHandler.java:54)
	at bg.sofia.uni.fmi.mjt.uno.server.ClientHandler.run(ClientHandler.java:29)
	at java.base/java.lang.Thread.run(Thread.java:1575)
===================================================
Timestamp: 2025-01-30T14:26:34.376195900
Client Info: Username: Unknown, Address: /127.0.0.1:56170
Log Level: ERROR
Message: Error occurred while handling client: Username: Unknown, Address: /127.0.0.1:56170
Stacktrace:
java.net.SocketException: Connection reset
	at java.base/sun.nio.ch.SocketChannelImpl.throwConnectionReset(SocketChannelImpl.java:403)
	at java.base/sun.nio.ch.SocketChannelImpl.implRead(SocketChannelImpl.java:419)
	at java.base/sun.nio.ch.SocketChannelImpl.read(SocketChannelImpl.java:493)
	at bg.sofia.uni.fmi.mjt.uno.server.ClientHandler.readMessageFromClient(ClientHandler.java:54)
	at bg.sofia.uni.fmi.mjt.uno.server.ClientHandler.run(ClientHandler.java:29)
	at java.base/java.lang.Thread.run(Thread.java:1575)
===================================================
Timestamp: 2025-01-30T14:26:34.378705200
Client Info: Username: Unknown, Address: /127.0.0.1:56169
Log Level: ERROR
Message: Error occurred while handling client: Username: Unknown, Address: /127.0.0.1:56169
Stacktrace:
java.net.SocketException: Connection reset
	at java.base/sun.nio.ch.SocketChannelImpl.throwConnectionReset(SocketChannelImpl.java:403)
	at java.base/sun.nio.ch.SocketChannelImpl.implRead(SocketChannelImpl.java:435)
	at java.base/sun.nio.ch.SocketChannelImpl.read(SocketChannelImpl.java:493)
	at bg.sofia.uni.fmi.mjt.uno.server.ClientHandler.readMessageFromClient(ClientHandler.java:54)
	at bg.sofia.uni.fmi.mjt.uno.server.ClientHandler.run(ClientHandler.java:29)
	at java.base/java.lang.Thread.run(Thread.java:1575)
===================================================
Timestamp: 2025-01-30T14:26:34.378705200
Client Info: Username: Unknown, Address: /127.0.0.1:56167
Log Level: ERROR
Message: Error occurred while handling client: Username: Unknown, Address: /127.0.0.1:56167
Stacktrace:
java.net.SocketException: Connection reset
	at java.base/sun.nio.ch.SocketChannelImpl.throwConnectionReset(SocketChannelImpl.java:403)
	at java.base/sun.nio.ch.SocketChannelImpl.implRead(SocketChannelImpl.java:419)
	at java.base/sun.nio.ch.SocketChannelImpl.read(SocketChannelImpl.java:493)
	at bg.sofia.uni.fmi.mjt.uno.server.ClientHandler.readMessageFromClient(ClientHandler.java:54)
	at bg.sofia.uni.fmi.mjt.uno.server.ClientHandler.run(ClientHandler.java:29)
	at java.base/java.lang.Thread.run(Thread.java:1575)
===================================================
Timestamp: 2025-01-30T14:26:34.377196600
Client Info: Username: Unknown, Address: /127.0.0.1:56169
Log Level: ERROR
Message: Error occurred while handling client: Username: Unknown, Address: /127.0.0.1:56169
Stacktrace:
java.net.SocketException: Connection reset
	at java.base/sun.nio.ch.SocketChannelImpl.throwConnectionReset(SocketChannelImpl.java:403)
	at java.base/sun.nio.ch.SocketChannelImpl.implRead(SocketChannelImpl.java:419)
	at java.base/sun.nio.ch.SocketChannelImpl.read(SocketChannelImpl.java:493)
	at bg.sofia.uni.fmi.mjt.uno.server.ClientHandler.readMessageFromClient(ClientHandler.java:54)
	at bg.sofia.uni.fmi.mjt.uno.server.ClientHandler.run(ClientHandler.java:29)
	at java.base/java.lang.Thread.run(Thread.java:1575)
===================================================
Timestamp: 2025-01-30T14:26:34.377196600
Client Info: Username: Unknown, Address: /127.0.0.1:56170
Log Level: ERROR
Message: Error occurred while handling client: Username: Unknown, Address: /127.0.0.1:56170
Stacktrace:
java.net.SocketException: Connection reset
	at java.base/sun.nio.ch.SocketChannelImpl.throwConnectionReset(SocketChannelImpl.java:403)
	at java.base/sun.nio.ch.SocketChannelImpl.implRead(SocketChannelImpl.java:419)
	at java.base/sun.nio.ch.SocketChannelImpl.read(SocketChannelImpl.java:493)
	at bg.sofia.uni.fmi.mjt.uno.server.ClientHandler.readMessageFromClient(ClientHandler.java:54)
	at bg.sofia.uni.fmi.mjt.uno.server.ClientHandler.run(ClientHandler.java:29)
	at java.base/java.lang.Thread.run(Thread.java:1575)
===================================================
Timestamp: 2025-01-30T14:26:34.413163
Client Info: Username: Unknown, Address: /127.0.0.1:56169
Log Level: ERROR
Message: Error occurred while handling client: Username: Unknown, Address: /127.0.0.1:56169
Stacktrace:
java.net.SocketException: Connection reset
	at java.base/sun.nio.ch.SocketChannelImpl.throwConnectionReset(SocketChannelImpl.java:403)
	at java.base/sun.nio.ch.SocketChannelImpl.implRead(SocketChannelImpl.java:419)
	at java.base/sun.nio.ch.SocketChannelImpl.read(SocketChannelImpl.java:493)
	at bg.sofia.uni.fmi.mjt.uno.server.ClientHandler.readMessageFromClient(ClientHandler.java:54)
	at bg.sofia.uni.fmi.mjt.uno.server.ClientHandler.run(ClientHandler.java:29)
	at java.base/java.lang.Thread.run(Thread.java:1575)
===================================================
Timestamp: 2025-01-30T14:26:34.377196600
Client Info: Username: Unknown, Address: /127.0.0.1:56170
Log Level: ERROR
Message: Error occurred while handling client: Username: Unknown, Address: /127.0.0.1:56170
Stacktrace:
java.net.SocketException: Connection reset
	at java.base/sun.nio.ch.SocketChannelImpl.throwConnectionReset(SocketChannelImpl.java:403)
	at java.base/sun.nio.ch.SocketChannelImpl.implRead(SocketChannelImpl.java:419)
	at java.base/sun.nio.ch.SocketChannelImpl.read(SocketChannelImpl.java:493)
	at bg.sofia.uni.fmi.mjt.uno.server.ClientHandler.readMessageFromClient(ClientHandler.java:54)
	at bg.sofia.uni.fmi.mjt.uno.server.ClientHandler.run(ClientHandler.java:29)
	at java.base/java.lang.Thread.run(Thread.java:1575)
===================================================
Timestamp: 2025-01-30T14:26:34.378705200
Client Info: Username: Unknown, Address: /127.0.0.1:56167
Log Level: ERROR
Message: Error occurred while handling client: Username: Unknown, Address: /127.0.0.1:56167
Stacktrace:
java.net.SocketException: Connection reset
	at java.base/sun.nio.ch.SocketChannelImpl.throwConnectionReset(SocketChannelImpl.java:403)
	at java.base/sun.nio.ch.SocketChannelImpl.implRead(SocketChannelImpl.java:419)
	at java.base/sun.nio.ch.SocketChannelImpl.read(SocketChannelImpl.java:493)
	at bg.sofia.uni.fmi.mjt.uno.server.ClientHandler.readMessageFromClient(ClientHandler.java:54)
	at bg.sofia.uni.fmi.mjt.uno.server.ClientHandler.run(ClientHandler.java:29)
	at java.base/java.lang.Thread.run(Thread.java:1575)
===================================================
Timestamp: 2025-01-30T14:26:34.379715100
Client Info: Username: Unknown, Address: /127.0.0.1:56167
Log Level: ERROR
Message: Error occurred while handling client: Username: Unknown, Address: /127.0.0.1:56167
Stacktrace:
java.net.SocketException: Connection reset
	at java.base/sun.nio.ch.SocketChannelImpl.throwConnectionReset(SocketChannelImpl.java:403)
	at java.base/sun.nio.ch.SocketChannelImpl.implRead(SocketChannelImpl.java:419)
	at java.base/sun.nio.ch.SocketChannelImpl.read(SocketChannelImpl.java:493)
	at bg.sofia.uni.fmi.mjt.uno.server.ClientHandler.readMessageFromClient(ClientHandler.java:54)
	at bg.sofia.uni.fmi.mjt.uno.server.ClientHandler.run(ClientHandler.java:29)
	at java.base/java.lang.Thread.run(Thread.java:1575)
===================================================
Timestamp: 2025-01-30T14:26:34.378705200
Client Info: Username: Unknown, Address: /127.0.0.1:56167
Log Level: ERROR
Message: Error occurred while handling client: Username: Unknown, Address: /127.0.0.1:56167
Stacktrace:
java.net.SocketException: Connection reset
	at java.base/sun.nio.ch.SocketChannelImpl.throwConnectionReset(SocketChannelImpl.java:403)
	at java.base/sun.nio.ch.SocketChannelImpl.implRead(SocketChannelImpl.java:419)
	at java.base/sun.nio.ch.SocketChannelImpl.read(SocketChannelImpl.java:493)
	at bg.sofia.uni.fmi.mjt.uno.server.ClientHandler.readMessageFromClient(ClientHandler.java:54)
	at bg.sofia.uni.fmi.mjt.uno.server.ClientHandler.run(ClientHandler.java:29)
	at java.base/java.lang.Thread.run(Thread.java:1575)
===================================================
Timestamp: 2025-01-30T14:26:34.433402400
Client Info: Username: Unknown, Address: /127.0.0.1:56167
Log Level: ERROR
Message: Error occurred while handling client: Username: Unknown, Address: /127.0.0.1:56167
Stacktrace:
java.net.SocketException: Connection reset
	at java.base/sun.nio.ch.SocketChannelImpl.throwConnectionReset(SocketChannelImpl.java:403)
	at java.base/sun.nio.ch.SocketChannelImpl.implRead(SocketChannelImpl.java:419)
	at java.base/sun.nio.ch.SocketChannelImpl.read(SocketChannelImpl.java:493)
	at bg.sofia.uni.fmi.mjt.uno.server.ClientHandler.readMessageFromClient(ClientHandler.java:54)
	at bg.sofia.uni.fmi.mjt.uno.server.ClientHandler.run(ClientHandler.java:29)
	at java.base/java.lang.Thread.run(Thread.java:1575)
===================================================
Timestamp: 2025-01-30T14:26:34.378705200
Client Info: Username: Unknown, Address: /127.0.0.1:56168
Log Level: ERROR
Message: Error occurred while handling client: Username: Unknown, Address: /127.0.0.1:56168
Stacktrace:
java.net.SocketException: Connection reset
	at java.base/sun.nio.ch.SocketChannelImpl.throwConnectionReset(SocketChannelImpl.java:403)
	at java.base/sun.nio.ch.SocketChannelImpl.implRead(SocketChannelImpl.java:419)
	at java.base/sun.nio.ch.SocketChannelImpl.read(SocketChannelImpl.java:493)
	at bg.sofia.uni.fmi.mjt.uno.server.ClientHandler.readMessageFromClient(ClientHandler.java:54)
	at bg.sofia.uni.fmi.mjt.uno.server.ClientHandler.run(ClientHandler.java:29)
	at java.base/java.lang.Thread.run(Thread.java:1575)
===================================================
Timestamp: 2025-01-30T14:26:34.377196600
Client Info: Username: Unknown, Address: /127.0.0.1:56167
Log Level: ERROR
Message: Error occurred while handling client: Username: Unknown, Address: /127.0.0.1:56167
Stacktrace:
java.net.SocketException: Connection reset
	at java.base/sun.nio.ch.SocketChannelImpl.throwConnectionReset(SocketChannelImpl.java:403)
	at java.base/sun.nio.ch.SocketChannelImpl.implRead(SocketChannelImpl.java:419)
	at java.base/sun.nio.ch.SocketChannelImpl.read(SocketChannelImpl.java:493)
	at bg.sofia.uni.fmi.mjt.uno.server.ClientHandler.readMessageFromClient(ClientHandler.java:54)
	at bg.sofia.uni.fmi.mjt.uno.server.ClientHandler.run(ClientHandler.java:29)
	at java.base/java.lang.Thread.run(Thread.java:1575)
===================================================
Timestamp: 2025-01-30T14:26:34.376195900
Client Info: Username: Unknown, Address: /127.0.0.1:56169
Log Level: ERROR
Message: Error occurred while handling client: Username: Unknown, Address: /127.0.0.1:56169
Stacktrace:
java.net.SocketException: Connection reset
	at java.base/sun.nio.ch.SocketChannelImpl.throwConnectionReset(SocketChannelImpl.java:403)
	at java.base/sun.nio.ch.SocketChannelImpl.implRead(SocketChannelImpl.java:419)
	at java.base/sun.nio.ch.SocketChannelImpl.read(SocketChannelImpl.java:493)
	at bg.sofia.uni.fmi.mjt.uno.server.ClientHandler.readMessageFromClient(ClientHandler.java:54)
	at bg.sofia.uni.fmi.mjt.uno.server.ClientHandler.run(ClientHandler.java:29)
	at java.base/java.lang.Thread.run(Thread.java:1575)
===================================================
Timestamp: 2025-01-30T14:26:34.413163
Client Info: Username: Unknown, Address: /127.0.0.1:56168
Log Level: ERROR
Message: Error occurred while handling client: Username: Unknown, Address: /127.0.0.1:56168
Stacktrace:
java.net.SocketException: Connection reset
	at java.base/sun.nio.ch.SocketChannelImpl.throwConnectionReset(SocketChannelImpl.java:403)
	at java.base/sun.nio.ch.SocketChannelImpl.implRead(SocketChannelImpl.java:419)
	at java.base/sun.nio.ch.SocketChannelImpl.read(SocketChannelImpl.java:493)
	at bg.sofia.uni.fmi.mjt.uno.server.ClientHandler.readMessageFromClient(ClientHandler.java:54)
	at bg.sofia.uni.fmi.mjt.uno.server.ClientHandler.run(ClientHandler.java:29)
	at java.base/java.lang.Thread.run(Thread.java:1575)
===================================================
Timestamp: 2025-01-30T14:26:34.379715100
Client Info: Username: Unknown, Address: /127.0.0.1:56167
Log Level: ERROR
Message: Error occurred while handling client: Username: Unknown, Address: /127.0.0.1:56167
Stacktrace:
java.net.SocketException: Connection reset
	at java.base/sun.nio.ch.SocketChannelImpl.throwConnectionReset(SocketChannelImpl.java:403)
	at java.base/sun.nio.ch.SocketChannelImpl.implRead(SocketChannelImpl.java:419)
	at java.base/sun.nio.ch.SocketChannelImpl.read(SocketChannelImpl.java:493)
	at bg.sofia.uni.fmi.mjt.uno.server.ClientHandler.readMessageFromClient(ClientHandler.java:54)
	at bg.sofia.uni.fmi.mjt.uno.server.ClientHandler.run(ClientHandler.java:29)
	at java.base/java.lang.Thread.run(Thread.java:1575)
===================================================
Timestamp: 2025-01-30T14:26:34.376195900
Client Info: Username: Unknown, Address: /127.0.0.1:56167
Log Level: ERROR
Message: Error occurred while handling client: Username: Unknown, Address: /127.0.0.1:56167
Stacktrace:
java.net.SocketException: Connection reset
	at java.base/sun.nio.ch.SocketChannelImpl.throwConnectionReset(SocketChannelImpl.java:403)
	at java.base/sun.nio.ch.SocketChannelImpl.implRead(SocketChannelImpl.java:419)
	at java.base/sun.nio.ch.SocketChannelImpl.read(SocketChannelImpl.java:493)
	at bg.sofia.uni.fmi.mjt.uno.server.ClientHandler.readMessageFromClient(ClientHandler.java:54)
	at bg.sofia.uni.fmi.mjt.uno.server.ClientHandler.run(ClientHandler.java:29)
	at java.base/java.lang.Thread.run(Thread.java:1575)
===================================================
Timestamp: 2025-01-30T14:26:34.378705200
Client Info: Username: Unknown, Address: /127.0.0.1:56167
Log Level: ERROR
Message: Error occurred while handling client: Username: Unknown, Address: /127.0.0.1:56167
Stacktrace:
java.net.SocketException: Connection reset
	at java.base/sun.nio.ch.SocketChannelImpl.throwConnectionReset(SocketChannelImpl.java:403)
	at java.base/sun.nio.ch.SocketChannelImpl.implRead(SocketChannelImpl.java:419)
	at java.base/sun.nio.ch.SocketChannelImpl.read(SocketChannelImpl.java:493)
	at bg.sofia.uni.fmi.mjt.uno.server.ClientHandler.readMessageFromClient(ClientHandler.java:54)
	at bg.sofia.uni.fmi.mjt.uno.server.ClientHandler.run(ClientHandler.java:29)
	at java.base/java.lang.Thread.run(Thread.java:1575)
===================================================
Timestamp: 2025-01-30T14:26:34.379715100
Client Info: Username: Unknown, Address: /127.0.0.1:56169
Log Level: ERROR
Message: Error occurred while handling client: Username: Unknown, Address: /127.0.0.1:56169
Stacktrace:
java.net.SocketException: Connection reset
	at java.base/sun.nio.ch.SocketChannelImpl.throwConnectionReset(SocketChannelImpl.java:403)
	at java.base/sun.nio.ch.SocketChannelImpl.implRead(SocketChannelImpl.java:419)
	at java.base/sun.nio.ch.SocketChannelImpl.read(SocketChannelImpl.java:493)
	at bg.sofia.uni.fmi.mjt.uno.server.ClientHandler.readMessageFromClient(ClientHandler.java:54)
	at bg.sofia.uni.fmi.mjt.uno.server.ClientHandler.run(ClientHandler.java:29)
	at java.base/java.lang.Thread.run(Thread.java:1575)
===================================================
Timestamp: 2025-01-30T14:26:34.433402400
Client Info: Username: Unknown, Address: /127.0.0.1:56167
Log Level: ERROR
Message: Error occurred while handling client: Username: Unknown, Address: /127.0.0.1:56167
Stacktrace:
java.net.SocketException: Connection reset
	at java.base/sun.nio.ch.SocketChannelImpl.throwConnectionReset(SocketChannelImpl.java:403)
	at java.base/sun.nio.ch.SocketChannelImpl.implRead(SocketChannelImpl.java:419)
	at java.base/sun.nio.ch.SocketChannelImpl.read(SocketChannelImpl.java:493)
	at bg.sofia.uni.fmi.mjt.uno.server.ClientHandler.readMessageFromClient(ClientHandler.java:54)
	at bg.sofia.uni.fmi.mjt.uno.server.ClientHandler.run(ClientHandler.java:29)
	at java.base/java.lang.Thread.run(Thread.java:1575)
===================================================
Timestamp: 2025-01-30T14:26:34.435402700
Client Info: Username: Unknown, Address: /127.0.0.1:56167
Log Level: ERROR
Message: Error occurred while handling client: Username: Unknown, Address: /127.0.0.1:56167
Stacktrace:
java.net.SocketException: Connection reset
	at java.base/sun.nio.ch.SocketChannelImpl.throwConnectionReset(SocketChannelImpl.java:403)
	at java.base/sun.nio.ch.SocketChannelImpl.implRead(SocketChannelImpl.java:419)
	at java.base/sun.nio.ch.SocketChannelImpl.read(SocketChannelImpl.java:493)
	at bg.sofia.uni.fmi.mjt.uno.server.ClientHandler.readMessageFromClient(ClientHandler.java:54)
	at bg.sofia.uni.fmi.mjt.uno.server.ClientHandler.run(ClientHandler.java:29)
	at java.base/java.lang.Thread.run(Thread.java:1575)
===================================================
Timestamp: 2025-01-30T14:26:34.436402600
Client Info: Unknown (error retrieving client info)
Log Level: ERROR
Message: Error occurred while handling client: Unknown (error retrieving client info)
Stacktrace:
java.nio.channels.ClosedChannelException
	at java.base/sun.nio.ch.SocketChannelImpl.ensureOpenAndConnected(SocketChannelImpl.java:224)
	at java.base/sun.nio.ch.SocketChannelImpl.implRead(SocketChannelImpl.java:411)
	at java.base/sun.nio.ch.SocketChannelImpl.read(SocketChannelImpl.java:493)
	at bg.sofia.uni.fmi.mjt.uno.server.ClientHandler.readMessageFromClient(ClientHandler.java:54)
	at bg.sofia.uni.fmi.mjt.uno.server.ClientHandler.run(ClientHandler.java:29)
	at java.base/java.lang.Thread.run(Thread.java:1575)
===================================================
Timestamp: 2025-01-30T14:26:34.436402600
Client Info: Unknown (error retrieving client info)
Log Level: ERROR
Message: Error occurred while handling client: Unknown (error retrieving client info)
Stacktrace:
java.nio.channels.ClosedChannelException
	at java.base/sun.nio.ch.SocketChannelImpl.ensureOpenAndConnected(SocketChannelImpl.java:224)
	at java.base/sun.nio.ch.SocketChannelImpl.implRead(SocketChannelImpl.java:411)
	at java.base/sun.nio.ch.SocketChannelImpl.read(SocketChannelImpl.java:493)
	at bg.sofia.uni.fmi.mjt.uno.server.ClientHandler.readMessageFromClient(ClientHandler.java:54)
	at bg.sofia.uni.fmi.mjt.uno.server.ClientHandler.run(ClientHandler.java:29)
	at java.base/java.lang.Thread.run(Thread.java:1575)
===================================================
Timestamp: 2025-01-30T14:26:34.436402600
Client Info: Unknown (error retrieving client info)
Log Level: ERROR
Message: Error occurred while handling client: Unknown (error retrieving client info)
Stacktrace:
java.nio.channels.ClosedChannelException
	at java.base/sun.nio.ch.SocketChannelImpl.ensureOpenAndConnected(SocketChannelImpl.java:224)
	at java.base/sun.nio.ch.SocketChannelImpl.implRead(SocketChannelImpl.java:411)
	at java.base/sun.nio.ch.SocketChannelImpl.read(SocketChannelImpl.java:493)
	at bg.sofia.uni.fmi.mjt.uno.server.ClientHandler.readMessageFromClient(ClientHandler.java:54)
	at bg.sofia.uni.fmi.mjt.uno.server.ClientHandler.run(ClientHandler.java:29)
	at java.base/java.lang.Thread.run(Thread.java:1575)
===================================================
Timestamp: 2025-01-30T14:26:34.436402600
Client Info: Unknown (error retrieving client info)
Log Level: ERROR
Message: Error occurred while handling client: Unknown (error retrieving client info)
Stacktrace:
java.nio.channels.ClosedChannelException
	at java.base/sun.nio.ch.SocketChannelImpl.ensureOpenAndConnected(SocketChannelImpl.java:224)
	at java.base/sun.nio.ch.SocketChannelImpl.implRead(SocketChannelImpl.java:411)
	at java.base/sun.nio.ch.SocketChannelImpl.read(SocketChannelImpl.java:493)
	at bg.sofia.uni.fmi.mjt.uno.server.ClientHandler.readMessageFromClient(ClientHandler.java:54)
	at bg.sofia.uni.fmi.mjt.uno.server.ClientHandler.run(ClientHandler.java:29)
	at java.base/java.lang.Thread.run(Thread.java:1575)
===================================================
Timestamp: 2025-01-30T14:26:34.436402600
Client Info: Unknown (error retrieving client info)
Log Level: ERROR
Message: Error occurred while handling client: Unknown (error retrieving client info)
Stacktrace:
java.nio.channels.ClosedChannelException
	at java.base/sun.nio.ch.SocketChannelImpl.ensureOpenAndConnected(SocketChannelImpl.java:224)
	at java.base/sun.nio.ch.SocketChannelImpl.implRead(SocketChannelImpl.java:411)
	at java.base/sun.nio.ch.SocketChannelImpl.read(SocketChannelImpl.java:493)
	at bg.sofia.uni.fmi.mjt.uno.server.ClientHandler.readMessageFromClient(ClientHandler.java:54)
	at bg.sofia.uni.fmi.mjt.uno.server.ClientHandler.run(ClientHandler.java:29)
	at java.base/java.lang.Thread.run(Thread.java:1575)
===================================================
Timestamp: 2025-01-30T14:26:34.436402600
Client Info: Unknown (error retrieving client info)
Log Level: ERROR
Message: Error occurred while handling client: Unknown (error retrieving client info)
Stacktrace:
java.nio.channels.ClosedChannelException
	at java.base/sun.nio.ch.SocketChannelImpl.ensureOpenAndConnected(SocketChannelImpl.java:224)
	at java.base/sun.nio.ch.SocketChannelImpl.implRead(SocketChannelImpl.java:411)
	at java.base/sun.nio.ch.SocketChannelImpl.read(SocketChannelImpl.java:493)
	at bg.sofia.uni.fmi.mjt.uno.server.ClientHandler.readMessageFromClient(ClientHandler.java:54)
	at bg.sofia.uni.fmi.mjt.uno.server.ClientHandler.run(ClientHandler.java:29)
	at java.base/java.lang.Thread.run(Thread.java:1575)
===================================================
Timestamp: 2025-01-30T14:26:34.436402600
Client Info: Unknown (error retrieving client info)
Log Level: ERROR
Message: Error occurred while handling client: Unknown (error retrieving client info)
Stacktrace:
java.nio.channels.ClosedChannelException
	at java.base/sun.nio.ch.SocketChannelImpl.ensureOpenAndConnected(SocketChannelImpl.java:224)
	at java.base/sun.nio.ch.SocketChannelImpl.implRead(SocketChannelImpl.java:411)
	at java.base/sun.nio.ch.SocketChannelImpl.read(SocketChannelImpl.java:493)
	at bg.sofia.uni.fmi.mjt.uno.server.ClientHandler.readMessageFromClient(ClientHandler.java:54)
	at bg.sofia.uni.fmi.mjt.uno.server.ClientHandler.run(ClientHandler.java:29)
	at java.base/java.lang.Thread.run(Thread.java:1575)
===================================================
Timestamp: 2025-01-30T14:26:34.437857400
Client Info: Unknown (error retrieving client info)
Log Level: ERROR
Message: Error occurred while handling client: Unknown (error retrieving client info)
Stacktrace:
java.nio.channels.ClosedChannelException
	at java.base/sun.nio.ch.SocketChannelImpl.ensureOpenAndConnected(SocketChannelImpl.java:224)
	at java.base/sun.nio.ch.SocketChannelImpl.implRead(SocketChannelImpl.java:411)
	at java.base/sun.nio.ch.SocketChannelImpl.read(SocketChannelImpl.java:493)
	at bg.sofia.uni.fmi.mjt.uno.server.ClientHandler.readMessageFromClient(ClientHandler.java:54)
	at bg.sofia.uni.fmi.mjt.uno.server.ClientHandler.run(ClientHandler.java:29)
	at java.base/java.lang.Thread.run(Thread.java:1575)
===================================================
Timestamp: 2025-01-30T14:26:34.437857400
Client Info: Unknown (error retrieving client info)
Log Level: ERROR
Message: Error occurred while handling client: Unknown (error retrieving client info)
Stacktrace:
java.nio.channels.ClosedChannelException
	at java.base/sun.nio.ch.SocketChannelImpl.ensureOpenAndConnected(SocketChannelImpl.java:224)
	at java.base/sun.nio.ch.SocketChannelImpl.implRead(SocketChannelImpl.java:411)
	at java.base/sun.nio.ch.SocketChannelImpl.read(SocketChannelImpl.java:493)
	at bg.sofia.uni.fmi.mjt.uno.server.ClientHandler.readMessageFromClient(ClientHandler.java:54)
	at bg.sofia.uni.fmi.mjt.uno.server.ClientHandler.run(ClientHandler.java:29)
	at java.base/java.lang.Thread.run(Thread.java:1575)
===================================================
Timestamp: 2025-01-30T14:26:34.437857400
Client Info: Unknown (error retrieving client info)
Log Level: ERROR
Message: Error occurred while handling client: Unknown (error retrieving client info)
Stacktrace:
java.nio.channels.ClosedChannelException
	at java.base/sun.nio.ch.SocketChannelImpl.ensureOpenAndConnected(SocketChannelImpl.java:224)
	at java.base/sun.nio.ch.SocketChannelImpl.implRead(SocketChannelImpl.java:411)
	at java.base/sun.nio.ch.SocketChannelImpl.read(SocketChannelImpl.java:493)
	at bg.sofia.uni.fmi.mjt.uno.server.ClientHandler.readMessageFromClient(ClientHandler.java:54)
	at bg.sofia.uni.fmi.mjt.uno.server.ClientHandler.run(ClientHandler.java:29)
	at java.base/java.lang.Thread.run(Thread.java:1575)
===================================================
Timestamp: 2025-01-30T14:26:34.437857400
Client Info: Unknown (error retrieving client info)
Log Level: ERROR
Message: Error occurred while handling client: Unknown (error retrieving client info)
Stacktrace:
java.nio.channels.ClosedChannelException
	at java.base/sun.nio.ch.SocketChannelImpl.ensureOpenAndConnected(SocketChannelImpl.java:224)
	at java.base/sun.nio.ch.SocketChannelImpl.implRead(SocketChannelImpl.java:411)
	at java.base/sun.nio.ch.SocketChannelImpl.read(SocketChannelImpl.java:493)
	at bg.sofia.uni.fmi.mjt.uno.server.ClientHandler.readMessageFromClient(ClientHandler.java:54)
	at bg.sofia.uni.fmi.mjt.uno.server.ClientHandler.run(ClientHandler.java:29)
	at java.base/java.lang.Thread.run(Thread.java:1575)
===================================================
Timestamp: 2025-01-30T14:26:34.437857400
Client Info: Username: Unknown, Address: /127.0.0.1:56167
Log Level: ERROR
Message: Error occurred while handling client: Username: Unknown, Address: /127.0.0.1:56167
Stacktrace:
java.net.SocketException: Connection reset
	at java.base/sun.nio.ch.SocketChannelImpl.throwConnectionReset(SocketChannelImpl.java:403)
	at java.base/sun.nio.ch.SocketChannelImpl.implRead(SocketChannelImpl.java:419)
	at java.base/sun.nio.ch.SocketChannelImpl.read(SocketChannelImpl.java:493)
	at bg.sofia.uni.fmi.mjt.uno.server.ClientHandler.readMessageFromClient(ClientHandler.java:54)
	at bg.sofia.uni.fmi.mjt.uno.server.ClientHandler.run(ClientHandler.java:29)
	at java.base/java.lang.Thread.run(Thread.java:1575)
===================================================
Timestamp: 2025-01-30T14:26:34.437857400
Client Info: Username: Unknown, Address: /127.0.0.1:56167
Log Level: ERROR
Message: Error occurred while handling client: Username: Unknown, Address: /127.0.0.1:56167
Stacktrace:
java.net.SocketException: Connection reset
	at java.base/sun.nio.ch.SocketChannelImpl.throwConnectionReset(SocketChannelImpl.java:403)
	at java.base/sun.nio.ch.SocketChannelImpl.implRead(SocketChannelImpl.java:419)
	at java.base/sun.nio.ch.SocketChannelImpl.read(SocketChannelImpl.java:493)
	at bg.sofia.uni.fmi.mjt.uno.server.ClientHandler.readMessageFromClient(ClientHandler.java:54)
	at bg.sofia.uni.fmi.mjt.uno.server.ClientHandler.run(ClientHandler.java:29)
	at java.base/java.lang.Thread.run(Thread.java:1575)
===================================================
Timestamp: 2025-01-30T14:26:34.437857400
Client Info: Unknown (error retrieving client info)
Log Level: ERROR
Message: Error occurred while handling client: Unknown (error retrieving client info)
Stacktrace:
java.nio.channels.ClosedChannelException
	at java.base/sun.nio.ch.SocketChannelImpl.ensureOpenAndConnected(SocketChannelImpl.java:224)
	at java.base/sun.nio.ch.SocketChannelImpl.implRead(SocketChannelImpl.java:411)
	at java.base/sun.nio.ch.SocketChannelImpl.read(SocketChannelImpl.java:493)
	at bg.sofia.uni.fmi.mjt.uno.server.ClientHandler.readMessageFromClient(ClientHandler.java:54)
	at bg.sofia.uni.fmi.mjt.uno.server.ClientHandler.run(ClientHandler.java:29)
	at java.base/java.lang.Thread.run(Thread.java:1575)
===================================================
Timestamp: 2025-01-30T14:26:34.437857400
Client Info: Unknown (error retrieving client info)
Log Level: ERROR
Message: Error occurred while handling client: Unknown (error retrieving client info)
Stacktrace:
java.nio.channels.ClosedChannelException
	at java.base/sun.nio.ch.SocketChannelImpl.ensureOpenAndConnected(SocketChannelImpl.java:224)
	at java.base/sun.nio.ch.SocketChannelImpl.implRead(SocketChannelImpl.java:411)
	at java.base/sun.nio.ch.SocketChannelImpl.read(SocketChannelImpl.java:493)
	at bg.sofia.uni.fmi.mjt.uno.server.ClientHandler.readMessageFromClient(ClientHandler.java:54)
	at bg.sofia.uni.fmi.mjt.uno.server.ClientHandler.run(ClientHandler.java:29)
	at java.base/java.lang.Thread.run(Thread.java:1575)
===================================================
Timestamp: 2025-01-30T14:26:34.437857400
Client Info: Username: Unknown, Address: /127.0.0.1:56167
Log Level: ERROR
Message: Error occurred while handling client: Username: Unknown, Address: /127.0.0.1:56167
Stacktrace:
java.net.SocketException: Connection reset
	at java.base/sun.nio.ch.SocketChannelImpl.throwConnectionReset(SocketChannelImpl.java:403)
	at java.base/sun.nio.ch.SocketChannelImpl.implRead(SocketChannelImpl.java:419)
	at java.base/sun.nio.ch.SocketChannelImpl.read(SocketChannelImpl.java:493)
	at bg.sofia.uni.fmi.mjt.uno.server.ClientHandler.readMessageFromClient(ClientHandler.java:54)
	at bg.sofia.uni.fmi.mjt.uno.server.ClientHandler.run(ClientHandler.java:29)
	at java.base/java.lang.Thread.run(Thread.java:1575)
===================================================
Timestamp: 2025-01-30T14:26:34.437857400
Client Info: Unknown (error retrieving client info)
Log Level: ERROR
Message: Error occurred while handling client: Unknown (error retrieving client info)
Stacktrace:
java.nio.channels.ClosedChannelException
	at java.base/sun.nio.ch.SocketChannelImpl.ensureOpenAndConnected(SocketChannelImpl.java:224)
	at java.base/sun.nio.ch.SocketChannelImpl.implRead(SocketChannelImpl.java:411)
	at java.base/sun.nio.ch.SocketChannelImpl.read(SocketChannelImpl.java:493)
	at bg.sofia.uni.fmi.mjt.uno.server.ClientHandler.readMessageFromClient(ClientHandler.java:54)
	at bg.sofia.uni.fmi.mjt.uno.server.ClientHandler.run(ClientHandler.java:29)
	at java.base/java.lang.Thread.run(Thread.java:1575)
===================================================
Timestamp: 2025-01-30T14:26:34.437857400
Client Info: Unknown (error retrieving client info)
Log Level: ERROR
Message: Error occurred while handling client: Unknown (error retrieving client info)
Stacktrace:
java.nio.channels.ClosedChannelException
	at java.base/sun.nio.ch.SocketChannelImpl.ensureOpenAndConnected(SocketChannelImpl.java:224)
	at java.base/sun.nio.ch.SocketChannelImpl.implRead(SocketChannelImpl.java:411)
	at java.base/sun.nio.ch.SocketChannelImpl.read(SocketChannelImpl.java:493)
	at bg.sofia.uni.fmi.mjt.uno.server.ClientHandler.readMessageFromClient(ClientHandler.java:54)
	at bg.sofia.uni.fmi.mjt.uno.server.ClientHandler.run(ClientHandler.java:29)
	at java.base/java.lang.Thread.run(Thread.java:1575)
===================================================
Timestamp: 2025-01-30T14:26:34.437857400
Client Info: Unknown (error retrieving client info)
Log Level: ERROR
Message: Error occurred while handling client: Unknown (error retrieving client info)
Stacktrace:
java.nio.channels.ClosedChannelException
	at java.base/sun.nio.ch.SocketChannelImpl.ensureOpenAndConnected(SocketChannelImpl.java:224)
	at java.base/sun.nio.ch.SocketChannelImpl.implRead(SocketChannelImpl.java:411)
	at java.base/sun.nio.ch.SocketChannelImpl.read(SocketChannelImpl.java:493)
	at bg.sofia.uni.fmi.mjt.uno.server.ClientHandler.readMessageFromClient(ClientHandler.java:54)
	at bg.sofia.uni.fmi.mjt.uno.server.ClientHandler.run(ClientHandler.java:29)
	at java.base/java.lang.Thread.run(Thread.java:1575)
