[2025-01-28T22:43:35.232819600] Error occurred:
Client: Username: krisi, Address: /127.0.0.1:56570
Exception: java.net.SocketException - Connection reset
java.net.SocketException: Connection reset
	at java.base/sun.nio.ch.SocketChannelImpl.throwConnectionReset(SocketChannelImpl.java:403)
	at java.base/sun.nio.ch.SocketChannelImpl.implRead(SocketChannelImpl.java:419)
	at java.base/sun.nio.ch.SocketChannelImpl.read(SocketChannelImpl.java:493)
	at bg.sofia.uni.fmi.mjt.uno.server.ClientHandler.readMessag[2025-01-28T22:43:35.231820100] Error occurred:
Client: Username: krisi, Address: /127.0.0.1:56570
Exception: java.net.SocketException - Connection reset
java.net.SocketException: Connection reset
	at java.base/sun.nio.ch.SocketChannelImpl.throwConnectionReset(SocketChannelImpl.java:403)
	at java.base/sun.nio.ch.SocketChannelImpl.implRead(SocketChannelImpl.java:419)
	at java.base/sun.nio.ch.SocketChannelImpl.read(SocketChannelImpl.java:493)
	at bg.sofia.uni.fmi.mjt.uno.server.ClientHandler.readMessag[2025-01-28T22:43:35.232819600] Error occurred:
Client: Username: krisi, Address: /127.0.0.1:56570
Exception: java.net.SocketException - Connection reset
java.net.SocketException: Connection reset
	at java.base/sun.nio.ch.SocketChannelImpl.throwConnectionReset(SocketChannelImpl.java:403)
	at java.base/sun.nio.ch.SocketChannelImpl.implRead(SocketChannelImpl.java:419)
	at java.base/sun.nio.ch.SocketChannelImpl.read(SocketChannelImpl.java:493)
	at bg.sofia.uni.fmi.mjt.uno.server.ClientHandler.readMessageFromClient(ClientHandler.java:55)
	at bg.sofia.uni.fmi.mjt.uno.server.ClientHandler.run(ClientHandler.java:30)
	at java.base/java.lang.Thread.run(Thread.java:1575)

[2025-01-28T22:43:35.231820100] Error occurred:
Client: Username: krisi, Address: /127.0.0.1:56570
Exception: java.net.SocketException - Connection reset
java.net.SocketException: Connection reset
	at java.base/sun.nio.ch.SocketChannelImpl.throwConnectionReset(SocketChannelImpl.java:403)
	at java.base/sun.nio.ch.SocketChannelImpl.implRead(SocketChannelImpl.java:435)
	at java.base/sun.nio.ch.SocketChannelImpl.read(SocketChannelImpl.java:493)
	at bg.sofia.uni.fmi.mjt.uno.server.ClientHandler.readMessag[2025-01-28T22:43:35.232819600] Error occurred:
Client: Username: krisi, Address: /127.0.0.1:56570
Exception: java.net.SocketException - Connection reset
java.net.SocketException: Connection reset
	at java.base/sun.nio.ch.SocketChannelImpl.throwConnectionReset(SocketChannelImpl.java:403)
	at java.base/sun.nio.ch.SocketChannelImpl.implRead(SocketChannelImpl.java:419)
	at java.base/sun.nio.ch.SocketChannelImpl.read(SocketChannelImpl.java:493)
	at bg.sofia.uni.fmi.mjt.uno.server.ClientHandler.readMessageFromClient(ClientHandler.java:55)
	at bg.sofia.uni.fmi.mjt.uno.server.ClientHandler.run(ClientHandler.java:30)
	at java.base/java.lang.Thread.run(Thread.java:1575)

eFromClient(ClientHandler.java:55)
	at bg.sofia.uni.fmi.mjt.uno.server.ClientHandler.run(ClientHandler.java:30)
	at java.base/java.lang.Thread.run(Thread.java:1575)

[2025-01-28T22:43:35.231820100] Error occurred:
Client: Username: krisi, Address: /127.0.0.1:56570
Exception: java.net.SocketException - Connection reset
java.net.SocketException: Connection reset
	at java.base/sun.nio.ch.SocketChannelImpl.throwConnectionReset(SocketChannelImpl.java:403)
	at java.base/sun.nio.ch.SocketChannelImpl.implRead(SocketChannelImpl.java:419)
	at java.base/sun.nio.ch.SocketChannelImpl.read(SocketChannelImpl.java:493)
	at bg.sofia.uni.fmi.mjt.uno.server.ClientHandler.readMessageFromClient(ClientHandler.java:55)
	at bg.sofia.uni.fmi.mjt.uno.server.ClientHandler.run(ClientHandler.java:30)
	at java.base/java.lang.Thread.run(Thread.java:1575)

[2025-01-28T22:43:35.234819700] Error occurred:
Client: Username: krisi, Address: /127.0.0.1:56570
Exception: java.net.SocketException - Connection reset
java.net.SocketException: Connection reset
	at java.base/sun.nio.ch.SocketChannelImpl.throwConnectionReset(SocketChannelImpl.java:403)
	at java.base/sun.nio.ch.SocketChannelImpl.implRead(SocketChannelImpl.java:419)
	at java.base/sun.nio.ch.SocketChannelImpl.read(SocketChannelImpl.java:493)
	at bg.sofia.uni.fmi.mjt.uno.server.ClientHandler.readMessageFromClient(ClientHandler.java:55)
	at bg.sofia.uni.fmi.mjt.uno.server.ClientHandler.run(ClientHandler.java:30)
	at java.base/java.lang.Thread.run(Thread.java:1575)

eFromClient(ClientHandler.java:55)
	at bg.sofia.uni.fmi.mjt.uno.server.ClientHandler.run(ClientHandler.java:30)
	at java.base/java.lang.Thread.run(Thread.java:1575)

[2025-01-28T22:43:35.234819700] Error occurred:
Client: Username: krisi, Address: /127.0.0.1:56570
Exception: java.net.SocketException - Connection reset
java.net.SocketException: Connection reset
	at java.base/sun.nio.ch.SocketChannelImpl.throwConnectionReset(SocketChannelImpl.java:403)
	at java.base/sun.nio.ch.SocketChannelImpl.implRead(SocketChannelImpl.java:419)
	at java.base/sun.nio.ch.SocketChannelImpl.read(SocketChannelImpl.java:493)
	at bg.sofia.uni.fmi.mjt.uno.server.ClientHandler.readMessageFromClient(ClientHandler.java:55)
	at bg.sofia.uni.fmi.mjt.uno.server.ClientHandler.run(ClientHandler.java:30)
	at java.base/java.lang.Thread.run(Thread.java:1575)

eFromClient(ClientHandler.java:55)
	at bg.sofia.uni.fmi.mjt.uno.server.ClientHandler.run(ClientHandler.java:30)
	at java.base/java.lang.Thread.run(Thread.java:1575)

[2025-01-28T22:43:35.237819400] Error occurred:
Client: Unknown (error retrieving client info)
Exception: java.nio.channels.ClosedChannelException - null
java.nio.channels.ClosedChannelException
	at java.base/sun.nio.ch.SocketChannelImpl.ensureOpenAndConnected(SocketChannelImpl.java:224)
	at java.base/sun.nio.ch.SocketChannelImpl.implRead(SocketChannelImpl.java:411)
	at java.base/sun.nio.ch.SocketChannelImpl.read(SocketChannelImpl.java:493)
	at bg.sofia.uni.fmi.mjt.uno.server.ClientHandler.readMessag[2025-01-28T22:43:35.237819400] Error occurred:
Client: Unknown (error retrieving client info)
Exception: java.nio.channels.ClosedChannelException - null
java.nio.channels.ClosedChannelException
	at java.base/sun.nio.ch.SocketChannelImpl.ensureOpenAndConnected(SocketChannelImpl.java:224)
	at java.base/sun.nio.ch.SocketChannelImpl.implRead(SocketChannelImpl.java:411)
	at java.base/sun.nio.ch.SocketChannelImpl.read(SocketChannelImpl.java:493)
	at bg.sofia.uni.fmi.mjt.uno.server.ClientHandler.readMessageFromClient(ClientHandler.java:55)
	at bg.sofia.uni.fmi.mjt.uno.server.ClientHandler.run(ClientHandler.java:30)
	at java.base/java.lang.Thread.run(Thread.java:1575)

[2025-01-28T22:43:35.238819700] Error occurred:
Client: Unknown (error retrieving client info)
Exception: java.nio.channels.ClosedChannelException - null
java.nio.channels.ClosedChannelException
	at java.base/sun.nio.ch.SocketChannelImpl.ensureOpenAndConnected(SocketChannelImpl.java:224)
	at java.base/sun.nio.ch.SocketChannelImpl.implRead(SocketChannelImpl.java:411)
	at java.base/sun.nio.ch.SocketChannelImpl.read(SocketChannelImpl.java:493)
	at bg.sofia.uni.fmi.mjt.uno.server.ClientHandler.readMessageFromClient(ClientHandler.java:55)
	at bg.sofia.uni.fmi.mjt.uno.server.ClientHandler.run(ClientHandler.java:30)
	at java.base/java.lang.Thread.run(Thread.java:1575)

eFromClient(ClientHandler.java:55)
	at bg.sofia.uni.fmi.mjt.uno.server.ClientHandler.run(ClientHandler.java:30)
	at java.base/java.lang.Thread.run(Thread.java:1575)

[2025-01-28T22:43:35.239818300] Error occurred:
Client: Unknown (error retrieving client info)
Exception: java.nio.channels.ClosedChannelException - null
java.nio.channels.ClosedChannelException
	at java.base/sun.nio.ch.SocketChannelImpl.ensureOpenAndConnected(SocketChannelImpl.java:224)
	at java.base/sun.nio.ch.SocketChannelImpl.implRead(SocketChannelImpl.java:411)
	at java.base/sun.nio.ch.SocketChannelImpl.read(SocketChannelImpl.java:493)
	at bg.sofia.uni.fmi.mjt.uno.server.ClientHandler.readMessag[2025-01-28T22:43:35.239818300] Error occurred:
Client: Unknown (error retrieving client info)
Exception: java.nio.channels.ClosedChannelException - null
java.nio.channels.ClosedChannelException
	at java.base/sun.nio.ch.SocketChannelImpl.ensureOpenAndConnected(SocketChannelImpl.java:224)
	at java.base/sun.nio.ch.SocketChannelImpl.implRead(SocketChannelImpl.java:411)
	at java.base/sun.nio.ch.SocketChannelImpl.read(SocketChannelImpl.java:493)
	at bg.sofia.uni.fmi.mjt.uno.server.ClientHandler.readMessageFromClient(ClientHandler.java:55)
	at bg.sofia.uni.fmi.mjt.uno.server.ClientHandler.run(ClientHandler.java:30)
	at java.base/java.lang.Thread.run(Thread.java:1575)

eFromClient(ClientHandler.java:55)
	at bg.sofia.uni.fmi.mjt.uno.server.ClientHandler.run(ClientHandler.java:30)
	at java.base/java.lang.Thread.run(Thread.java:1575)

[2025-01-28T22:43:35.240819] Error occurred:
Client: Unknown (error retrieving client info)
Exception: java.nio.channels.ClosedChannelException - null
java.nio.channels.ClosedChannelException
	at java.base/sun.nio.ch.SocketChannelImpl.ensureOpenAndConnected(SocketChannelImpl.java:224)
	at java.base/sun.nio.ch.SocketChannelImpl.implRead(SocketChannelImpl.java:411)
	at java.base/sun.nio.ch.SocketChannelImpl.read(SocketChannelImpl.java:493)
	at bg.sofia.uni.fmi.mjt.uno.server.ClientHandler.readMessageFromClient(ClientHandler.java:55)
	at bg.sofia.uni.fmi.mjt.uno.server.ClientHandler.run(ClientHandler.java:30)
	at java.base/java.lang.Thread.run(Thread.java:1575)

[2025-01-28T22:43:35.241819100] Error occurred:
Client: Unknown (error retrieving client info)
Exception: java.nio.channels.ClosedChannelException - null
java.nio.channels.ClosedChannelException
	at java.base/sun.nio.ch.SocketChannelImpl.ensureOpenAndConnected(SocketChannelImpl.java:224)
	at java.base/sun.nio.ch.SocketChannelImpl.implRead(SocketChannelImpl.java:411)
	at java.base/sun.nio.ch.SocketChannelImpl.read(SocketChannelImpl.java:493)
	at bg.sofia.uni.fmi.mjt.uno.server.ClientHandler.readMessageFromClient(ClientHandler.java:55)
	at bg.sofia.uni.fmi.mjt.uno.server.ClientHandler.run(ClientHandler.java:30)
	at java.base/java.lang.Thread.run(Thread.java:1575)

[2025-01-28T22:43:35.241819100] Error occurred:
Client: Unknown (error retrieving client info)
Exception: java.nio.channels.ClosedChannelException - null
java.nio.channels.ClosedChannelException
	at java.base/sun.nio.ch.SocketChannelImpl.ensureOpenAndConnected(SocketChannelImpl.java:224)
	at java.base/sun.nio.ch.SocketChannelImpl.implRead(SocketChannelImpl.java:411)
	at java.base/sun.nio.ch.SocketChannelImpl.read(SocketChannelImpl.java:493)
	at bg.sofia.uni.fmi.mjt.uno.server.ClientHandler.readMessageFromClient(ClientHandler.java:55)
	at bg.sofia.uni.fmi.mjt.uno.server.ClientHandler.run(ClientHandler.java:30)
	at java.base/java.lang.Thread.run(Thread.java:1575)

[2025-01-28T22:43:35.241819100] Error occurred:
Client: Unknown (error retrieving client info)
Exception: java.nio.channels.ClosedChannelException - null
java.nio.channels.ClosedChannelException
	at java.base/sun.nio.ch.SocketChannelImpl.ensureOpenAndConnected(SocketChannelImpl.java:224)
	at java.base/sun.nio.ch.SocketChannelImpl.implRead(SocketChannelImpl.java:411)
	at java.base/sun.nio.ch.SocketChannelImpl.read(SocketChannelImpl.java:493)
	at bg.sofia.uni.fmi.mjt.uno.server.ClientHandler.readMessageFromClient(ClientHandler.java:55)
	at bg.sofia.uni.fmi.mjt.uno.server.ClientHandler.run(ClientHandler.java:30)
	at java.base/java.lang.Thread.run(Thread.java:1575)

[2025-01-28T22:43:35.242819800] Error occurred:
Client: Unknown (error retrieving client info)
Exception: java.nio.channels.ClosedChannelException - null
java.nio.channels.ClosedChannelException
	at java.base/sun.nio.ch.SocketChannelImpl.ensureOpenAndConnected(SocketChannelImpl.java:224)
	at java.base/sun.nio.ch.SocketChannelImpl.implRead(SocketChannelImpl.java:411)
	at java.base/sun.nio.ch.SocketChannelImpl.read(SocketChannelImpl.java:493)
	at bg.sofia.uni.fmi.mjt.uno.server.ClientHandler.readMessageFromClient(ClientHandler.java:55)
	at bg.sofia.uni.fmi.mjt.uno.server.ClientHandler.run(ClientHandler.java:30)
	at java.base/java.lang.Thread.run(Thread.java:1575)

[2025-01-28T22:43:35.242819800] Error occurred:
Client: Unknown (error retrieving client info)
Exception: java.nio.channels.ClosedChannelException - null
java.nio.channels.ClosedChannelException
	at java.base/sun.nio.ch.SocketChannelImpl.ensureOpenAndConnected(SocketChannelImpl.java:224)
	at java.base/sun.nio.ch.SocketChannelImpl.implRead(SocketChannelImpl.java:411)
	at java.base/sun.nio.ch.SocketChannelImpl.read(SocketChannelImpl.java:493)
	at bg.sofia.uni.fmi.mjt.uno.server.ClientHandler.readMessageFromClient(ClientHandler.java:55)
	at bg.sofia.uni.fmi.mjt.uno.server.ClientHandler.run(ClientHandler.java:30)
	at java.base/java.lang.Thread.run(Thread.java:1575)

[2025-01-28T22:43:35.242819800] Error occurred:
Client: Unknown (error retrieving client info)
Exception: java.nio.channels.ClosedChannelException - null
java.nio.channels.ClosedChannelException
	at java.base/sun.nio.ch.SocketChannelImpl.ensureOpenAndConnected(SocketChannelImpl.java:224)
	at java.base/sun.nio.ch.SocketChannelImpl.implRead(SocketChannelImpl.java:411)
	at java.base/sun.nio.ch.SocketChannelImpl.read(SocketChannelImpl.java:493)
	at bg.sofia.uni.fmi.mjt.uno.server.ClientHandler.readMessageFromClient(ClientHandler.java:55)
	at bg.sofia.uni.fmi.mjt.uno.server.ClientHandler.run(ClientHandler.java:30)
	at java.base/java.lang.Thread.run(Thread.java:1575)

[2025-01-28T22:43:35.242819800] Error occurred:
Client: Unknown (error retrieving client info)
Exception: java.nio.channels.ClosedChannelException - null
java.nio.channels.ClosedChannelException
	at java.base/sun.nio.ch.SocketChannelImpl.ensureOpenAndConnected(SocketChannelImpl.java:224)
	at java.base/sun.nio.ch.SocketChannelImpl.implRead(SocketChannelImpl.java:411)
	at java.base/sun.nio.ch.SocketChannelImpl.read(SocketChannelImpl.java:493)
	at bg.sofia.uni.fmi.mjt.uno.server.ClientHandler.readMessageFromClient(ClientHandler.java:55)
	at bg.sofia.uni.fmi.mjt.uno.server.ClientHandler.run(ClientHandler.java:30)
	at java.base/java.lang.Thread.run(Thread.java:1575)

[2025-01-28T22:43:35.243820900] Error occurred:
Client: Unknown (error retrieving client info)
Exception: java.nio.channels.ClosedChannelException - null
java.nio.channels.ClosedChannelException
	at java.base/sun.nio.ch.SocketChannelImpl.ensureOpenAndConnected(SocketChannelImpl.java:224)
	at java.base/sun.nio.ch.SocketChannelImpl.implRead(SocketChannelImpl.java:411)
	at java.base/sun.nio.ch.SocketChannelImpl.read(SocketChannelImpl.java:493)
	at bg.sofia.uni.fmi.mjt.uno.server.ClientHandler.readMessag[2025-01-28T22:43:35.243820900] Error occurred:
Client: Unknown (error retrieving client info)
Exception: java.nio.channels.ClosedChannelException - null
java.nio.channels.ClosedChannelException
	at java.base/sun.nio.ch.SocketChannelImpl.ensureOpenAndConnected(SocketChannelImpl.java:224)
	at java.base/sun.nio.ch.SocketChannelImpl.implRead(SocketChannelImpl.java:411)
	at java.base/sun.nio.ch.SocketChannelImpl.read(SocketChannelImpl.java:493)
	at bg.sofia.uni.fmi.mjt.uno.server.ClientHandler.readMessageFromClient(ClientHandler.java:55)
	at bg.sofia.uni.fmi.mjt.uno.server.ClientHandler.run(ClientHandler.java:30)
	at java.base/java.lang.Thread.run(Thread.java:1575)

eFromClient(ClientHandler.java:55)
	at bg.sofia.uni.fmi.mjt.uno.server.ClientHandler.run(ClientHandler.java:30)
	at java.base/java.lang.Thread.run(Thread.java:1575)

[2025-01-28T22:43:35.243820900] Error occurred:
Client: Unknown (error retrieving client info)
Exception: java.nio.channels.ClosedChannelException - null
java.nio.channels.ClosedChannelException
	at java.base/sun.nio.ch.SocketChannelImpl.ensureOpenAndConnected(SocketChannelImpl.java:224)
	at java.base/sun.nio.ch.SocketChannelImpl.implRead(SocketChannelImpl.java:411)
	at java.base/sun.nio.ch.SocketChannelImpl.read(SocketChannelImpl.java:493)
	at bg.sofia.uni.fmi.mjt.uno.server.ClientHandler.readMessageFromClient(ClientHandler.java:55)
	at bg.sofia.uni.fmi.mjt.uno.server.ClientHandler.run(ClientHandler.java:30)
	at java.base/java.lang.Thread.run(Thread.java:1575)

[2025-01-28T22:43:35.244819100] Error occurred:
Client: Unknown (error retrieving client info)
Exception: java.nio.channels.ClosedChannelException - null
java.nio.channels.ClosedChannelException
	at java.base/sun.nio.ch.SocketChannelImpl.ensureOpenAndConnected(SocketChannelImpl.java:224)
	at java.base/sun.nio.ch.SocketChannelImpl.implRead(SocketChannelImpl.java:411)
	at java.base/sun.nio.ch.SocketChannelImpl.read(SocketChannelImpl.java:493)
	at bg.sofia.uni.fmi.mjt.uno.server.ClientHandler.readMessageFromClient(ClientHandler.java:55)
	at bg.sofia.uni.fmi.mjt.uno.server.ClientHandler.run(ClientHandler.java:30)
	at java.base/java.lang.Thread.run(Thread.java:1575)

[2025-01-28T22:43:35.245819900] Error occurred:
Client: Unknown (error retrieving client info)
Exception: java.nio.channels.ClosedChannelException - null
java.nio.channels.ClosedChannelException
	at java.base/sun.nio.ch.SocketChannelImpl.ensureOpenAndConnected(SocketChannelImpl.java:224)
	at java.base/sun.nio.ch.SocketChannelImpl.implRead(SocketChannelImpl.java:411)
	at java.base/sun.nio.ch.SocketChannelImpl.read(SocketChannelImpl.java:493)
	at bg.sofia.uni.fmi.mjt.uno.server.ClientHandler.readMessageFromClient(ClientHandler.java:55)
	at bg.sofia.uni.fmi.mjt.uno.server.ClientHandler.run(ClientHandler.java:30)
	at java.base/java.lang.Thread.run(Thread.java:1575)

[2025-01-28T22:43:35.245819900] Error occurred:
Client: Unknown (error retrieving client info)
Exception: java.nio.channels.ClosedChannelException - null
java.nio.channels.ClosedChannelException
	at java.base/sun.nio.ch.SocketChannelImpl.ensureOpenAndConnected(SocketChannelImpl.java:224)
	at java.base/sun.nio.ch.SocketChannelImpl.implRead(SocketChannelImpl.java:411)
	at java.base/sun.nio.ch.SocketChannelImpl.read(SocketChannelImpl.java:493)
	at bg.sofia.uni.fmi.mjt.uno.server.ClientHandler.readMessag[2025-01-28T22:43:35.245819900] Error occurred:
Client: Unknown (error retrieving client info)
Exception: java.nio.channels.ClosedChannelException - null
java.nio.channels.ClosedChannelException
	at java.base/sun.nio.ch.SocketChannelImpl.ensureOpenAndConnected(SocketChannelImpl.java:224)
	at java.base/sun.nio.ch.SocketChannelImpl.implRead(SocketChannelImpl.java:411)
	at java.base/sun.nio.ch.SocketChannelImpl.read(SocketChannelImpl.java:493)
	at bg.sofia.uni.fmi.mjt.uno.server.ClientHandler.readMessag[2025-01-28T22:43:35.245819900] Error occurred:
Client: Unknown (error retrieving client info)
Exception: java.nio.channels.ClosedChannelException - null
java.nio.channels.ClosedChannelException
	at java.base/sun.nio.ch.SocketChannelImpl.ensureOpenAndConnected(SocketChannelImpl.java:224)
	at java.base/sun.nio.ch.SocketChannelImpl.implRead(SocketChannelImpl.java:411)
	at java.base/sun.nio.ch.SocketChannelImpl.read(SocketChannelImpl.java:493)
	at bg.sofia.uni.fmi.mjt.uno.server.ClientHandler.readMessageFromClient(ClientHandler.java:55)
	at bg.sofia.uni.fmi.mjt.uno.server.ClientHandler.run(ClientHandler.java:30)
	at java.base/java.lang.Thread.run(Thread.java:1575)

eFromClient(ClientHandler.java:55)
	at bg.sofia.uni.fmi.mjt.uno.server.ClientHandler.run(ClientHandler.java:30)
	at java.base/java.lang.Thread.run(Thread.java:1575)

eFromClient(ClientHandler.java:55)
	at bg.sofia.uni.fmi.mjt.uno.server.ClientHandler.run(ClientHandler.java:30)
	at java.base/java.lang.Thread.run(Thread.java:1575)

[2025-01-28T22:43:35.245819900] Error occurred:
Client: Unknown (error retrieving client info)
Exception: java.nio.channels.ClosedChannelException - null
java.nio.channels.ClosedChannelException
	at java.base/sun.nio.ch.SocketChannelImpl.ensureOpenAndConnected(SocketChannelImpl.java:224)
	at java.base/sun.nio.ch.SocketChannelImpl.implRead(SocketChannelImpl.java:411)
	at java.base/sun.nio.ch.SocketChannelImpl.read(SocketChannelImpl.java:493)
	at bg.sofia.uni.fmi.mjt.uno.server.ClientHandler.readMessageFromClient(ClientHandler.java:55)
	at bg.sofia.uni.fmi.mjt.uno.server.ClientHandler.run(ClientHandler.java:30)
	at java.base/java.lang.Thread.run(Thread.java:1575)

[2025-01-28T22:43:35.246819400] Error occurred:
Client: Unknown (error retrieving client info)
Exception: java.nio.channels.ClosedChannelException - null
java.nio.channels.ClosedChannelException
	at java.base/sun.nio.ch.SocketChannelImpl.ensureOpenAndConnected(SocketChannelImpl.java:224)
	at java.base/sun.nio.ch.SocketChannelImpl.implRead(SocketChannelImpl.java:411)
	at java.base/sun.nio.ch.SocketChannelImpl.read(SocketChannelImpl.java:493)
	at bg.sofia.uni.fmi.mjt.uno.server.ClientHandler.readMessageFromClient(ClientHandler.java:55)
	at bg.sofia.uni.fmi.mjt.uno.server.ClientHandler.run(ClientHandler.java:30)
	at java.base/java.lang.Thread.run(Thread.java:1575)

[2025-01-28T22:43:35.247819900] Error occurred:
Client: Unknown (error retrieving client info)
Exception: java.nio.channels.ClosedChannelException - null
java.nio.channels.ClosedChannelException
	at java.base/sun.nio.ch.SocketChannelImpl.ensureOpenAndConnected(SocketChannelImpl.java:224)
	at java.base/sun.nio.ch.SocketChannelImpl.implRead(SocketChannelImpl.java:411)
	at java.base/sun.nio.ch.SocketChannelImpl.read(SocketChannelImpl.java:493)
	at bg.sofia.uni.fmi.mjt.uno.server.ClientHandler.readMessageFromClient(ClientHandler.java:55)
	at bg.sofia.uni.fmi.mjt.uno.server.ClientHandler.run(ClientHandler.java:30)
	at java.base/java.lang.Thread.run(Thread.java:1575)

[2025-01-28T22:43:35.247819900] Error occurred:
Client: Unknown (error retrieving client info)
Exception: java.nio.channels.ClosedChannelException - null
java.nio.channels.ClosedChannelException
	at java.base/sun.nio.ch.SocketChannelImpl.ensureOpenAndConnected(SocketChannelImpl.java:224)
	at java.base/sun.nio.ch.SocketChannelImpl.implRead(SocketChannelImpl.java:411)
	at java.base/sun.nio.ch.SocketChannelImpl.read(SocketChannelImpl.java:493)
	at bg.sofia.uni.fmi.mjt.uno.server.ClientHandler.readMessageFromClient(ClientHandler.java:55)
	at bg.sofia.uni.fmi.mjt.uno.server.ClientHandler.run(ClientHandler.java:30)
	at java.base/java.lang.Thread.run(Thread.java:1575)

[2025-01-28T22:43:35.247819900] Error occurred:
Client: Unknown (error retrieving client info)
Exception: java.nio.channels.ClosedChannelException - null
java.nio.channels.ClosedChannelException
	at java.base/sun.nio.ch.SocketChannelImpl.ensureOpenAndConnected(SocketChannelImpl.java:224)
	at java.base/sun.nio.ch.SocketChannelImpl.implRead(SocketChannelImpl.java:411)
	at java.base/sun.nio.ch.SocketChannelImpl.read(SocketChannelImpl.java:493)
	at bg.sofia.uni.fmi.mjt.uno.server.ClientHandler.readMessageFromClient(ClientHandler.java:55)
	at bg.sofia.uni.fmi.mjt.uno.server.ClientHandler.run(ClientHandler.java:30)
	at java.base/java.lang.Thread.run(Thread.java:1575)

[2025-01-28T22:43:35.248820700] Error occurred:
Client: Unknown (error retrieving client info)
Exception: java.nio.channels.ClosedChannelException - null
java.nio.channels.ClosedChannelException
	at java.base/sun.nio.ch.SocketChannelImpl.ensureOpenAndConnected(SocketChannelImpl.java:224)
	at java.base/sun.nio.ch.SocketChannelImpl.implRead(SocketChannelImpl.java:411)
	at java.base/sun.nio.ch.SocketChannelImpl.read(SocketChannelImpl.java:493)
	at bg.sofia.uni.fmi.mjt.uno.server.ClientHandler.readMessageFromClient(ClientHandler.java:55)
	at bg.sofia.uni.fmi.mjt.uno.server.ClientHandler.run(ClientHandler.java:30)
	at java.base/java.lang.Thread.run(Thread.java:1575)

[2025-01-28T22:43:35.248820700] Error occurred:
Client: Unknown (error retrieving client info)
Exception: java.nio.channels.ClosedChannelException - null
java.nio.channels.ClosedChannelException
	at java.base/sun.nio.ch.SocketChannelImpl.ensureOpenAndConnected(SocketChannelImpl.java:224)
	at java.base/sun.nio.ch.SocketChannelImpl.implRead(SocketChannelImpl.java:411)
	at java.base/sun.nio.ch.SocketChannelImpl.read(SocketChannelImpl.java:493)
	at bg.sofia.uni.fmi.mjt.uno.server.ClientHandler.readMessageFromClient(ClientHandler.java:55)
	at bg.sofia.uni.fmi.mjt.uno.server.ClientHandler.run(ClientHandler.java:30)
	at java.base/java.lang.Thread.run(Thread.java:1575)

[2025-01-28T22:43:35.248820700] Error occurred:
Client: Unknown (error retrieving client info)
Exception: java.nio.channels.ClosedChannelException - null
java.nio.channels.ClosedChannelException
	at java.base/sun.nio.ch.SocketChannelImpl.ensureOpenAndConnected(SocketChannelImpl.java:224)
	at java.base/sun.nio.ch.SocketChannelImpl.implRead(SocketChannelImpl.java:411)
	at java.base/sun.nio.ch.SocketChannelImpl.read(SocketChannelImpl.java:493)
	at bg.sofia.uni.fmi.mjt.uno.server.ClientHandler.readMessag[2025-01-28T22:43:35.249821800] Error occurred:
Client: Unknown (error retrieving client info)
Exception: java.nio.channels.ClosedChannelException - null
java.nio.channels.ClosedChannelException
	at java.base/sun.nio.ch.SocketChannelImpl.ensureOpenAndConnected(SocketChannelImpl.java:224)
	at java.base/sun.nio.ch.SocketChannelImpl.implRead(SocketChannelImpl.java:411)
	at java.base/sun.nio.ch.SocketChannelImpl.read(SocketChannelImpl.java:493)
	at bg.sofia.uni.fmi.mjt.uno.server.ClientHandler.readMessageFromClient(ClientHandler.java:55)
	at bg.sofia.uni.fmi.mjt.uno.server.ClientHandler.run(ClientHandler.java:30)
	at java.base/java.lang.Thread.run(Thread.java:1575)

[2025-01-28T22:43:35.248820700] Error occurred:
Client: Unknown (error retrieving client info)
Exception: java.nio.channels.ClosedChannelException - null
java.nio.channels.ClosedChannelException
	at java.base/sun.nio.ch.SocketChannelImpl.ensureOpenAndConnected(SocketChannelImpl.java:224)
	at java.base/sun.nio.ch.SocketChannelImpl.implRead(SocketChannelImpl.java:411)
	at java.base/sun.nio.ch.SocketChannelImpl.read(SocketChannelImpl.java:493)
	at bg.sofia.uni.fmi.mjt.uno.server.ClientHandler.readMessageFromClient(ClientHandler.java:55)
	at bg.sofia.uni.fmi.mjt.uno.server.ClientHandler.run(ClientHandler.java:30)
	at java.base/java.lang.Thread.run(Thread.java:1575)

eFromClient(ClientHandler.java:55)
	at bg.sofia.uni.fmi.mjt.uno.server.ClientHandler.run(ClientHandler.java:30)
	at java.base/java.lang.Thread.run(Thread.java:1575)

[2025-01-28T22:43:35.249821800] Error occurred:
Client: Unknown (error retrieving client info)
Exception: java.nio.channels.ClosedChannelException - null
java.nio.channels.ClosedChannelException
	at java.base/sun.nio.ch.SocketChannelImpl.ensureOpenAndConnected(SocketChannelImpl.java:224)
	at java.base/sun.nio.ch.SocketChannelImpl.implRead(SocketChannelImpl.java:411)
	at java.base/sun.nio.ch.SocketChannelImpl.read(SocketChannelImpl.java:493)
	at bg.sofia.uni.fmi.mjt.uno.server.ClientHandler.readMessageFromClient(ClientHandler.java:55)
	at bg.sofia.uni.fmi.mjt.uno.server.ClientHandler.run(ClientHandler.java:30)
	at java.base/java.lang.Thread.run(Thread.java:1575)

[2025-01-28T22:43:35.249821800] Error occurred:
Client: Unknown (error retrieving client info)
Exception: java.nio.channels.ClosedChannelException - null
java.nio.channels.ClosedChannelException
	at java.base/sun.nio.ch.SocketChannelImpl.ensureOpenAndConnected(SocketChannelImpl.java:224)
	at java.base/sun.nio.ch.SocketChannelImpl.implRead(SocketChannelImpl.java:411)
	at java.base/sun.nio.ch.SocketChannelImpl.read(SocketChannelImpl.java:493)
	at bg.sofia.uni.fmi.mjt.uno.server.ClientHandler.readMessag[2025-01-28T22:43:35.249821800] Error occurred:
Client: Unknown (error retrieving client info)
Exception: java.nio.channels.ClosedChannelException - null
java.nio.channels.ClosedChannelException
	at java.base/sun.nio.ch.SocketChannelImpl.ensureOpenAndConnected(SocketChannelImpl.java:224)
	at java.base/sun.nio.ch.SocketChannelImpl.implRead(SocketChannelImpl.java:411)
	at java.base/sun.nio.ch.SocketChannelImpl.read(SocketChannelImpl.java:493)
	at bg.sofia.uni.fmi.mjt.uno.server.ClientHandler.readMessageFromClient(ClientHandler.java:55)
	at bg.sofia.uni.fmi.mjt.uno.server.ClientHandler.run(ClientHandler.java:30)
	at java.base/java.lang.Thread.run(Thread.java:1575)

eFromClient(ClientHandler.java:55)
	at bg.sofia.uni.fmi.mjt.uno.server.ClientHandler.run(ClientHandler.java:30)
	at java.base/java.lang.Thread.run(Thread.java:1575)

[2025-01-28T22:43:35.250821] Error occurred:
Client: Unknown (error retrieving client info)
Exception: java.nio.channels.ClosedChannelException - null
java.nio.channels.ClosedChannelException
	at java.base/sun.nio.ch.SocketChannelImpl.ensureOpenAndConnected(SocketChannelImpl.java:224)
	at java.base/sun.nio.ch.SocketChannelImpl.implRead(SocketChannelImpl.java:411)
	at java.base/sun.nio.ch.SocketChannelImpl.read(SocketChannelImpl.java:493)
	at bg.sofia.uni.fmi.mjt.uno.server.ClientHandler.readMessageFromClient(ClientHandler.java:55)
	at bg.sofia.uni.fmi.mjt.uno.server.ClientHandler.run(ClientHandler.java:30)
	at java.base/java.lang.Thread.run(Thread.java:1575)

[2025-01-28T22:43:35.250821] Error occurred:
Client: Unknown (error retrieving client info)
Exception: java.nio.channels.ClosedChannelException - null
java.nio.channels.ClosedChannelException
	at java.base/sun.nio.ch.SocketChannelImpl.ensureOpenAndConnected(SocketChannelImpl.java:224)
	at java.base/sun.nio.ch.SocketChannelImpl.implRead(SocketChannelImpl.java:411)
	at java.base/sun.nio.ch.SocketChannelImpl.read(SocketChannelImpl.java:493)
	at bg.sofia.uni.fmi.mjt.uno.server.ClientHandler.readMessageFr[2025-01-28T22:43:35.250821] Error occurred:
Client: Unknown (error retrieving client info)
Exception: java.nio.channels.ClosedChannelException - null
java.nio.channels.ClosedChannelException
	at java.base/sun.nio.ch.SocketChannelImpl.ensureOpenAndConnected(SocketChannelImpl.java:224)
	at java.base/sun.nio.ch.SocketChannelImpl.implRead(SocketChannelImpl.java:411)
	at java.base/sun.nio.ch.SocketChannelImpl.read(SocketChannelImpl.java:493)
	at bg.sofia.uni.fmi.mjt.uno.server.ClientHandler.readMessageFromClient(ClientHandler.java:55)
	at bg.sofia.uni.fmi.mjt.uno.server.ClientHandler.run(ClientHandler.java:30)
	at java.base/java.lang.Thread.run(Thread.java:1575)

omClient(ClientHandler.java:55)
	at bg.sofia.uni.fmi.mjt.uno.server.ClientHandler.run(ClientHandler.java:30)
	at java.base/java.lang.Thread.run(Thread.java:1575)

[2025-01-28T22:43:35.250821] Error occurred:
Client: Unknown (error retrieving client info)
Exception: java.nio.channels.ClosedChannelException - null
java.nio.channels.ClosedChannelException
	at java.base/sun.nio.ch.SocketChannelImpl.ensureOpenAndConnected(SocketChannelImpl.java:224)
	at java.base/sun.nio.ch.SocketChannelImpl.implRead(SocketChannelImpl.java:411)
	at java.base/sun.nio.ch.SocketChannelImpl.read(SocketChannelImpl.java:493)
	at bg.sofia.uni.fmi.mjt.uno.server.ClientHandler.readMessageFromClient(ClientHandler.java:55)
	at bg.sofia.uni.fmi.mjt.uno.server.ClientHandler.run(ClientHandler.java:30)
	at java.base/java.lang.Thread.run(Thread.java:1575)

[2025-01-28T22:43:35.251821800] Error occurred:
Client: Unknown (error retrieving client info)
Exception: java.nio.channels.ClosedChannelException - null
java.nio.channels.ClosedChannelException
	at java.base/sun.nio.ch.SocketChannelImpl.ensureOpenAndConnected(SocketChannelImpl.java:224)
	at java.base/sun.nio.ch.SocketChannelImpl.implRead(SocketChannelImpl.java:411)
	at java.base/sun.nio.ch.SocketChannelImpl.read(SocketChannelImpl.java:493)
	at bg.sofia.uni.fmi.mjt.uno.server.ClientHandler.readMessageFromClient(ClientHandler.java:55)
	at bg.sofia.uni.fmi.mjt.uno.server.ClientHandler.run(ClientHandler.java:30)
	at java.base/java.lang.Thread.run(Thread.java:1575)

[2025-01-28T22:43:35.251821800] Error occurred:
Client: Unknown (error retrieving client info)
Exception: java.nio.channels.ClosedChannelException - null
java.nio.channels.ClosedChannelException
	at java.base/sun.nio.ch.SocketChannelImpl.ensureOpenAndConnected(SocketChannelImpl.java:224)
	at java.base/sun.nio.ch.SocketChannelImpl.implRead(SocketChannelImpl.java:411)
	at java.base/sun.nio.ch.SocketChannelImpl.read(SocketChannelImpl.java:493)
	at bg.sofia.uni.fmi.mjt.uno.server.ClientHandler.readMessageFromClient(ClientHandler.java:55)
	at bg.sofia.uni.fmi.mjt.uno.server.ClientHandler.run(ClientHandler.java:30)
	at java.base/java.lang.Thread.run(Thread.java:1575)

[2025-01-28T22:43:35.251821800] Error occurred:
Client: Unknown (error retrieving client info)
Exception: java.nio.channels.ClosedChannelException - null
java.nio.channels.ClosedChannelException
	at java.base/sun.nio.ch.SocketChannelImpl.ensureOpenAndConnected(SocketChannelImpl.java:224)
	at java.base/sun.nio.ch.SocketChannelImpl.implRead(SocketChannelImpl.java:411)
	at java.base/sun.nio.ch.SocketChannelImpl.read(SocketChannelImpl.java:493)
	at bg.sofia.uni.fmi.mjt.uno.server.ClientHandler.readMessageFromClient(ClientHandler.java:55)
	at bg.sofia.uni.fmi.mjt.uno.server.ClientHandler.run(ClientHandler.java:30)
	at java.base/java.lang.Thread.run(Thread.java:1575)

[2025-01-28T22:43:35.252820600] Error occurred:
Client: Unknown (error retrieving client info)
Exception: java.nio.channels.ClosedChannelException - null
java.nio.channels.ClosedChannelException
	at java.base/sun.nio.ch.SocketChannelImpl.ensureOpenAndConnected(SocketChannelImpl.java:224)
	at java.base/sun.nio.ch.SocketChannelImpl.implRead(SocketChannelImpl.java:411)
	at java.base/sun.nio.ch.SocketChannelImpl.read(SocketChannelImpl.java:493)
	at bg.sofia.uni.fmi.mjt.uno.server.ClientHandler.readMessageFromClient(ClientHandler.java:55)
	at bg.sofia.uni.fmi.mjt.uno.server.ClientHandler.run(ClientHandler.java:30)
	at java.base/java.lang.Thread.run(Thread.java:1575)

[2025-01-28T22:43:35.252820600] Error occurred:
Client: Unknown (error retrieving client info)
Exception: java.nio.channels.ClosedChannelException - null
java.nio.channels.ClosedChannelException
	at java.base/sun.nio.ch.SocketChannelImpl.ensureOpenAndConnected(SocketChannelImpl.java:224)
	at java.base/sun.nio.ch.SocketChannelImpl.implRead(SocketChannelImpl.java:411)
	at java.base/sun.nio.ch.SocketChannelImpl.read(SocketChannelImpl.java:493)
	at bg.sofia.uni.fmi.mjt.uno.server.ClientHandler.readMessageFromClient(ClientHandler.java:55)
	at bg.sofia.uni.fmi.mjt.uno.server.ClientHandler.run(ClientHandler.java:30)
	at java.base/java.lang.Thread.run(Thread.java:1575)

[2025-01-28T22:43:35.252820600] Error occurred:
Client: Unknown (error retrieving client info)
Exception: java.nio.channels.ClosedChannelException - null
java.nio.channels.ClosedChannelException
	at java.base/sun.nio.ch.SocketChannelImpl.ensureOpenAndConnected(SocketChannelImpl.java:224)
	at java.base/sun.nio.ch.SocketChannelImpl.implRead(SocketChannelImpl.java:411)
	at java.base/sun.nio.ch.SocketChannelImpl.read(SocketChannelImpl.java:493)
	at bg.sofia.uni.fmi.mjt.uno.server.ClientHandler.readMessageFromClient(ClientHandler.java:55)
	at bg.sofia.uni.fmi.mjt.uno.server.ClientHandler.run(ClientHandler.java:30)
	at java.base/java.lang.Thread.run(Thread.java:1575)

[2025-01-28T22:43:35.253820700] Error occurred:
Client: Unknown (error retrieving client info)
Exception: java.nio.channels.ClosedChannelException - null
java.nio.channels.ClosedChannelException
	at java.base/sun.nio.ch.SocketChannelImpl.ensureOpenAndConnected(SocketChannelImpl.java:224)
	at java.base/sun.nio.ch.SocketChannelImpl.implRead(SocketChannelImpl.java:411)
	at java.base/sun.nio.ch.SocketChannelImpl.read(SocketChannelImpl.java:493)
	at bg.sofia.uni.fmi.mjt.uno.server.ClientHandler.readMessag[2025-01-28T22:43:35.253820700] Error occurred:
Client: Unknown (error retrieving client info)
Exception: java.nio.channels.ClosedChannelException - null
java.nio.channels.ClosedChannelException
	at java.base/sun.nio.ch.SocketChannelImpl.ensureOpenAndConnected(SocketChannelImpl.java:224)
	at java.base/sun.nio.ch.SocketChannelImpl.implRead(SocketChannelImpl.java:411)
	at java.base/sun.nio.ch.SocketChannelImpl.read(SocketChannelImpl.java:493)
	at bg.sofia.uni.fmi.mjt.uno.server.ClientHandler.readMessageFromClient(ClientHandler.java:55)
	at bg.sofia.uni.fmi.mjt.uno.server.ClientHandler.run(ClientHandler.java:30)
	at java.base/java.lang.Thread.run(Thread.java:1575)

eFromClient(ClientHandler.java:55)
	at bg.sofia.uni.fmi.mjt.uno.server.ClientHandler.run(ClientHandler.java:30)
	at java.base/java.lang.Thread.run(Thread.java:1575)

[2025-01-28T22:43:35.253820700] Error occurred:
Client: Unknown (error retrieving client info)
Exception: java.nio.channels.ClosedChannelException - null
java.nio.channels.ClosedChannelException
	at java.base/sun.nio.ch.SocketChannelImpl.ensureOpenAndConnected(SocketChannelImpl.java:224)
	at java.base/sun.nio.ch.SocketChannelImpl.implRead(SocketChannelImpl.java:411)
	at java.base/sun.nio.ch.SocketChannelImpl.read(SocketChannelImpl.java:493)
	at bg.sofia.uni.fmi.mjt.uno.server.ClientHandler.readMessag[2025-01-28T22:43:35.253820700] Error occurred:
Client: Unknown (error retrieving client info)
Exception: java.nio.channels.ClosedChannelException - null
java.nio.channels.ClosedChannelException
	at java.base/sun.nio.ch.SocketChannelImpl.ensureOpenAndConnected(SocketChannelImpl.java:224)
	at java.base/sun.nio.ch.SocketChannelImpl.implRead(SocketChannelImpl.java:411)
	at java.base/sun.nio.ch.SocketChannelImpl.read(SocketChannelImpl.java:493)
	at bg.sofia.uni.fmi.mjt.uno.server.ClientHandler.readMessageFromClient(ClientHandler.java:55)
	at bg.sofia.uni.fmi.mjt.uno.server.ClientHandler.run(ClientHandler.java:30)
	at java.base/java.lang.Thread.run(Thread.java:1575)

[2025-01-28T22:43:35.254821600] Error occurred:
Client: Unknown (error retrieving client info)
Exception: java.nio.channels.ClosedChannelException - null
java.nio.channels.ClosedChannelException
	at java.base/sun.nio.ch.SocketChannelImpl.ensureOpenAndConnected(SocketChannelImpl.java:224)
	at java.base/sun.nio.ch.SocketChannelImpl.implRead(SocketChannelImpl.java:411)
	at java.base/sun.nio.ch.SocketChannelImpl.read(SocketChannelImpl.java:493)
	at bg.sofia.uni.fmi.mjt.uno.server.ClientHandler.readMessageFromClient(ClientHandler.java:55)
	at bg.sofia.uni.fmi.mjt.uno.server.ClientHandler.run(ClientHandler.java:30)
	at java.base/java.lang.Thread.run(Thread.java:1575)

[2025-01-28T22:43:35.254821600] Error occurred:
Client: Unknown (error retrieving client info)
Exception: java.nio.channels.ClosedChannelException - null
java.nio.channels.ClosedChannelException
	at java.base/sun.nio.ch.SocketChannelImpl.ensureOpenAndConnected(SocketChannelImpl.java:224)
	at java.base/sun.nio.ch.SocketChannelImpl.implRead(SocketChannelImpl.java:411)
	at java.base/sun.nio.ch.SocketChannelImpl.read(SocketChannelImpl.java:493)
	at bg.sofia.uni.fmi.mjt.uno.server.ClientHandler.readMessageFromClient(ClientHandler.java:55)
	at bg.sofia.uni.fmi.mjt.uno.server.ClientHandler.run(ClientHandler.java:30)
	at java.base/java.lang.Thread.run(Thread.java:1575)

[2025-01-28T22:43:35.254821600] Error occurred:
Client: Unknown (error retrieving client info)
Exception: java.nio.channels.ClosedChannelException - null
java.nio.channels.ClosedChannelException
	at java.base/sun.nio.ch.SocketChannelImpl.ensureOpenAndConnected(SocketChannelImpl.java:224)
	at java.base/sun.nio.ch.SocketChannelImpl.implRead(SocketChannelImpl.java:411)
	at java.base/sun.nio.ch.SocketChannelImpl.read(SocketChannelImpl.java:493)
	at bg.sofia.uni.fmi.mjt.uno.server.ClientHandler.readMessageFromClient(ClientHandler.java:55)
	at bg.sofia.uni.fmi.mjt.uno.server.ClientHandler.run(ClientHandler.java:30)
	at java.base/java.lang.Thread.run(Thread.java:1575)

[2025-01-28T22:43:35.254821600] Error occurred:
Client: Unknown (error retrieving client info)
Exception: java.nio.channels.ClosedChannelException - null
java.nio.channels.ClosedChannelException
	at java.base/sun.nio.ch.SocketChannelImpl.ensureOpenAndConnected(SocketChannelImpl.java:224)
	at java.base/sun.nio.ch.SocketChannelImpl.implRead(SocketChannelImpl.java:411)
	at java.base/sun.nio.ch.SocketChannelImpl.read(SocketChannelImpl.java:493)
	at bg.sofia.uni.fmi.mjt.uno.server.ClientHandler.readMessageFromClient(ClientHandler.java:55)
	at bg.sofia.uni.fmi.mjt.uno.server.ClientHandler.run(ClientHandler.java:30)
	at java.base/java.lang.Thread.run(Thread.java:1575)

[2025-01-28T22:43:35.254821600] Error occurred:
Client: Unknown (error retrieving client info)
Exception: java.nio.channels.ClosedChannelException - null
java.nio.channels.ClosedChannelException
	at java.base/sun.nio.ch.SocketChannelImpl.ensureOpenAndConnected(SocketChannelImpl.java:224)
	at java.base/sun.nio.ch.SocketChannelImpl.implRead(SocketChannelImpl.java:411)
	at java.base/sun.nio.ch.SocketChannelImpl.read(SocketChannelImpl.java:493)
	at bg.sofia.uni.fmi.mjt.uno.server.ClientHandler.readMessageFromClient(ClientHandler.java:55)
	at bg.sofia.uni.fmi.mjt.uno.server.ClientHandler.run(ClientHandler.java:30)
	at java.base/java.lang.Thread.run(Thread.java:1575)

[2025-01-28T22:43:35.254821600] Error occurred:
Client: Unknown (error retrieving client info)
Exception: java.nio.channels.ClosedChannelException - null
java.nio.channels.ClosedChannelException
	at java.base/sun.nio.ch.SocketChannelImpl.ensureOpenAndConnected(SocketChannelImpl.java:224)
	at java.base/sun.nio.ch.SocketChannelImpl.implRead(SocketChannelImpl.java:411)
	at java.base/sun.nio.ch.SocketChannelImpl.read(SocketChannelImpl.java:493)
	at bg.sofia.uni.fmi.mjt.uno.server.ClientHandler.readMessageFromClient(ClientHandler.java:55)
	at bg.sofia.uni.fmi.mjt.uno.server.ClientHandler.run(ClientHandler.java:30)
	at java.base/java.lang.Thread.run(Thread.java:1575)

eFromClient(ClientHandler.java:55)
	at bg.sofia.uni.fmi.mjt.uno.server.ClientHandler.run(ClientHandler.java:30)
	at java.base/java.lang.Thread.run(Thread.java:1575)

[2025-01-28T22:43:35.255822600] Error occurred:
Client: Unknown (error retrieving client info)
Exception: java.nio.channels.ClosedChannelException - null
java.nio.channels.ClosedChannelException
	at java.base/sun.nio.ch.SocketChannelImpl.ensureOpenAndConnected(SocketChannelImpl.java:224)
	at java.base/sun.nio.ch.SocketChannelImpl.implRead(SocketChannelImpl.java:411)
	at java.base/sun.nio.ch.SocketChannelImpl.read(SocketChannelImpl.java:493)
	at bg.sofia.uni.fmi.mjt.uno.server.ClientHandler.readMessageFromClient(ClientHandler.java:55)
	at bg.sofia.uni.fmi.mjt.uno.server.ClientHandler.run(ClientHandler.java:30)
	at java.base/java.lang.Thread.run(Thread.java:1575)

[2025-01-28T22:43:35.255822600] Error occurred:
Client: Unknown (error retrieving client info)
Exception: java.nio.channels.ClosedChannelException - null
java.nio.channels.ClosedChannelException
	at java.base/sun.nio.ch.SocketChannelImpl.ensureOpenAndConnected(SocketChannelImpl.java:224)
	at java.base/sun.nio.ch.SocketChannelImpl.implRead(SocketChannelImpl.java:411)
	at java.base/sun.nio.ch.SocketChannelImpl.read(SocketChannelImpl.java:493)
	at bg.sofia.uni.fmi.mjt.uno.server.ClientHandler.readMessageFromClient(ClientHandler.java:55)
	at bg.sofia.uni.fmi.mjt.uno.server.ClientHandler.run(ClientHandler.java:30)
	at java.base/java.lang.Thread.run(Thread.java:1575)

[2025-01-28T22:43:35.256820600] Error occurred:
Client: Unknown (error retrieving client info)
Exception: java.nio.channels.ClosedChannelException - null
java.nio.channels.ClosedChannelException
	at java.base/sun.nio.ch.SocketChannelImpl.ensureOpenAndConnected(SocketChannelImpl.java:224)
	at java.base/sun.nio.ch.SocketChannelImpl.implRead(SocketChannelImpl.java:411)
	at java.base/sun.nio.ch.SocketChannelImpl.read(SocketChannelImpl.java:493)
	at bg.sofia.uni.fmi.mjt.uno.server.ClientHandler.readMessageFromClient(ClientHandler.java:55)
	at bg.sofia.uni.fmi.mjt.uno.server.ClientHandler.run(ClientHandler.java:30)
	at java.base/java.lang.Thread.run(Thread.java:1575)

[2025-01-28T22:43:35.256820600] Error occurred:
Client: Unknown (error retrieving client info)
Exception: java.nio.channels.ClosedChannelException - null
java.nio.channels.ClosedChannelException
	at java.base/sun.nio.ch.SocketChannelImpl.ensureOpenAndConnected(SocketChannelImpl.java:224)
	at java.base/sun.nio.ch.SocketChannelImpl.implRead(SocketChannelImpl.java:411)
	at java.base/sun.nio.ch.SocketChannelImpl.read(SocketChannelImpl.java:493)
	at bg.sofia.uni.fmi.mjt.uno.server.ClientHandler.readMessageFromClient(ClientHandler.java:55)
	at bg.sofia.uni.fmi.mjt.uno.server.ClientHandler.run(ClientHandler.java:30)
	at java.base/java.lang.Thread.run(Thread.java:1575)

[2025-01-28T22:43:35.256820600] Error occurred:
Client: Unknown (error retrieving client info)
Exception: java.nio.channels.ClosedChannelException - null
java.nio.channels.ClosedChannelException
	at java.base/sun.nio.ch.SocketChannelImpl.ensureOpenAndConnected(SocketChannelImpl.java:224)
	at java.base/sun.nio.ch.SocketChannelImpl.implRead(SocketChannelImpl.java:411)
	at java.base/sun.nio.ch.SocketChannelImpl.read(SocketChannelImpl.java:493)
	at bg.sofia.uni.fmi.mjt.uno.server.ClientHandler.readMessag[2025-01-28T22:43:35.256820600] Error occurred:
Client: Unknown (error retrieving client info)
Exception: java.nio.channels.ClosedChannelException - null
java.nio.channels.ClosedChannelException
	at java.base/sun.nio.ch.SocketChannelImpl.ensureOpenAndConnected(SocketChannelImpl.java:224)
	at java.base/sun.nio.ch.SocketChannelImpl.implRead(SocketChannelImpl.java:411)
	at java.base/sun.nio.ch.SocketChannelImpl.read(SocketChannelImpl.java:493)
	at bg.sofia.uni.fmi.mjt.uno.server.ClientHandler.readMessageFromClient(ClientHandler.java:55)
	at bg.sofia.uni.fmi.mjt.uno.server.ClientHandler.run(ClientHandler.java:30)
	at java.base/java.lang.Thread.run(Thread.java:1575)

eFromClient(ClientHandler.java:55)
	at bg.sofia.uni.fmi.mjt.uno.server.ClientHandler.run(ClientHandler.java:30)
	at java.base/java.lang.Thread.run(Thread.java:1575)

[2025-01-28T22:43:35.256820600] Error occurred:
Client: Unknown (error retrieving client info)
Exception: java.nio.channels.ClosedChannelException - null
java.nio.channels.ClosedChannelException
	at java.base/sun.nio.ch.SocketChannelImpl.ensureOpenAndConnected(SocketChannelImpl.java:224)
	at java.base/sun.nio.ch.SocketChannelImpl.implRead(SocketChannelImpl.java:411)
	at java.base/sun.nio.ch.SocketChannelImpl.read(SocketChannelImpl.java:493)
	at bg.sofia.uni.fmi.mjt.uno.server.ClientHandler.readMessag[2025-01-28T22:43:35.257821900] Error occurred:
Client: Unknown (error retrieving client info)
Exception: java.nio.channels.ClosedChannelException - null
java.nio.channels.ClosedChannelException
	at java.base/sun.nio.ch.SocketChannelImpl.ensureOpenAndConnected(SocketChannelImpl.java:224)
	at java.base/sun.nio.ch.SocketChannelImpl.implRead(SocketChannelImpl.java:411)
	at java.base/sun.nio.ch.SocketChannelImpl.read(SocketChannelImpl.java:493)
	at bg.sofia.uni.fmi.mjt.uno.server.ClientHandler.readMessageFromClient(ClientHandler.java:55)
	at bg.sofia.uni.fmi.mjt.uno.server.ClientHandler.run(ClientHandler.java:30)
	at java.base/java.lang.Thread.run(Thread.java:1575)

eFromClient(ClientHandler.java:55)
	at bg.sofia.uni.fmi.mjt.uno.server.ClientHandler.run(ClientHandler.java:30)
	at java.base/java.lang.Thread.run(Thread.java:1575)

[2025-01-28T22:43:35.257821900] Error occurred:
Client: Unknown (error retrieving client info)
Exception: java.nio.channels.ClosedChannelException - null
java.nio.channels.ClosedChannelException
	at java.base/sun.nio.ch.SocketChannelImpl.ensureOpenAndConnected(SocketChannelImpl.java:224)
	at java.base/sun.nio.ch.SocketChannelImpl.implRead(SocketChannelImpl.java:411)
	at java.base/sun.nio.ch.SocketChannelImpl.read(SocketChannelImpl.java:493)
	at bg.sofia.uni.fmi.mjt.uno.server.ClientHandler.readMessageFromClient(ClientHandler.java:55)
	at bg.sofia.uni.fmi.mjt.uno.server.ClientHandler.run(ClientHandler.java:30)
	at java.base/java.lang.Thread.run(Thread.java:1575)

[2025-01-28T22:43:35.257821900] Error occurred:
Client: Unknown (error retrieving client info)
Exception: java.nio.channels.ClosedChannelException - null
java.nio.channels.ClosedChannelException
	at java.base/sun.nio.ch.SocketChannelImpl.ensureOpenAndConnected(SocketChannelImpl.java:224)
	at java.base/sun.nio.ch.SocketChannelImpl.implRead(SocketChannelImpl.java:411)
	at java.base/sun.nio.ch.SocketChannelImpl.read(SocketChannelImpl.java:493)
	at bg.sofia.uni.fmi.mjt.uno.server.ClientHandler.readMessag[2025-01-28T22:43:35.257821900] Error occurred:
Client: Unknown (error retrieving client info)
Exception: java.nio.channels.ClosedChannelException - null
java.nio.channels.ClosedChannelException
	at java.base/sun.nio.ch.SocketChannelImpl.ensureOpenAndConnected(SocketChannelImpl.java:224)
	at java.base/sun.nio.ch.SocketChannelImpl.implRead(SocketChannelImpl.java:411)
	at java.base/sun.nio.ch.SocketChannelImpl.read(SocketChannelImpl.java:493)
	at bg.sofia.uni.fmi.mjt.uno.server.ClientHandler.readMessageFromClient(ClientHandler.java:55)
	at bg.sofia.uni.fmi.mjt.uno.server.ClientHandler.run(ClientHandler.java:30)
	at java.base/java.lang.Thread.run(Thread.java:1575)

eFromClient(ClientHandler.java:55)
	at bg.sofia.uni.fmi.mjt.uno.server.ClientHandler.run(ClientHandler.java:30)
	at java.base/java.lang.Thread.run(Thread.java:1575)

[2025-01-28T22:43:35.257821900] Error occurred:
Client: Unknown (error retrieving client info)
Exception: java.nio.channels.ClosedChannelException - null
java.nio.channels.ClosedChannelException
	at java.base/sun.nio.ch.SocketChannelImpl.ensureOpenAndConnected(SocketChannelImpl.java:224)
	at java.base/sun.nio.ch.SocketChannelImpl.implRead(SocketChannelImpl.java:411)
	at java.base/sun.nio.ch.SocketChannelImpl.read(SocketChannelImpl.java:493)
	at bg.sofia.uni.fmi.mjt.uno.server.ClientHandler.readMessag[2025-01-28T22:43:35.257821900] Error occurred:
Client: Unknown (error retrieving client info)
Exception: java.nio.channels.ClosedChannelException - null
java.nio.channels.ClosedChannelException
	at java.base/sun.nio.ch.SocketChannelImpl.ensureOpenAndConnected(SocketChannelImpl.java:224)
	at java.base/sun.nio.ch.SocketChannelImpl.implRead(SocketChannelImpl.java:411)
	at java.base/sun.nio.ch.SocketChannelImpl.read(SocketChannelImpl.java:493)
	at bg.sofia.uni.fmi.mjt.uno.server.ClientHandler.readMessag[2025-01-28T22:43:35.257821900] Error occurred:
Client: Unknown (error retrieving client info)
Exception: java.nio.channels.ClosedChannelException - null
java.nio.channels.ClosedChannelException
	at java.base/sun.nio.ch.SocketChannelImpl.ensureOpenAndConnected(SocketChannelImpl.java:224)
	at java.base/sun.nio.ch.SocketChannelImpl.implRead(SocketChannelImpl.java:411)
	at java.base/sun.nio.ch.SocketChannelImpl.read(SocketChannelImpl.java:493)
	at bg.sofia.uni.fmi.mjt.uno.server.ClientHandler.readMessageFromClient(ClientHandler.java:55)
	at bg.sofia.uni.fmi.mjt.uno.server.ClientHandler.run(ClientHandler.java:30)
	at java.base/java.lang.Thread.run(Thread.java:1575)

eFromClient(ClientHandler.java:55)
	at bg.sofia.uni.fmi.mjt.uno.server.ClientHandler.run(ClientHandler.java:30)
	at java.base/java.lang.Thread.run(Thread.java:1575)

eFromClient(ClientHandler.java:55)
	at bg.sofia.uni.fmi.mjt.uno.server.ClientHandler.run(ClientHandler.java:30)
	at java.base/java.lang.Thread.run(Thread.java:1575)

[2025-01-28T22:43:35.258821300] Error occurred:
Client: Unknown (error retrieving client info)
Exception: java.nio.channels.ClosedChannelException - null
java.nio.channels.ClosedChannelException
	at java.base/sun.nio.ch.SocketChannelImpl.ensureOpenAndConnected(SocketChannelImpl.java:224)
	at java.base/sun.nio.ch.SocketChannelImpl.implRead(SocketChannelImpl.java:411)
	at java.base/sun.nio.ch.SocketChannelImpl.read(SocketChannelImpl.java:493)
	at bg.sofia.uni.fmi.mjt.uno.server.ClientHandler.readMessageFromClient(ClientHandler.java:55)
	at bg.sofia.uni.fmi.mjt.uno.server.ClientHandler.run(ClientHandler.java:30)
	at java.base/java.lang.Thread.run(Thread.java:1575)

[2025-01-28T22:43:35.258821300] Error occurred:
Client: Unknown (error retrieving client info)
Exception: java.nio.channels.ClosedChannelException - null
java.nio.channels.ClosedChannelException
	at java.base/sun.nio.ch.SocketChannelImpl.ensureOpenAndConnected(SocketChannelImpl.java:224)
	at java.base/sun.nio.ch.SocketChannelImpl.implRead(SocketChannelImpl.java:411)
	at java.base/sun.nio.ch.SocketChannelImpl.read(SocketChannelImpl.java:493)
	at bg.sofia.uni.fmi.mjt.uno.server.ClientHandler.readMessageFromClient(ClientHandler.java:55)
	at bg.sofia.uni.fmi.mjt.uno.server.ClientHandler.run(ClientHandler.java:30)
	at java.base/java.lang.Thread.run(Thread.java:1575)

[2025-01-28T22:43:35.258821300] Error occurred:
Client: Unknown (error retrieving client info)
Exception: java.nio.channels.ClosedChannelException - null
java.nio.channels.ClosedChannelException
	at java.base/sun.nio.ch.SocketChannelImpl.ensureOpenAndConnected(SocketChannelImpl.java:224)
	at java.base/sun.nio.ch.SocketChannelImpl.implRead(SocketChannelImpl.java:411)
	at java.base/sun.nio.ch.SocketChannelImpl.read(SocketChannelImpl.java:493)
	at bg.sofia.uni.fmi.mjt.uno.server.ClientHandler.readMessag[2025-01-28T22:43:35.258821300] Error occurred:
Client: Unknown (error retrieving client info)
Exception: java.nio.channels.ClosedChannelException - null
java.nio.channels.ClosedChannelException
	at java.base/sun.nio.ch.SocketChannelImpl.ensureOpenAndConnected(SocketChannelImpl.java:224)
	at java.base/sun.nio.ch.SocketChannelImpl.implRead(SocketChannelImpl.java:411)
	at java.base/sun.nio.ch.SocketChannelImpl.read(SocketChannelImpl.java:493)
	at bg.sofia.uni.fmi.mjt.uno.server.ClientHandler.readMessageFromClient(ClientHandler.java:55)
	at bg.sofia.uni.fmi.mjt.uno.server.ClientHandler.run(ClientHandler.java:30)
	at java.base/java.lang.Thread.run(Thread.java:1575)

eFromClient(ClientHandler.java:55)
	at bg.sofia.uni.fmi.mjt.uno.server.ClientHandler.run(ClientHandler.java:30)
	at java.base/java.lang.Thread.run(Thread.java:1575)

[2025-01-28T22:43:35.259819500] Error occurred:
Client: Unknown (error retrieving client info)
Exception: java.nio.channels.ClosedChannelException - null
java.nio.channels.ClosedChannelException
	at java.base/sun.nio.ch.SocketChannelImpl.ensureOpenAndConnected(SocketChannelImpl.java:224)
	at java.base/sun.nio.ch.SocketChannelImpl.implRead(SocketChannelImpl.java:411)
	at java.base/sun.nio.ch.SocketChannelImpl.read(SocketChannelImpl.java:493)
	at bg.sofia.uni.fmi.mjt.uno.server.ClientHandler.readMessag[2025-01-28T22:43:35.259819500] Error occurred:
Client: Unknown (error retrieving client info)
Exception: java.nio.channels.ClosedChannelException - null
java.nio.channels.ClosedChannelException
	at java.base/sun.nio.ch.SocketChannelImpl.ensureOpenAndConnected(SocketChannelImpl.java:224)
	at java.base/sun.nio.ch.SocketChannelImpl.implRead(SocketChannelImpl.java:411)
	at java.base/sun.nio.ch.SocketChannelImpl.read(SocketChannelImpl.java:493)
	at bg.sofia.uni.fmi.mjt.uno.server.ClientHandler.readMessageFromClient(ClientHandler.java:55)
	at bg.sofia.uni.fmi.mjt.uno.server.ClientHandler.run(ClientHandler.java:30)
	at java.base/java.lang.Thread.run(Thread.java:1575)

eFromClient(ClientHandler.java:55)
	at bg.sofia.uni.fmi.mjt.uno.server.ClientHandler.run(ClientHandler.java:30)
	at java.base/java.lang.Thread.run(Thread.java:1575)

[2025-01-28T22:43:35.259819500] Error occurred:
Client: Unknown (error retrieving client info)
Exception: java.nio.channels.ClosedChannelException - null
java.nio.channels.ClosedChannelException
	at java.base/sun.nio.ch.SocketChannelImpl.ensureOpenAndConnected(SocketChannelImpl.java:224)
	at java.base/sun.nio.ch.SocketChannelImpl.implRead(SocketChannelImpl.java:411)
	at java.base/sun.nio.ch.SocketChannelImpl.read(SocketChannelImpl.java:493)
	at bg.sofia.uni.fmi.mjt.uno.server.ClientHandler.readMessag[2025-01-28T22:43:35.259819500] Error occurred:
Client: Unknown (error retrieving client info)
Exception: java.nio.channels.ClosedChannelException - null
java.nio.channels.ClosedChannelException
	at java.base/sun.nio.ch.SocketChannelImpl.ensureOpenAndConnected(SocketChannelImpl.java:224)
	at java.base/sun.nio.ch.SocketChannelImpl.implRead(SocketChannelImpl.java:411)
	at java.base/sun.nio.ch.SocketChannelImpl.read(SocketChannelImpl.java:493)
	at bg.sofia.uni.fmi.mjt.uno.server.ClientHandler.readMessageFromClient(ClientHandler.java:55)
	at bg.sofia.uni.fmi.mjt.uno.server.ClientHandler.run(ClientHandler.java:30)
	at java.base/java.lang.Thread.run(Thread.java:1575)

eFromClient(ClientHandler.java:55)
	at bg.sofia.uni.fmi.mjt.uno.server.ClientHandler.run(ClientHandler.java:30)
	at java.base/java.lang.Thread.run(Thread.java:1575)

[2025-01-28T22:43:35.260818800] Error occurred:
Client: Unknown (error retrieving client info)
Exception: java.nio.channels.ClosedChannelException - null
java.nio.channels.ClosedChannelException
	at java.base/sun.nio.ch.SocketChannelImpl.ensureOpenAndConnected(SocketChannelImpl.java:224)
	at java.base/sun.nio.ch.SocketChannelImpl.implRead(SocketChannelImpl.java:411)
	at java.base/sun.nio.ch.SocketChannelImpl.read(SocketChannelImpl.java:493)
	at bg.sofia.uni.fmi.mjt.uno.server.ClientHandler.readMessageFromClient(ClientHandler.java:55)
	at bg.sofia.uni.fmi.mjt.uno.server.ClientHandler.run(ClientHandler.java:30)
	at java.base/java.lang.Thread.run(Thread.java:1575)

[2025-01-28T22:43:35.261818300] Error occurred:
Client: Unknown (error retrieving client info)
Exception: java.nio.channels.ClosedChannelException - null
java.nio.channels.ClosedChannelException
	at java.base/sun.nio.ch.SocketChannelImpl.ensureOpenAndConnected(SocketChannelImpl.java:224)
	at java.base/sun.nio.ch.SocketChannelImpl.implRead(SocketChannelImpl.java:411)
	at java.base/sun.nio.ch.SocketChannelImpl.read(SocketChannelImpl.java:493)
	at bg.sofia.uni.fmi.mjt.uno.server.ClientHandler.readMessageFromClient(ClientHandler.java:55)
	at bg.sofia.uni.fmi.mjt.uno.server.ClientHandler.run(ClientHandler.java:30)
	at java.base/java.lang.Thread.run(Thread.java:1575)

[2025-01-28T22:43:35.263818] Error occurred:
Client: Unknown (error retrieving client info)
Exception: java.nio.channels.ClosedChannelException - null
java.nio.channels.ClosedChannelException
	at java.base/sun.nio.ch.SocketChannelImpl.ensureOpenAndConnected(SocketChannelImpl.java:224)
	at java.base/sun.nio.ch.SocketChannelImpl.implRead(SocketChannelImpl.java:411)
	at java.base/sun.nio.ch.SocketChannelImpl.read(SocketChannelImpl.java:493)
	at bg.sofia.uni.fmi.mjt.uno.server.ClientHandler.readMessageFromClient(ClientHandler.java:55)
	at bg.sofia.uni.fmi.mjt.uno.server.ClientHandler.run(ClientHandler.java:30)
	at java.base/java.lang.Thread.run(Thread.java:1575)

[2025-01-28T22:43:35.263818] Error occurred:
Client: Unknown (error retrieving client info)
Exception: java.nio.channels.ClosedChannelException - null
java.nio.channels.ClosedChannelException
	at java.base/sun.nio.ch.SocketChannelImpl.ensureOpenAndConnected(SocketChannelImpl.java:224)
	at java.base/sun.nio.ch.SocketChannelImpl.implRead(SocketChannelImpl.java:411)
	at java.base/sun.nio.ch.SocketChannelImpl.read(SocketChannelImpl.java:493)
	at bg.sofia.uni.fmi.mjt.uno.server.ClientHandler.readMessageFromClient(ClientHandler.java:55)
	at bg.sofia.uni.fmi.mjt.uno.server.ClientHandler.run(ClientHandler.java:30)
	at java.base/java.lang.Thread.run(Thread.java:1575)

[2025-01-28T22:43:35.263818] Error occurred:
Client: Unknown (error retrieving client info)
Exception: java.nio.channels.ClosedChannelException - null
java.nio.channels.ClosedChannelException
	at java.base/sun.nio.ch.SocketChannelImpl.ensureOpenAndConnected(SocketChannelImpl.java:224)
	at java.base/sun.nio.ch.SocketChannelImpl.implRead(SocketChannelImpl.java:411)
	at java.base/sun.nio.ch.SocketChannelImpl.read(SocketChannelImpl.java:493)
	at bg.sofia.uni.fmi.mjt.uno.server.ClientHandler.readMessageFromClient(ClientHandler.java:55)
	at bg.sofia.uni.fmi.mjt.uno.server.ClientHandler.run(ClientHandler.java:30)
	at java.base/java.lang.Thread.run(Thread.java:1575)

[2025-01-28T22:43:35.264819400] Error occurred:
Client: Unknown (error retrieving client info)
Exception: java.nio.channels.ClosedChannelException - null
java.nio.channels.ClosedChannelException
	at java.base/sun.nio.ch.SocketChannelImpl.ensureOpenAndConnected(SocketChannelImpl.java:224)
	at java.base/sun.nio.ch.SocketChannelImpl.implRead(SocketChannelImpl.java:411)
	at java.base/sun.nio.ch.SocketChannelImpl.read(SocketChannelImpl.java:493)
	at bg.sofia.uni.fmi.mjt.uno.server.ClientHandler.readMessageFromClient(ClientHandler.java:55)
	at bg.sofia.uni.fmi.mjt.uno.server.ClientHandler.run(ClientHandler.java:30)
	at java.base/java.lang.Thread.run(Thread.java:1575)

[2025-01-28T22:43:35.264819400] Error occurred:
Client: Unknown (error retrieving client info)
Exception: java.nio.channels.ClosedChannelException - null
java.nio.channels.ClosedChannelException
	at java.base/sun.nio.ch.SocketChannelImpl.ensureOpenAndConnected(SocketChannelImpl.java:224)
	at java.base/sun.nio.ch.SocketChannelImpl.implRead(SocketChannelImpl.java:411)
	at java.base/sun.nio.ch.SocketChannelImpl.read(SocketChannelImpl.java:493)
	at bg.sofia.uni.fmi.mjt.uno.server.ClientHandler.readMessageFromClient(ClientHandler.java:55)
	at bg.sofia.uni.fmi.mjt.uno.server.ClientHandler.run(ClientHandler.java:30)
	at java.base/java.lang.Thread.run(Thread.java:1575)

[2025-01-28T23:13:51.243312600] Error occurred:
Client: Username: nz, Address: /127.0.0.1:57350
Exception: java.net.SocketException - Connection reset
java.net.SocketException: Connection reset
	at java.base/sun.nio.ch.SocketChannelImpl.throwConnectionReset(SocketChannelImpl.java:403)
	at java.base/sun.nio.ch.SocketChannelImpl.implRead(SocketChannelImpl.java:435)
	at java.base/sun.nio.ch.SocketChannelImpl.read(SocketChannelImpl.java:493)
	at bg.sofia.uni.fmi.mjt.uno.server.ClientHandler.readMessageFromClient(ClientHandler.java:55)
	at bg.sofia.uni.fmi.mjt.uno.server.ClientHandler.run(ClientHandler.java:30)
	at java.base/java.lang.Thread.run(Thread.java:1575)

[2025-01-28T23:13:51.243312600] Error occurred:
Client: Username: nz, Address: /127.0.0.1:57350
Exception: java.net.SocketException - Connection reset
java.net.SocketException: Connection reset
	at java.base/sun.nio.ch.SocketChannelImpl.throwConnectionReset(SocketChannelImpl.java:403)
	at java.base/sun.nio.ch.SocketChannelImpl.implRead(SocketChannelImpl.java:419)
	at java.base/sun.nio.ch.SocketChannelImpl.read(SocketChannelImpl.java:493)
	at bg.sofia.uni.fmi.mjt.uno.server.ClientHandler.readMessageFromClient(ClientHandler.java:55)
	at bg.sofia.uni.fmi.mjt.uno.server.ClientHandler.run(ClientHandler.java:30)
	at java.base/java.lang.Thread.run(Thread.java:1575)

[2025-01-28T23:13:51.250313200] Error occurred:
Client: Unknown (error retrieving client info)
Exception: java.nio.channels.ClosedChannelException - null
java.nio.channels.ClosedChannelException
	at java.base/sun.nio.ch.SocketChannelImpl.ensureOpenAndConnected(SocketChannelImpl.java:224)
	at java.base/sun.nio.ch.SocketChannelImpl.implRead(SocketChannelImpl.java:411)
	at java.base/sun.nio.ch.SocketChannelImpl.read(SocketChannelImpl.java:493)
	at bg.sofia.uni.fmi.mjt.uno.server.ClientHandler.readMessageFromClient(ClientHandler.java:55)
	at bg.sofia.uni.fmi.mjt.uno.server.ClientHandler.run(ClientHandler.java:30)
	at java.base/java.lang.Thread.run(Thread.java:1575)

[2025-01-28T23:13:51.250313200] Error occurred:
Client: Unknown (error retrieving client info)
Exception: java.nio.channels.ClosedChannelException - null
java.nio.channels.ClosedChannelException
	at java.base/sun.nio.ch.SocketChannelImpl.ensureOpenAndConnected(SocketChannelImpl.java:224)
	at java.base/sun.nio.ch.SocketChannelImpl.implRead(SocketChannelImpl.java:411)
	at java.base/sun.nio.ch.SocketChannelImpl.read(SocketChannelImpl.java:493)
	at bg.sofia.uni.fmi.mjt.uno.server.ClientHandler.readMessageFromClient(ClientHandler.java:55)
	at bg.sofia.uni.fmi.mjt.uno.server.ClientHandler.run(ClientHandler.java:30)
	at java.base/java.lang.Thread.run(Thread.java:1575)

[2025-01-28T23:13:51.251314400] Error occurred:
Client: Unknown (error retrieving client info)
Exception: java.nio.channels.ClosedChannelException - null
java.nio.channels.ClosedChannelException
	at java.base/sun.nio.ch.SocketChannelImpl.ensureOpenAndConnected(SocketChannelImpl.java:224)
	at java.base/sun.nio.ch.SocketChannelImpl.implRead(SocketChannelImpl.java:411)
	at java.base/sun.nio.ch.SocketChannelImpl.read(SocketChannelImpl.java:493)
	at bg.sofia.uni.fmi.mjt.uno.server.ClientHandler.readMessageFromClient(ClientHandler.java:55)
	at bg.sofia.uni.fmi.mjt.uno.server.ClientHandler.run(ClientHandler.java:30)
	at java.base/java.lang.Thread.run(Thread.java:1575)

[2025-01-28T23:13:51.252313] Error occurred:
Client: Unknown (error retrieving client info)
Exception: java.nio.channels.ClosedChannelException - null
java.nio.channels.ClosedChannelException
	at java.base/sun.nio.ch.SocketChannelImpl.ensureOpenAndConnected(SocketChannelImpl.java:224)
	at java.base/sun.nio.ch.SocketChannelImpl.implRead(SocketChannelImpl.java:411)
	at java.base/sun.nio.ch.SocketChannelImpl.read(SocketChannelImpl.java:493)
	at bg.sofia.uni.fmi.mjt.uno.server.ClientHandler.readMessageFr[2025-01-28T23:13:51.252313] Error occurred:
Client: Unknown (error retrieving client info)
Exception: java.nio.channels.ClosedChannelException - null
java.nio.channels.ClosedChannelException
	at java.base/sun.nio.ch.SocketChannelImpl.ensureOpenAndConnected(SocketChannelImpl.java:224)
	at java.base/sun.nio.ch.SocketChannelImpl.implRead(SocketChannelImpl.java:411)
	at java.base/sun.nio.ch.SocketChannelImpl.read(SocketChannelImpl.java:493)
	at bg.sofia.uni.fmi.mjt.uno.server.ClientHandler.readMessageFromClient(ClientHandler.java:55)
	at bg.sofia.uni.fmi.mjt.uno.server.ClientHandler.run(ClientHandler.java:30)
	at java.base/java.lang.Thread.run(Thread.java:1575)

omClient(ClientHandler.java:55)
	at bg.sofia.uni.fmi.mjt.uno.server.ClientHandler.run(ClientHandler.java:30)
	at java.base/java.lang.Thread.run(Thread.java:1575)

[2025-01-28T23:13:51.252313] Error occurred:
Client: Unknown (error retrieving client info)
Exception: java.nio.channels.ClosedChannelException - null
java.nio.channels.ClosedChannelException
	at java.base/sun.nio.ch.SocketChannelImpl.ensureOpenAndConnected(SocketChannelImpl.java:224)
	at java.base/sun.nio.ch.SocketChannelImpl.implRead(SocketChannelImpl.java:411)
	at java.base/sun.nio.ch.SocketChannelImpl.read(SocketChannelImpl.java:493)
	at bg.sofia.uni.fmi.mjt.uno.server.ClientHandler.readMessageFromClient(ClientHandler.java:55)
	at bg.sofia.uni.fmi.mjt.uno.server.ClientHandler.run(ClientHandler.java:30)
	at java.base/java.lang.Thread.run(Thread.java:1575)

[2025-01-28T23:13:51.253312800] Error occurred:
Client: Unknown (error retrieving client info)
Exception: java.nio.channels.ClosedChannelException - null
java.nio.channels.ClosedChannelException
	at java.base/sun.nio.ch.SocketChannelImpl.ensureOpenAndConnected(SocketChannelImpl.java:224)
	at java.base/sun.nio.ch.SocketChannelImpl.implRead(SocketChannelImpl.java:411)
	at java.base/sun.nio.ch.SocketChannelImpl.read(SocketChannelImpl.java:493)
	at bg.sofia.uni.fmi.mjt.uno.server.ClientHandler.readMessageFromClient(ClientHandler.java:55)
	at bg.sofia.uni.fmi.mjt.uno.server.ClientHandler.run(ClientHandler.java:30)
	at java.base/java.lang.Thread.run(Thread.java:1575)

[2025-01-28T23:13:51.253312800] Error occurred:
Client: Unknown (error retrieving client info)
Exception: java.nio.channels.ClosedChannelException - null
java.nio.channels.ClosedChannelException
	at java.base/sun.nio.ch.SocketChannelImpl.ensureOpenAndConnected(SocketChannelImpl.java:224)
	at java.base/sun.nio.ch.SocketChannelImpl.implRead(SocketChannelImpl.java:411)
	at java.base/sun.nio.ch.SocketChannelImpl.read(SocketChannelImpl.java:493)
	at bg.sofia.uni.fmi.mjt.uno.server.ClientHandler.readMessageFromClient(ClientHandler.java:55)
	at bg.sofia.uni.fmi.mjt.uno.server.ClientHandler.run(ClientHandler.java:30)
	at java.base/java.lang.Thread.run(Thread.java:1575)

[2025-01-28T23:13:51.254313700] Error occurred:
Client: Unknown (error retrieving client info)
Exception: java.nio.channels.ClosedChannelException - null
java.nio.channels.ClosedChannelException
	at java.base/sun.nio.ch.SocketChannelImpl.ensureOpenAndConnected(SocketChannelImpl.java:224)
	at java.base/sun.nio.ch.SocketChannelImpl.implRead(SocketChannelImpl.java:411)
	at java.base/sun.nio.ch.SocketChannelImpl.read(SocketChannelImpl.java:493)
	at bg.sofia.uni.fmi.mjt.uno.server.ClientHandler.readMessageFromClient(ClientHandler.java:55)
	at bg.sofia.uni.fmi.mjt.uno.server.ClientHandler.run(ClientHandler.java:30)
	at java.base/java.lang.Thread.run(Thread.java:1575)

[2025-01-28T23:13:51.254313700] Error occurred:
Client: Unknown (error retrieving client info)
Exception: java.nio.channels.ClosedChannelException - null
java.nio.channels.ClosedChannelException
	at java.base/sun.nio.ch.SocketChannelImpl.ensureOpenAndConnected(SocketChannelImpl.java:224)
	at java.base/sun.nio.ch.SocketChannelImpl.implRead(SocketChannelImpl.java:411)
	at java.base/sun.nio.ch.SocketChannelImpl.read(SocketChannelImpl.java:493)
	at bg.sofia.uni.fmi.mjt.uno.server.ClientHandler.readMessageFromClient(ClientHandler.java:55)
	at bg.sofia.uni.fmi.mjt.uno.server.ClientHandler.run(ClientHandler.java:30)
	at java.base/java.lang.Thread.run(Thread.java:1575)

[2025-01-28T23:13:51.255313200] Error occurred:
Client: Unknown (error retrieving client info)
Exception: java.nio.channels.ClosedChannelException - null
java.nio.channels.ClosedChannelException
	at java.base/sun.nio.ch.SocketChannelImpl.ensureOpenAndConnected(SocketChannelImpl.java:224)
	at java.base/sun.nio.ch.SocketChannelImpl.implRead(SocketChannelImpl.java:411)
	at java.base/sun.nio.ch.SocketChannelImpl.read(SocketChannelImpl.java:493)
	at bg.sofia.uni.fmi.mjt.uno.server.ClientHandler.readMessageFromClient(ClientHandler.java:55)
	at bg.sofia.uni.fmi.mjt.uno.server.ClientHandler.run(ClientHandler.java:30)
	at java.base/java.lang.Thread.run(Thread.java:1575)

[2025-01-28T23:13:51.256313700] Error occurred:
Client: Unknown (error retrieving client info)
Exception: java.nio.channels.ClosedChannelException - null
java.nio.channels.ClosedChannelException
	at java.base/sun.nio.ch.SocketChannelImpl.ensureOpenAndConnected(SocketChannelImpl.java:224)
	at java.base/sun.nio.ch.SocketChannelImpl.implRead(SocketChannelImpl.java:411)
	at java.base/sun.nio.ch.SocketChannelImpl.read(SocketChannelImpl.java:493)
	at bg.sofia.uni.fmi.mjt.uno.server.ClientHandler.readMessageFromClient(ClientHandler.java:55)
	at bg.sofia.uni.fmi.mjt.uno.server.ClientHandler.run(ClientHandler.java:30)
	at java.base/java.lang.Thread.run(Thread.java:1575)

[2025-01-28T23:13:51.257313400] Error occurred:
Client: Unknown (error retrieving client info)
Exception: java.nio.channels.ClosedChannelException - null
java.nio.channels.ClosedChannelException
	at java.base/sun.nio.ch.SocketChannelImpl.ensureOpenAndConnected(SocketChannelImpl.java:224)
	at java.base/sun.nio.ch.SocketChannelImpl.implRead(SocketChannelImpl.java:411)
	at java.base/sun.nio.ch.SocketChannelImpl.read(SocketChannelImpl.java:493)
	at bg.sofia.uni.fmi.mjt.uno.server.ClientHandler.readMessag[2025-01-28T23:13:51.257313400] Error occurred:
Client: Unknown (error retrieving client info)
Exception: java.nio.channels.ClosedChannelException - null
java.nio.channels.ClosedChannelException
	at java.base/sun.nio.ch.SocketChannelImpl.ensureOpenAndConnected(SocketChannelImpl.java:224)
	at java.base/sun.nio.ch.SocketChannelImpl.implRead(SocketChannelImpl.java:411)
	at java.base/sun.nio.ch.SocketChannelImpl.read(SocketChannelImpl.java:493)
	at bg.sofia.uni.fmi.mjt.uno.server.ClientHandler.readMessageFromClient(ClientHandler.java:55)
	at bg.sofia.uni.fmi.mjt.uno.server.ClientHandler.run(ClientHandler.java:30)
	at java.base/java.lang.Thread.run(Thread.java:1575)

eFromClient(ClientHandler.java:55)
	at bg.sofia.uni.fmi.mjt.uno.server.ClientHandler.run(ClientHandler.java:30)
	at java.base/java.lang.Thread.run(Thread.java:1575)

[2025-01-28T23:13:51.258314100] Error occurred:
Client: Unknown (error retrieving client info)
Exception: java.nio.channels.ClosedChannelException - null
java.nio.channels.ClosedChannelException
	at java.base/sun.nio.ch.SocketChannelImpl.ensureOpenAndConnected(SocketChannelImpl.java:224)
	at java.base/sun.nio.ch.SocketChannelImpl.implRead(SocketChannelImpl.java:411)
	at java.base/sun.nio.ch.SocketChannelImpl.read(SocketChannelImpl.java:493)
	at bg.sofia.uni.fmi.mjt.uno.server.ClientHandler.readMessageFromClient(ClientHandler.java:55)
	at bg.sofia.uni.fmi.mjt.uno.server.ClientHandler.run(ClientHandler.java:30)
	at java.base/java.lang.Thread.run(Thread.java:1575)

[2025-01-28T23:13:51.258314100] Error occurred:
Client: Unknown (error retrieving client info)
Exception: java.nio.channels.ClosedChannelException - null
java.nio.channels.ClosedChannelException
	at java.base/sun.nio.ch.SocketChannelImpl.ensureOpenAndConnected(SocketChannelImpl.java:224)
	at java.base/sun.nio.ch.SocketChannelImpl.implRead(SocketChannelImpl.java:411)
	at java.base/sun.nio.ch.SocketChannelImpl.read(SocketChannelImpl.java:493)
	at bg.sofia.uni.fmi.mjt.uno.server.ClientHandler.readMessageFromClient(ClientHandler.java:55)
	at bg.sofia.uni.fmi.mjt.uno.server.ClientHandler.run(ClientHandler.java:30)
	at java.base/java.lang.Thread.run(Thread.java:1575)

[2025-01-28T23:13:51.259312400] Error occurred:
Client: Unknown (error retrieving client info)
Exception: java.nio.channels.ClosedChannelException - null
java.nio.channels.ClosedChannelException
	at java.base/sun.nio.ch.SocketChannelImpl.ensureOpenAndConnected(SocketChannelImpl.java:224)
	at java.base/sun.nio.ch.SocketChannelImpl.implRead(SocketChannelImpl.java:411)
	at java.base/sun.nio.ch.SocketChannelImpl.read(SocketChannelImpl.java:493)
	at bg.sofia.uni.fmi.mjt.uno.server.ClientHandler.readMessageFromClient(ClientHandler.java:55)
	at bg.sofia.uni.fmi.mjt.uno.server.ClientHandler.run(ClientHandler.java:30)
	at java.base/java.lang.Thread.run(Thread.java:1575)

[2025-01-28T23:13:51.259312400] Error occurred:
Client: Unknown (error retrieving client info)
Exception: java.nio.channels.ClosedChannelException - null
java.nio.channels.ClosedChannelException
	at java.base/sun.nio.ch.SocketChannelImpl.ensureOpenAndConnected(SocketChannelImpl.java:224)
	at java.base/sun.nio.ch.SocketChannelImpl.implRead(SocketChannelImpl.java:411)
	at java.base/sun.nio.ch.SocketChannelImpl.read(SocketChannelImpl.java:493)
	at bg.sofia.uni.fmi.mjt.uno.server.ClientHandler.readMessageFromClient(ClientHandler.java:55)
	at bg.sofia.uni.fmi.mjt.uno.server.ClientHandler.run(ClientHandler.java:30)
	at java.base/java.lang.Thread.run(Thread.java:1575)

[2025-01-28T23:13:51.260312600] Error occurred:
Client: Unknown (error retrieving client info)
Exception: java.nio.channels.ClosedChannelException - null
java.nio.channels.ClosedChannelException
	at java.base/sun.nio.ch.SocketChannelImpl.ensureOpenAndConnected(SocketChannelImpl.java:224)
	at java.base/sun.nio.ch.SocketChannelImpl.implRead(SocketChannelImpl.java:411)
	at java.base/sun.nio.ch.SocketChannelImpl.read(SocketChannelImpl.java:493)
	at bg.sofia.uni.fmi.mjt.uno.server.ClientHandler.readMessageFromClient(ClientHandler.java:55)
	at bg.sofia.uni.fmi.mjt.uno.server.ClientHandler.run(ClientHandler.java:30)
	at java.base/java.lang.Thread.run(Thread.java:1575)

[2025-01-28T23:13:51.260312600] Error occurred:
Client: Unknown (error retrieving client info)
Exception: java.nio.channels.ClosedChannelException - null
java.nio.channels.ClosedChannelException
	at java.base/sun.nio.ch.SocketChannelImpl.ensureOpenAndConnected(SocketChannelImpl.java:224)
	at java.base/sun.nio.ch.SocketChannelImpl.implRead(SocketChannelImpl.java:411)
	at java.base/sun.nio.ch.SocketChannelImpl.read(SocketChannelImpl.java:493)
	at bg.sofia.uni.fmi.mjt.uno.server.ClientHandler.readMessageFromClient(ClientHandler.java:55)
	at bg.sofia.uni.fmi.mjt.uno.server.ClientHandler.run(ClientHandler.java:30)
	at java.base/java.lang.Thread.run(Thread.java:1575)

[2025-01-28T23:13:51.260312600] Error occurred:
Client: Unknown (error retrieving client info)
Exception: java.nio.channels.ClosedChannelException - null
java.nio.channels.ClosedChannelException
	at java.base/sun.nio.ch.SocketChannelImpl.ensureOpenAndConnected(SocketChannelImpl.java:224)
	at java.base/sun.nio.ch.SocketChannelImpl.implRead(SocketChannelImpl.java:411)
	at java.base/sun.nio.ch.SocketChannelImpl.read(SocketChannelImpl.java:493)
	at bg.sofia.uni.fmi.mjt.uno.server.ClientHandler.readMessageFromClient(ClientHandler.java:55)
	at bg.sofia.uni.fmi.mjt.uno.server.ClientHandler.run(ClientHandler.java:30)
	at java.base/java.lang.Thread.run(Thread.java:1575)

[2025-01-28T23:13:51.261313200] Error occurred:
Client: Unknown (error retrieving client info)
Exception: java.nio.channels.ClosedChannelException - null
java.nio.channels.ClosedChannelException
	at java.base/sun.nio.ch.SocketChannelImpl.ensureOpenAndConnected(SocketChannelImpl.java:224)
	at java.base/sun.nio.ch.SocketChannelImpl.implRead(SocketChannelImpl.java:411)
	at java.base/sun.nio.ch.SocketChannelImpl.read(SocketChannelImpl.java:493)
	at bg.sofia.uni.fmi.mjt.uno.server.ClientHandler.readMessageFromClient(ClientHandler.java:55)
	at bg.sofia.uni.fmi.mjt.uno.server.ClientHandler.run(ClientHandler.java:30)
	at java.base/java.lang.Thread.run(Thread.java:1575)

[2025-01-28T23:13:51.261313200] Error occurred:
Client: Unknown (error retrieving client info)
Exception: java.nio.channels.ClosedChannelException - null
java.nio.channels.ClosedChannelException
	at java.base/sun.nio.ch.SocketChannelImpl.ensureOpenAndConnected(SocketChannelImpl.java:224)
	at java.base/sun.nio.ch.SocketChannelImpl.implRead(SocketChannelImpl.java:411)
	at java.base/sun.nio.ch.SocketChannelImpl.read(SocketChannelImpl.java:493)
	at bg.sofia.uni.fmi.mjt.uno.server.ClientHandler.readMessag[2025-01-28T23:13:51.261313200] Error occurred:
Client: Unknown (error retrieving client info)
Exception: java.nio.channels.ClosedChannelException - null
java.nio.channels.ClosedChannelException
	at java.base/sun.nio.ch.SocketChannelImpl.ensureOpenAndConnected(SocketChannelImpl.java:224)
	at java.base/sun.nio.ch.SocketChannelImpl.implRead(SocketChannelImpl.java:411)
	at java.base/sun.nio.ch.SocketChannelImpl.read(SocketChannelImpl.java:493)
	at bg.sofia.uni.fmi.mjt.uno.server.ClientHandler.readMessageFromClient(ClientHandler.java:55)
	at bg.sofia.uni.fmi.mjt.uno.server.ClientHandler.run(ClientHandler.java:30)
	at java.base/java.lang.Thread.run(Thread.java:1575)

eFromClient(ClientHandler.java:55)
	at bg.sofia.uni.fmi.mjt.uno.server.ClientHandler.run(ClientHandler.java:30)
	at java.base/java.lang.Thread.run(Thread.java:1575)

[2025-01-28T23:13:51.262313800] Error occurred:
Client: Unknown (error retrieving client info)
Exception: java.nio.channels.ClosedChannelException - null
java.nio.channels.ClosedChannelException
	at java.base/sun.nio.ch.SocketChannelImpl.ensureOpenAndConnected(SocketChannelImpl.java:224)
	at java.base/sun.nio.ch.SocketChannelImpl.implRead(SocketChannelImpl.java:411)
	at java.base/sun.nio.ch.SocketChannelImpl.read(SocketChannelImpl.java:493)
	at bg.sofia.uni.fmi.mjt.uno.server.ClientHandler.readMessageFromClient(ClientHandler.java:55)
	at bg.sofia.uni.fmi.mjt.uno.server.ClientHandler.run(ClientHandler.java:30)
	at java.base/java.lang.Thread.run(Thread.java:1575)

[2025-01-28T23:13:51.262313800] Error occurred:
Client: Unknown (error retrieving client info)
Exception: java.nio.channels.ClosedChannelException - null
java.nio.channels.ClosedChannelException
	at java.base/sun.nio.ch.SocketChannelImpl.ensureOpenAndConnected(SocketChannelImpl.java:224)
	at java.base/sun.nio.ch.SocketChannelImpl.implRead(SocketChannelImpl.java:411)
	at java.base/sun.nio.ch.SocketChannelImpl.read(SocketChannelImpl.java:493)
	at bg.sofia.uni.fmi.mjt.uno.server.ClientHandler.readMessageFromClient(ClientHandler.java:55)
	at bg.sofia.uni.fmi.mjt.uno.server.ClientHandler.run(ClientHandler.java:30)
	at java.base/java.lang.Thread.run(Thread.java:1575)

[2025-01-28T23:13:51.262313800] Error occurred:
Client: Unknown (error retrieving client info)
Exception: java.nio.channels.ClosedChannelException - null
java.nio.channels.ClosedChannelException
	at java.base/sun.nio.ch.SocketChannelImpl.ensureOpenAndConnected(SocketChannelImpl.java:224)
	at java.base/sun.nio.ch.SocketChannelImpl.implRead(SocketChannelImpl.java:411)
	at java.base/sun.nio.ch.SocketChannelImpl.read(SocketChannelImpl.java:493)
	at bg.sofia.uni.fmi.mjt.uno.server.ClientHandler.readMessageFromClient(ClientHandler.java:55)
	at bg.sofia.uni.fmi.mjt.uno.server.ClientHandler.run(ClientHandler.java:30)
	at java.base/java.lang.Thread.run(Thread.java:1575)

[2025-01-28T23:13:51.263312100] Error occurred:
Client: Unknown (error retrieving client info)
Exception: java.nio.channels.ClosedChannelException - null
java.nio.channels.ClosedChannelException
	at java.base/sun.nio.ch.SocketChannelImpl.ensureOpenAndConnected(SocketChannelImpl.java:224)
	at java.base/sun.nio.ch.SocketChannelImpl.implRead(SocketChannelImpl.java:411)
	at java.base/sun.nio.ch.SocketChannelImpl.read(SocketChannelImpl.java:493)
	at bg.sofia.uni.fmi.mjt.uno.server.ClientHandler.readMessag[2025-01-28T23:13:51.263312100] Error occurred:
Client: Unknown (error retrieving client info)
Exception: java.nio.channels.ClosedChannelException - null
java.nio.channels.ClosedChannelException
	at java.base/sun.nio.ch.SocketChannelImpl.ensureOpenAndConnected(SocketChannelImpl.java:224)
	at java.base/sun.nio.ch.SocketChannelImpl.implRead(SocketChannelImpl.java:411)
	at java.base/sun.nio.ch.SocketChannelImpl.read(SocketChannelImpl.java:493)
	at bg.sofia.uni.fmi.mjt.uno.server.ClientHandler.readMessageFromClient(ClientHandler.java:55)
	at bg.sofia.uni.fmi.mjt.uno.server.ClientHandler.run(ClientHandler.java:30)
	at java.base/java.lang.Thread.run(Thread.java:1575)

eFromClient(ClientHandler.java:55)
	at bg.sofia.uni.fmi.mjt.uno.server.ClientHandler.run(ClientHandler.java:30)
	at java.base/java.lang.Thread.run(Thread.java:1575)

[2025-01-28T23:13:51.263312100] Error occurred:
Client: Unknown (error retrieving client info)
Exception: java.nio.channels.ClosedChannelException - null
java.nio.channels.ClosedChannelException
	at java.base/sun.nio.ch.SocketChannelImpl.ensureOpenAndConnected(SocketChannelImpl.java:224)
	at java.base/sun.nio.ch.SocketChannelImpl.implRead(SocketChannelImpl.java:411)
	at java.base/sun.nio.ch.SocketChannelImpl.read(SocketChannelImpl.java:493)
	at bg.sofia.uni.fmi.mjt.uno.server.ClientHandler.readMessageFromClient(ClientHandler.java:55)
	at bg.sofia.uni.fmi.mjt.uno.server.ClientHandler.run(ClientHandler.java:30)
	at java.base/java.lang.Thread.run(Thread.java:1575)

[2025-01-28T23:13:51.264314] Error occurred:
Client: Unknown (error retrieving client info)
Exception: java.nio.channels.ClosedChannelException - null
java.nio.channels.ClosedChannelException
	at java.base/sun.nio.ch.SocketChannelImpl.ensureOpenAndConnected(SocketChannelImpl.java:224)
	at java.base/sun.nio.ch.SocketChannelImpl.implRead(SocketChannelImpl.java:411)
	at java.base/sun.nio.ch.SocketChannelImpl.read(SocketChannelImpl.java:493)
	at bg.sofia.uni.fmi.mjt.uno.server.ClientHandler.readMessageFromClient(ClientHandler.java:55)
	at bg.sofia.uni.fmi.mjt.uno.server.ClientHandler.run(ClientHandler.java:30)
	at java.base/java.lang.Thread.run(Thread.java:1575)

[2025-01-28T23:13:51.264314] Error occurred:
Client: Unknown (error retrieving client info)
Exception: java.nio.channels.ClosedChannelException - null
java.nio.channels.ClosedChannelException
	at java.base/sun.nio.ch.SocketChannelImpl.ensureOpenAndConnected(SocketChannelImpl.java:224)
	at java.base/sun.nio.ch.SocketChannelImpl.implRead(SocketChannelImpl.java:411)
	at java.base/sun.nio.ch.SocketChannelImpl.read(SocketChannelImpl.java:493)
	at bg.sofia.uni.fmi.mjt.uno.server.ClientHandler.readMessageFromClient(ClientHandler.java:55)
	at bg.sofia.uni.fmi.mjt.uno.server.ClientHandler.run(ClientHandler.java:30)
	at java.base/java.lang.Thread.run(Thread.java:1575)

[2025-01-28T23:13:51.264314] Error occurred:
Client: Unknown (error retrieving client info)
Exception: java.nio.channels.ClosedChannelException - null
java.nio.channels.ClosedChannelException
	at java.base/sun.nio.ch.SocketChannelImpl.ensureOpenAndConnected(SocketChannelImpl.java:224)
	at java.base/sun.nio.ch.SocketChannelImpl.implRead(SocketChannelImpl.java:411)
	at java.base/sun.nio.ch.SocketChannelImpl.read(SocketChannelImpl.java:493)
	at bg.sofia.uni.fmi.mjt.uno.server.ClientHandler.readMessageFromClient(ClientHandler.java:55)
	at bg.sofia.uni.fmi.mjt.uno.server.ClientHandler.run(ClientHandler.java:30)
	at java.base/java.lang.Thread.run(Thread.java:1575)

[2025-01-28T23:13:51.265314400] Error occurred:
Client: Unknown (error retrieving client info)
Exception: java.nio.channels.ClosedChannelException - null
java.nio.channels.ClosedChannelException
	at java.base/sun.nio.ch.SocketChannelImpl.ensureOpenAndConnected(SocketChannelImpl.java:224)
	at java.base/sun.nio.ch.SocketChannelImpl.implRead(SocketChannelImpl.java:411)
	at java.base/sun.nio.ch.SocketChannelImpl.read(SocketChannelImpl.java:493)
	at bg.sofia.uni.fmi.mjt.uno.server.ClientHandler.readMessageFromClient(ClientHandler.java:55)
	at bg.sofia.uni.fmi.mjt.uno.server.ClientHandler.run(ClientHandler.java:30)
	at java.base/java.lang.Thread.run(Thread.java:1575)

[2025-01-28T23:13:51.265314400] Error occurred:
Client: Unknown (error retrieving client info)
Exception: java.nio.channels.ClosedChannelException - null
java.nio.channels.ClosedChannelException
	at java.base/sun.nio.ch.SocketChannelImpl.ensureOpenAndConnected(SocketChannelImpl.java:224)
	at java.base/sun.nio.ch.SocketChannelImpl.implRead(SocketChannelImpl.java:411)
	at java.base/sun.nio.ch.SocketChannelImpl.read(SocketChannelImpl.java:493)
	at bg.sofia.uni.fmi.mjt.uno.server.ClientHandler.readMessageFromClient(ClientHandler.java:55)
	at bg.sofia.uni.fmi.mjt.uno.server.ClientHandler.run(ClientHandler.java:30)
	at java.base/java.lang.Thread.run(Thread.java:1575)

[2025-01-28T23:13:51.266314100] Error occurred:
Client: Unknown (error retrieving client info)
Exception: java.nio.channels.ClosedChannelException - null
java.nio.channels.ClosedChannelException
	at java.base/sun.nio.ch.SocketChannelImpl.ensureOpenAndConnected(SocketChannelImpl.java:224)
	at java.base/sun.nio.ch.SocketChannelImpl.implRead(SocketChannelImpl.java:411)
	at java.base/sun.nio.ch.SocketChannelImpl.read(SocketChannelImpl.java:493)
	at bg.sofia.uni.fmi.mjt.uno.server.ClientHandler.readMessag[2025-01-28T23:13:51.266314100] Error occurred:
Client: Unknown (error retrieving client info)
Exception: java.nio.channels.ClosedChannelException - null
java.nio.channels.ClosedChannelException
	at java.base/sun.nio.ch.SocketChannelImpl.ensureOpenAndConnected(SocketChannelImpl.java:224)
	at java.base/sun.nio.ch.SocketChannelImpl.implRead(SocketChannelImpl.java:411)
	at java.base/sun.nio.ch.SocketChannelImpl.read(SocketChannelImpl.java:493)
	at bg.sofia.uni.fmi.mjt.uno.server.ClientHandler.readMessageFromClient(ClientHandler.java:55)
	at bg.sofia.uni.fmi.mjt.uno.server.ClientHandler.run(ClientHandler.java:30)
	at java.base/java.lang.Thread.run(Thread.java:1575)

[2025-01-28T23:13:51.266314100] Error occurred:
Client: Unknown (error retrieving client info)
Exception: java.nio.channels.ClosedChannelException - null
java.nio.channels.ClosedChannelException
	at java.base/sun.nio.ch.SocketChannelImpl.ensureOpenAndConnected(SocketChannelImpl.java:224)
	at java.base/sun.nio.ch.SocketChannelImpl.implRead(SocketChannelImpl.java:411)
	at java.base/sun.nio.ch.SocketChannelImpl.read(SocketChannelImpl.java:493)
	at bg.sofia.uni.fmi.mjt.uno.server.ClientHandler.readMessageFromClient(ClientHandler.java:55)
	at bg.sofia.uni.fmi.mjt.uno.server.ClientHandler.run(ClientHandler.java:30)
	at java.base/java.lang.Thread.run(Thread.java:1575)

eFromClient(ClientHandler.java:55)
	at bg.sofia.uni.fmi.mjt.uno.server.ClientHandler.run(ClientHandler.java:30)
	at java.base/java.lang.Thread.run(Thread.java:1575)

[2025-01-28T23:13:51.266314100] Error occurred:
Client: Unknown (error retrieving client info)
Exception: java.nio.channels.ClosedChannelException - null
java.nio.channels.ClosedChannelException
	at java.base/sun.nio.ch.SocketChannelImpl.ensureOpenAndConnected(SocketChannelImpl.java:224)
	at java.base/sun.nio.ch.SocketChannelImpl.implRead(SocketChannelImpl.java:411)
	at java.base/sun.nio.ch.SocketChannelImpl.read(SocketChannelImpl.java:493)
	at bg.sofia.uni.fmi.mjt.uno.server.ClientHandler.readMessageFromClient(ClientHandler.java:55)
	at bg.sofia.uni.fmi.mjt.uno.server.ClientHandler.run(ClientHandler.java:30)
	at java.base/java.lang.Thread.run(Thread.java:1575)

[2025-01-28T23:13:51.266314100] Error occurred:
Client: Unknown (error retrieving client info)
Exception: java.nio.channels.ClosedChannelException - null
java.nio.channels.ClosedChannelException
	at java.base/sun.nio.ch.SocketChannelImpl.ensureOpenAndConnected(SocketChannelImpl.java:224)
	at java.base/sun.nio.ch.SocketChannelImpl.implRead(SocketChannelImpl.java:411)
	at java.base/sun.nio.ch.SocketChannelImpl.read(SocketChannelImpl.java:493)
	at bg.sofia.uni.fmi.mjt.uno.server.ClientHandler.readMessag[2025-01-28T23:13:51.266314100] Error occurred:
Client: Unknown (error retrieving client info)
Exception: java.nio.channels.ClosedChannelException - null
java.nio.channels.ClosedChannelException
	at java.base/sun.nio.ch.SocketChannelImpl.ensureOpenAndConnected(SocketChannelImpl.java:224)
	at java.base/sun.nio.ch.SocketChannelImpl.implRead(SocketChannelImpl.java:411)
	at java.base/sun.nio.ch.SocketChannelImpl.read(SocketChannelImpl.java:493)
	at bg.sofia.uni.fmi.mjt.uno.server.ClientHandler.readMessag[2025-01-28T23:13:51.267321900] Error occurred:
Client: Unknown (error retrieving client info)
Exception: java.nio.channels.ClosedChannelException - null
java.nio.channels.ClosedChannelException
	at java.base/sun.nio.ch.SocketChannelImpl.ensureOpenAndConnected(SocketChannelImpl.java:224)
	at java.base/sun.nio.ch.SocketChannelImpl.implRead(SocketChannelImpl.java:411)
	at java.base/sun.nio.ch.SocketChannelImpl.read(SocketChannelImpl.java:493)
	at bg.sofia.uni.fmi.mjt.uno.server.ClientHandler.readMessageFromClient(ClientHandler.java:55)
	at bg.sofia.uni.fmi.mjt.uno.server.ClientHandler.run(ClientHandler.java:30)
	at java.base/java.lang.Thread.run(Thread.java:1575)

eFromClient(ClientHandler.java:55)
	at bg.sofia.uni.fmi.mjt.uno.server.ClientHandler.run(ClientHandler.java:30)
	at java.base/java.lang.Thread.run(Thread.java:1575)

eFromClient(ClientHandler.java:55)
	at bg.sofia.uni.fmi.mjt.uno.server.ClientHandler.run(ClientHandler.java:30)
	at java.base/java.lang.Thread.run(Thread.java:1575)

[2025-01-28T23:13:51.267742100] Error occurred:
Client: Unknown (error retrieving client info)
Exception: java.nio.channels.ClosedChannelException - null
java.nio.channels.ClosedChannelException
	at java.base/sun.nio.ch.SocketChannelImpl.ensureOpenAndConnected(SocketChannelImpl.java:224)
	at java.base/sun.nio.ch.SocketChannelImpl.implRead(SocketChannelImpl.java:411)
	at java.base/sun.nio.ch.SocketChannelImpl.read(SocketChannelImpl.java:493)
	at bg.sofia.uni.fmi.mjt.uno.server.ClientHandler.readMessageFromClient(ClientHandler.java:55)
	at bg.sofia.uni.fmi.mjt.uno.server.ClientHandler.run(ClientHandler.java:30)
	at java.base/java.lang.Thread.run(Thread.java:1575)

[2025-01-28T23:13:51.268322100] Error occurred:
Client: Unknown (error retrieving client info)
Exception: java.nio.channels.ClosedChannelException - null
java.nio.channels.ClosedChannelException
	at java.base/sun.nio.ch.SocketChannelImpl.ensureOpenAndConnected(SocketChannelImpl.java:224)
	at java.base/sun.nio.ch.SocketChannelImpl.implRead(SocketChannelImpl.java:411)
	at java.base/sun.nio.ch.SocketChannelImpl.read(SocketChannelImpl.java:493)
	at bg.sofia.uni.fmi.mjt.uno.server.ClientHandler.readMessag[2025-01-28T23:13:51.268322100] Error occurred:
Client: Unknown (error retrieving client info)
Exception: java.nio.channels.ClosedChannelException - null
java.nio.channels.ClosedChannelException
	at java.base/sun.nio.ch.SocketChannelImpl.ensureOpenAndConnected(SocketChannelImpl.java:224)
	at java.base/sun.nio.ch.SocketChannelImpl.implRead(SocketChannelImpl.java:411)
	at java.base/sun.nio.ch.SocketChannelImpl.read(SocketChannelImpl.java:493)
	at bg.sofia.uni.fmi.mjt.uno.server.ClientHandler.readMessageFromClient(ClientHandler.java:55)
	at bg.sofia.uni.fmi.mjt.uno.server.ClientHandler.run(ClientHandler.java:30)
	at java.base/java.lang.Thread.run(Thread.java:1575)

[2025-01-28T23:13:51.268322100] Error occurred:
Client: Unknown (error retrieving client info)
Exception: java.nio.channels.ClosedChannelException - null
java.nio.channels.ClosedChannelException
	at java.base/sun.nio.ch.SocketChannelImpl.ensureOpenAndConnected(SocketChannelImpl.java:224)
	at java.base/sun.nio.ch.SocketChannelImpl.implRead(SocketChannelImpl.java:411)
	at java.base/sun.nio.ch.SocketChannelImpl.read(SocketChannelImpl.java:493)
	at bg.sofia.uni.fmi.mjt.uno.server.ClientHandler.readMessag[2025-01-28T23:13:51.268322100] Error occurred:
Client: Unknown (error retrieving client info)
Exception: java.nio.channels.ClosedChannelException - null
java.nio.channels.ClosedChannelException
	at java.base/sun.nio.ch.SocketChannelImpl.ensureOpenAndConnected(SocketChannelImpl.java:224)
	at java.base/sun.nio.ch.SocketChannelImpl.implRead(SocketChannelImpl.java:411)
	at java.base/sun.nio.ch.SocketChannelImpl.read(SocketChannelImpl.java:493)
	at bg.sofia.uni.fmi.mjt.uno.server.ClientHandler.readMessag[2025-01-28T23:13:51.268322100] Error occurred:
Client: Unknown (error retrieving client info)
Exception: java.nio.channels.ClosedChannelException - null
java.nio.channels.ClosedChannelException
	at java.base/sun.nio.ch.SocketChannelImpl.ensureOpenAndConnected(SocketChannelImpl.java:224)
	at java.base/sun.nio.ch.SocketChannelImpl.implRead(SocketChannelImpl.java:411)
	at java.base/sun.nio.ch.SocketChannelImpl.read(SocketChannelImpl.java:493)
	at bg.sofia.uni.fmi.mjt.uno.server.ClientHandler.readMessag[2025-01-28T23:13:51.268322100] Error occurred:
Client: Unknown (error retrieving client info)
Exception: java.nio.channels.ClosedChannelException - null
java.nio.channels.ClosedChannelException
	at java.base/sun.nio.ch.SocketChannelImpl.ensureOpenAndConnected(SocketChannelImpl.java:224)
	at java.base/sun.nio.ch.SocketChannelImpl.implRead(SocketChannelImpl.java:411)
	at java.base/sun.nio.ch.SocketChannelImpl.read(SocketChannelImpl.java:493)
	at bg.sofia.uni.fmi.mjt.uno.server.ClientHandler.readMessag[2025-01-28T23:13:51.269321300] Error occurred:
Client: Unknown (error retrieving client info)
Exception: java.nio.channels.ClosedChannelException - null
java.nio.channels.ClosedChannelException
	at java.base/sun.nio.ch.SocketChannelImpl.ensureOpenAndConnected(SocketChannelImpl.java:224)
	at java.base/sun.nio.ch.SocketChannelImpl.implRead(SocketChannelImpl.java:411)
	at java.base/sun.nio.ch.SocketChannelImpl.read(SocketChannelImpl.java:493)
	at bg.sofia.uni.fmi.mjt.uno.server.ClientHandler.readMessageFromClient(ClientHandler.java:55)
	at bg.sofia.uni.fmi.mjt.uno.server.ClientHandler.run(ClientHandler.java:30)
	at java.base/java.lang.Thread.run(Thread.java:1575)

eFromClient(ClientHandler.java:55)
	at bg.sofia.uni.fmi.mjt.uno.server.ClientHandler.run(ClientHandler.java:30)
	at java.base/java.lang.Thread.run(Thread.java:1575)

eFromClient(ClientHandler.java:55)
	at bg.sofia.uni.fmi.mjt.uno.server.ClientHandler.run(ClientHandler.java:30)
	at java.base/java.lang.Thread.run(Thread.java:1575)

eFromClient(ClientHandler.java:55)
	at bg.sofia.uni.fmi.mjt.uno.server.ClientHandler.run(ClientHandler.java:30)
	at java.base/java.lang.Thread.run(Thread.java:1575)

eFromClient(ClientHandler.java:55)
	at bg.sofia.uni.fmi.mjt.uno.server.ClientHandler.run(ClientHandler.java:30)
	at java.base/java.lang.Thread.run(Thread.java:1575)

eFromClient(ClientHandler.java:55)
	at bg.sofia.uni.fmi.mjt.uno.server.ClientHandler.run(ClientHandler.java:30)
	at java.base/java.lang.Thread.run(Thread.java:1575)

[2025-01-28T23:13:51.270321700] Error occurred:
Client: Unknown (error retrieving client info)
Exception: java.nio.channels.ClosedChannelException - null
java.nio.channels.ClosedChannelException
	at java.base/sun.nio.ch.SocketChannelImpl.ensureOpenAndConnected(SocketChannelImpl.java:224)
	at java.base/sun.nio.ch.SocketChannelImpl.implRead(SocketChannelImpl.java:411)
	at java.base/sun.nio.ch.SocketChannelImpl.read(SocketChannelImpl.java:493)
	at bg.sofia.uni.fmi.mjt.uno.server.ClientHandler.readMessageFromClient(ClientHandler.java:55)
	at bg.sofia.uni.fmi.mjt.uno.server.ClientHandler.run(ClientHandler.java:30)
	at java.base/java.lang.Thread.run(Thread.java:1575)

[2025-01-28T23:13:51.270321700] Error occurred:
Client: Unknown (error retrieving client info)
Exception: java.nio.channels.ClosedChannelException - null
java.nio.channels.ClosedChannelException
	at java.base/sun.nio.ch.SocketChannelImpl.ensureOpenAndConnected(SocketChannelImpl.java:224)
	at java.base/sun.nio.ch.SocketChannelImpl.implRead(SocketChannelImpl.java:411)
	at java.base/sun.nio.ch.SocketChannelImpl.read(SocketChannelImpl.java:493)
	at bg.sofia.uni.fmi.mjt.uno.server.ClientHandler.readMessageFromClient(ClientHandler.java:55)
	at bg.sofia.uni.fmi.mjt.uno.server.ClientHandler.run(ClientHandler.java:30)
	at java.base/java.lang.Thread.run(Thread.java:1575)

[2025-01-28T23:13:51.271323200] Error occurred:
Client: Unknown (error retrieving client info)
Exception: java.nio.channels.ClosedChannelException - null
java.nio.channels.ClosedChannelException
	at java.base/sun.nio.ch.SocketChannelImpl.ensureOpenAndConnected(SocketChannelImpl.java:224)
	at java.base/sun.nio.ch.SocketChannelImpl.implRead(SocketChannelImpl.java:411)
	at java.base/sun.nio.ch.SocketChannelImpl.read(SocketChannelImpl.java:493)
	at bg.sofia.uni.fmi.mjt.uno.server.ClientHandler.readMessag[2025-01-28T23:13:51.271323200] Error occurred:
Client: Unknown (error retrieving client info)
Exception: java.nio.channels.ClosedChannelException - null
java.nio.channels.ClosedChannelException
	at java.base/sun.nio.ch.SocketChannelImpl.ensureOpenAndConnected(SocketChannelImpl.java:224)
	at java.base/sun.nio.ch.SocketChannelImpl.implRead(SocketChannelImpl.java:411)
	at java.base/sun.nio.ch.SocketChannelImpl.read(SocketChannelImpl.java:493)
	at bg.sofia.uni.fmi.mjt.uno.server.ClientHandler.readMessageFromClient(ClientHandler.java:55)
	at bg.sofia.uni.fmi.mjt.uno.server.ClientHandler.run(ClientHandler.java:30)
	at java.base/java.lang.Thread.run(Thread.java:1575)

eFromClient(ClientHandler.java:55)
	at bg.sofia.uni.fmi.mjt.uno.server.ClientHandler.run(ClientHandler.java:30)
	at java.base/java.lang.Thread.run(Thread.java:1575)

[2025-01-28T23:13:51.271323200] Error occurred:
Client: Unknown (error retrieving client info)
Exception: java.nio.channels.ClosedChannelException - null
java.nio.channels.ClosedChannelException
	at java.base/sun.nio.ch.SocketChannelImpl.ensureOpenAndConnected(SocketChannelImpl.java:224)
	at java.base/sun.nio.ch.SocketChannelImpl.implRead(SocketChannelImpl.java:411)
	at java.base/sun.nio.ch.SocketChannelImpl.read(SocketChannelImpl.java:493)
	at bg.sofia.uni.fmi.mjt.uno.server.ClientHandler.readMessageFromClient(ClientHandler.java:55)
	at bg.sofia.uni.fmi.mjt.uno.server.ClientHandler.run(ClientHandler.java:30)
	at java.base/java.lang.Thread.run(Thread.java:1575)

[2025-01-28T23:13:51.272322600] Error occurred:
Client: Unknown (error retrieving client info)
Exception: java.nio.channels.ClosedChannelException - null
java.nio.channels.ClosedChannelException
	at java.base/sun.nio.ch.SocketChannelImpl.ensureOpenAndConnected(SocketChannelImpl.java:224)
	at java.base/sun.nio.ch.SocketChannelImpl.implRead(SocketChannelImpl.java:411)
	at java.base/sun.nio.ch.SocketChannelImpl.read(SocketChannelImpl.java:493)
	at bg.sofia.uni.fmi.mjt.uno.server.ClientHandler.readMessageFromClient(ClientHandler.java:55)
	at bg.sofia.uni.fmi.mjt.uno.server.ClientHandler.run(ClientHandler.java:30)
	at java.base/java.lang.Thread.run(Thread.java:1575)

[2025-01-28T23:13:51.272322600] Error occurred:
Client: Unknown (error retrieving client info)
Exception: java.nio.channels.ClosedChannelException - null
java.nio.channels.ClosedChannelException
	at java.base/sun.nio.ch.SocketChannelImpl.ensureOpenAndConnected(SocketChannelImpl.java:224)
	at java.base/sun.nio.ch.SocketChannelImpl.implRead(SocketChannelImpl.java:411)
	at java.base/sun.nio.ch.SocketChannelImpl.read(SocketChannelImpl.java:493)
	at bg.sofia.uni.fmi.mjt.uno.server.ClientHandler.readMessageFromClient(ClientHandler.java:55)
	at bg.sofia.uni.fmi.mjt.uno.server.ClientHandler.run(ClientHandler.java:30)
	at java.base/java.lang.Thread.run(Thread.java:1575)

[2025-01-28T23:13:51.273320900] Error occurred:
Client: Unknown (error retrieving client info)
Exception: java.nio.channels.ClosedChannelException - null
java.nio.channels.ClosedChannelException
	at java.base/sun.nio.ch.SocketChannelImpl.ensureOpenAndConnected(SocketChannelImpl.java:224)
	at java.base/sun.nio.ch.SocketChannelImpl.implRead(SocketChannelImpl.java:411)
	at java.base/sun.nio.ch.SocketChannelImpl.read(SocketChannelImpl.java:493)
	at bg.sofia.uni.fmi.mjt.uno.server.ClientHandler.readMessageFromClient(ClientHandler.java:55)
	at bg.sofia.uni.fmi.mjt.uno.server.ClientHandler.run(ClientHandler.java:30)
	at java.base/java.lang.Thread.run(Thread.java:1575)

[2025-01-28T23:13:51.286764300] Error occurred:
Client: Unknown (error retrieving client info)
Exception: java.nio.channels.ClosedChannelException - null
java.nio.channels.ClosedChannelException
	at java.base/sun.nio.ch.SocketChannelImpl.ensureOpenAndConnected(SocketChannelImpl.java:224)
	at java.base/sun.nio.ch.SocketChannelImpl.implRead(SocketChannelImpl.java:411)
	at java.base/sun.nio.ch.SocketChannelImpl.read(SocketChannelImpl.java:493)
	at bg.sofia.uni.fmi.mjt.uno.server.ClientHandler.readMessageFromClient(ClientHandler.java:55)
	at bg.sofia.uni.fmi.mjt.uno.server.ClientHandler.run(ClientHandler.java:30)
	at java.base/java.lang.Thread.run(Thread.java:1575)

[2025-01-28T23:13:51.287764700] Error occurred:
Client: Unknown (error retrieving client info)
Exception: java.nio.channels.ClosedChannelException - null
java.nio.channels.ClosedChannelException
	at java.base/sun.nio.ch.SocketChannelImpl.ensureOpenAndConnected(SocketChannelImpl.java:224)
	at java.base/sun.nio.ch.SocketChannelImpl.implRead(SocketChannelImpl.java:411)
	at java.base/sun.nio.ch.SocketChannelImpl.read(SocketChannelImpl.java:493)
	at bg.sofia.uni.fmi.mjt.uno.server.ClientHandler.readMessageFromClient(ClientHandler.java:55)
	at bg.sofia.uni.fmi.mjt.uno.server.ClientHandler.run(ClientHandler.java:30)
	at java.base/java.lang.Thread.run(Thread.java:1575)

[2025-01-28T23:13:51.287764700] Error occurred:
Client: Unknown (error retrieving client info)
Exception: java.nio.channels.ClosedChannelException - null
java.nio.channels.ClosedChannelException
	at java.base/sun.nio.ch.SocketChannelImpl.ensureOpenAndConnected(SocketChannelImpl.java:224)
	at java.base/sun.nio.ch.SocketChannelImpl.implRead(SocketChannelImpl.java:411)
	at java.base/sun.nio.ch.SocketChannelImpl.read(SocketChannelImpl.java:493)
	at bg.sofia.uni.fmi.mjt.uno.server.ClientHandler.readMessag[2025-01-28T23:13:51.287764700] Error occurred:
Client: Unknown (error retrieving client info)
Exception: java.nio.channels.ClosedChannelException - null
java.nio.channels.ClosedChannelException
	at java.base/sun.nio.ch.SocketChannelImpl.ensureOpenAndConnected(SocketChannelImpl.java:224)
	at java.base/sun.nio.ch.SocketChannelImpl.implRead(SocketChannelImpl.java:411)
	at java.base/sun.nio.ch.SocketChannelImpl.read(SocketChannelImpl.java:493)
	at bg.sofia.uni.fmi.mjt.uno.server.ClientHandler.readMessag[2025-01-28T23:13:51.287764700] Error occurred:
Client: Unknown (error retrieving client info)
Exception: java.nio.channels.ClosedChannelException - null
java.nio.channels.ClosedChannelException
	at java.base/sun.nio.ch.SocketChannelImpl.ensureOpenAndConnected(SocketChannelImpl.java:224)
	at java.base/sun.nio.ch.SocketChannelImpl.implRead(SocketChannelImpl.java:411)
	at java.base/sun.nio.ch.SocketChannelImpl.read(SocketChannelImpl.java:493)
	at bg.sofia.uni.fmi.mjt.uno.server.ClientHandler.readMessag[2025-01-28T23:13:51.287764700] Error occurred:
Client: Unknown (error retrieving client info)
Exception: java.nio.channels.ClosedChannelException - null
java.nio.channels.ClosedChannelException
	at java.base/sun.nio.ch.SocketChannelImpl.ensureOpenAndConnected(SocketChannelImpl.java:224)
	at java.base/sun.nio.ch.SocketChannelImpl.implRead(SocketChannelImpl.java:411)
	at java.base/sun.nio.ch.SocketChannelImpl.read(SocketChannelImpl.java:493)
	at bg.sofia.uni.fmi.mjt.uno.server.ClientHandler.readMessag[2025-01-28T23:13:51.288765] Error occurred:
Client: Unknown (error retrieving client info)
Exception: java.nio.channels.ClosedChannelException - null
java.nio.channels.ClosedChannelException
	at java.base/sun.nio.ch.SocketChannelImpl.ensureOpenAndConnected(SocketChannelImpl.java:224)
	at java.base/sun.nio.ch.SocketChannelImpl.implRead(SocketChannelImpl.java:411)
	at java.base/sun.nio.ch.SocketChannelImpl.read(SocketChannelImpl.java:493)
	at bg.sofia.uni.fmi.mjt.uno.server.ClientHandler.readMessageFreFromClient(ClientHandler.java:55)
	at bg.sofia.uni.fmi.mjt.uno.server.ClientHandler.run(ClientHandler.java:30)
	at java.base/java.lang.Thread.run(Thread.java:1575)

[2025-01-28T23:13:51.288765] Error occurred:
Client: Unknown (error retrieving client info)
Exception: java.nio.channels.ClosedChannelException - null
java.nio.channels.ClosedChannelException
	at java.base/sun.nio.ch.SocketChannelImpl.ensureOpenAndConnected(SocketChannelImpl.java:224)
	at java.base/sun.nio.ch.SocketChannelImpl.implRead(SocketChannelImpl.java:411)
	at java.base/sun.nio.ch.SocketChannelImpl.read(SocketChannelImpl.java:493)
	at bg.sofia.uni.fmi.mjt.uno.server.ClientHandler.readMessageFromClient(ClientHandler.java:55)
	at bg.sofia.uni.fmi.mjt.uno.server.ClientHandler.run(ClientHandler.java:30)
	at java.base/java.lang.Thread.run(Thread.java:1575)

eFromClient(ClientHandler.java:55)
	at bg.sofia.uni.fmi.mjt.uno.server.ClientHandler.run(ClientHandler.java:30)
	at java.base/java.lang.Thread.run(Thread.java:1575)

omClient(ClientHandler.java:55)
	at bg.sofia.uni.fmi.mjt.uno.server.ClientHandler.run(ClientHandler.java:30)
	at java.base/java.lang.Thread.run(Thread.java:1575)

eFromClient(ClientHandler.java:55)
	at bg.sofia.uni.fmi.mjt.uno.server.ClientHandler.run(ClientHandler.java:30)
	at java.base/java.lang.Thread.run(Thread.java:1575)

eFromClient(ClientHandler.java:55)
	at bg.sofia.uni.fmi.mjt.uno.server.ClientHandler.run(ClientHandler.java:30)
	at java.base/java.lang.Thread.run(Thread.java:1575)

[2025-01-28T23:13:51.288765] Error occurred:
Client: Unknown (error retrieving client info)
Exception: java.nio.channels.ClosedChannelException - null
java.nio.channels.ClosedChannelException
	at java.base/sun.nio.ch.SocketChannelImpl.ensureOpenAndConnected(SocketChannelImpl.java:224)
	at java.base/sun.nio.ch.SocketChannelImpl.implRead(SocketChannelImpl.java:411)
	at java.base/sun.nio.ch.SocketChannelImpl.read(SocketChannelImpl.java:493)
	at bg.sofia.uni.fmi.mjt.uno.server.ClientHandler.readMessageFr[2025-01-28T23:13:51.288765] Error occurred:
Client: Unknown (error retrieving client info)
Exception: java.nio.channels.ClosedChannelException - null
java.nio.channels.ClosedChannelException
	at java.base/sun.nio.ch.SocketChannelImpl.ensureOpenAndConnected(SocketChannelImpl.java:224)
	at java.base/sun.nio.ch.SocketChannelImpl.implRead(SocketChannelImpl.java:411)
	at java.base/sun.nio.ch.SocketChannelImpl.read(SocketChannelImpl.java:493)
	at bg.sofia.uni.fmi.mjt.uno.server.ClientHandler.readMessageFromClient(ClientHandler.java:55)
	at bg.sofia.uni.fmi.mjt.uno.server.ClientHandler.run(ClientHandler.java:30)
	at java.base/java.lang.Thread.run(Thread.java:1575)

omClient(ClientHandler.java:55)
	at bg.sofia.uni.fmi.mjt.uno.server.ClientHandler.run(ClientHandler.java:30)
	at java.base/java.lang.Thread.run(Thread.java:1575)

[2025-01-28T23:13:51.288765] Error occurred:
Client: Unknown (error retrieving client info)
Exception: java.nio.channels.ClosedChannelException - null
java.nio.channels.ClosedChannelException
	at java.base/sun.nio.ch.SocketChannelImpl.ensureOpenAndConnected(SocketChannelImpl.java:224)
	at java.base/sun.nio.ch.SocketChannelImpl.implRead(SocketChannelImpl.java:411)
	at java.base/sun.nio.ch.SocketChannelImpl.read(SocketChannelImpl.java:493)
	at bg.sofia.uni.fmi.mjt.uno.server.ClientHandler.readMessageFromClient(ClientHandler.java:55)
	at bg.sofia.uni.fmi.mjt.uno.server.ClientHandler.run(ClientHandler.java:30)
	at java.base/java.lang.Thread.run(Thread.java:1575)

===================================================
Timestamp: 2025-01-29T12:26:57.040932800
Client Info: Username: krisi, Address: /127.0.0.1:59883
Log Level: ERROR
Message: Error occurred while handling client: Username: krisi, Address: /127.0.0.1:59883
Stacktrace:
java.net.SocketException: Connection reset
	at java.base/sun.nio.ch.SocketChannelImpl.throwConnectionReset(SocketChannelImpl.java:403)
	at java.base/sun.nio.ch.SocketChannelImpl.implRead(SocketChannelImpl.java:419)
	at java.base/sun.nio.ch.SocketChannelImpl.read(SocketChannelImpl.java:493)
	at bg.sofia.uni.fmi.mjt.uno.server.ClientHandler.readMessageFromClient(ClientHandler.java:55)
	at bg.sofia.uni.fmi.mjt.uno.server.ClientHandler.run(ClientHandler.java:30)
	at java.base/java.lang.Thread.run(Thread.java:1575)
===================================================
Timestamp: 2025-01-29T12:26:57.079125500
Client Info: Username: krisi, Address: /127.0.0.1:59883
Log Level: ERROR
Message: Error occurred while handling client: Username: krisi, Address: /127.0.0.1:59883
Stacktrace:
java.net.SocketException: Connection reset
	at java.base/sun.nio.ch.SocketChannelImpl.throwConnectionReset(SocketChannelImpl.java:403)
	at java.base/sun.nio.ch.SocketChannelImpl.implRead(SocketChannelImpl.java:419)
	at java.base/sun.nio.ch.SocketChannelImpl.read(SocketChannelImpl.java:493)
	at bg.sofia.uni.fmi.mjt.uno.server.ClientHandler.readMessageFromClient(ClientHandler.java:55)
	at bg.sofia.uni.fmi.mjt.uno.server.ClientHandler.run(ClientHandler.java:30)
	at java.base/java.lang.Thread.run(Thread.java:1575)
===================================================
Timestamp: 2025-01-29T12:26:57.074670500
Client Info: Username: krisi, Address: /127.0.0.1:59883
Log Level: ERROR
Message: Error occurred while handling client: Username: krisi, Address: /127.0.0.1:59883
Stacktrace:
java.net.SocketException: Connection reset
	at java.base/sun.nio.ch.SocketChannelImpl.throwConnectionReset(SocketChannelImpl.java:403)
	at java.base/sun.nio.ch.SocketChannelImpl.implRead(SocketChannelImpl.java:419)
	at java.base/sun.nio.ch.SocketChannelImpl.read(SocketChannelImpl.java:493)
	at bg.sofia.uni.fmi.mjt.uno.server.ClientHandler.readMessageFromClient(ClientHandler.java:55)
	at bg.sofia.uni.fmi.mjt.uno.server.ClientHandler.run(ClientHandler.java:30)
	at java.base/java.lang.Thread.run(Thread.java:1575)
===================================================
Timestamp: 2025-01-29T12:26:56.965776100
Client Info: Username: krisi, Address: /127.0.0.1:59883
Log Level: ERROR
Message: Error occurred while handling client: Username: krisi, Address: /127.0.0.1:59883
Stacktrace:
java.net.SocketException: Connection reset
	at java.base/sun.nio.ch.SocketChannelImpl.throwConnectionReset(SocketChannelImpl.java:403)
	at java.base/sun.nio.ch.SocketChannelImpl.implRead(SocketChannelImpl.java:419)
	at java.base/sun.nio.ch.SocketChannelImpl.read(SocketChannelImpl.java:493)
	at bg.sofia.uni.fmi.mjt.uno.server.ClientHandler.readMessageFromClient(ClientHandler.java:55)
	at bg.sofia.uni.fmi.mjt.uno.server.ClientHandler.run(ClientHandler.java:30)
	at java.base/java.lang.Thread.run(Thread.java:1575)
===================================================
Timestamp: 2025-01-29T12:26:57.037922900
Client Info: Username: krisi, Address: /127.0.0.1:59883
Log Level: ERROR
Message: Error occurred while handling client: Username: krisi, Address: /127.0.0.1:59883
Stacktrace:
java.net.SocketException: Connection reset
	at java.base/sun.nio.ch.SocketChannelImpl.throwConnectionReset(SocketChannelImpl.java:403)
	at java.base/sun.nio.ch.SocketChannelImpl.implRead(SocketChannelImpl.java:419)
	at java.base/sun.nio.ch.SocketChannelImpl.read(SocketChannelImpl.java:493)
	at bg.sofia.uni.fmi.mjt.uno.server.ClientHandler.readMessageFromClient(ClientHandler.java:55)
	at bg.sofia.uni.fmi.mjt.uno.server.ClientHandler.run(ClientHandler.java:30)
	at java.base/java.lang.Thread.run(Thread.java:1575)
===================================================
Timestamp: 2025-01-29T12:26:57.033414200
Client Info: Username: krisi, Address: /127.0.0.1:59883
Log Level: ERROR
Message: Error occurred while handling client: Username: krisi, Address: /127.0.0.1:59883
Stacktrace:
java.net.SocketException: Connection reset
	at java.base/sun.nio.ch.SocketChannelImpl.throwConnectionReset(SocketChannelImpl.java:403)
	at java.base/sun.nio.ch.SocketChannelImpl.implRead(SocketChannelImpl.java:419)
	at java.base/sun.nio.ch.SocketChannelImpl.read(SocketChannelImpl.java:493)
	at bg.sofia.uni.fmi.mjt.uno.server.ClientHandler.readMessageFromClient(ClientHandler.java:55)
	at bg.sofia.uni.fmi.mjt.uno.server.ClientHandler.run(ClientHandler.java:30)
	at java.base/java.lang.Thread.run(Thread.java:1575)
===================================================
Timestamp: 2025-01-29T12:26:57.039932800
Client Info: Username: krisi, Address: /127.0.0.1:59883
Log Level: ERROR
Message: Error occurred while handling client: Username: krisi, Address: /127.0.0.1:59883
Stacktrace:
java.net.SocketException: Connection reset
	at java.base/sun.nio.ch.SocketChannelImpl.throwConnectionReset(SocketChannelImpl.java:403)
	at java.base/sun.nio.ch.SocketChannelImpl.implRead(SocketChannelImpl.java:419)
	at java.base/sun.nio.ch.SocketChannelImpl.read(SocketChannelImpl.java:493)
	at bg.sofia.uni.fmi.mjt.uno.server.ClientHandler.readMessageFromClient(ClientHandler.java:55)
	at bg.sofia.uni.fmi.mjt.uno.server.ClientHandler.run(ClientHandler.java:30)
	at java.base/java.lang.Thread.run(Thread.java:1575)
===================================================
Timestamp: 2025-01-29T12:26:56.960774600
Client Info: Username: krisi, Address: /127.0.0.1:59883
Log Level: ERROR
Message: Error occurred while handling client: Username: krisi, Address: /127.0.0.1:59883
Stacktrace:
java.net.SocketException: Connection reset
	at java.base/sun.nio.ch.SocketChannelImpl.throwConnectionReset(SocketChannelImpl.java:403)
	at java.base/sun.nio.ch.SocketChannelImpl.implRead(SocketChannelImpl.java:419)
	at java.base/sun.nio.ch.SocketChannelImpl.read(SocketChannelImpl.java:493)
	at bg.sofia.uni.fmi.mjt.uno.server.ClientHandler.readMessageFromClient(ClientHandler.java:55)
	at bg.sofia.uni.fmi.mjt.uno.server.ClientHandler.run(ClientHandler.java:30)
	at java.base/java.lang.Thread.run(Thread.java:1575)
===================================================
Timestamp: 2025-01-29T12:26:57.039932800
Client Info: Username: krisi, Address: /127.0.0.1:59883
Log Level: ERROR
Message: Error occurred while handling client: Username: krisi, Address: /127.0.0.1:59883
Stacktrace:
java.net.SocketException: Connection reset
	at java.base/sun.nio.ch.SocketChannelImpl.throwConnectionReset(SocketChannelImpl.java:403)
	at java.base/sun.nio.ch.SocketChannelImpl.implRead(SocketChannelImpl.java:419)
	at java.base/sun.nio.ch.SocketChannelImpl.read(SocketChannelImpl.java:493)
	at bg.sofia.uni.fmi.mjt.uno.server.ClientHandler.readMessageFromClient(ClientHandler.java:55)
	at bg.sofia.uni.fmi.mjt.uno.server.ClientHandler.run(ClientHandler.java:30)
	at java.base/java.lang.Thread.run(Thread.java:1575)
===================================================
Timestamp: 2025-01-29T12:26:57.061797300
Client Info: Username: krisi, Address: /127.0.0.1:59883
Log Level: ERROR
Message: Error occurred while handling client: Username: krisi, Address: /127.0.0.1:59883
Stacktrace:
java.net.SocketException: Connection reset
	at java.base/sun.nio.ch.SocketChannelImpl.throwConnectionReset(SocketChannelImpl.java:403)
	at java.base/sun.nio.ch.SocketChannelImpl.implRead(SocketChannelImpl.java:419)
	at java.base/sun.nio.ch.SocketChannelImpl.read(SocketChannelImpl.java:493)
	at bg.sofia.uni.fmi.mjt.uno.server.ClientHandler.readMessageFromClient(ClientHandler.java:55)
	at bg.sofia.uni.fmi.mjt.uno.server.ClientHandler.run(ClientHandler.java:30)
	at java.base/java.lang.Thread.run(Thread.java:1575)
===================================================
Timestamp: 2025-01-29T12:26:57.044450500
Client Info: Username: krisi, Address: /127.0.0.1:59883
Log Level: ERROR
Message: Error occurred while handling client: Username: krisi, Address: /127.0.0.1:59883
Stacktrace:
java.net.SocketException: Connection reset
	at java.base/sun.nio.ch.SocketChannelImpl.throwConnectionReset(SocketChannelImpl.java:403)
	at java.base/sun.nio.ch.SocketChannelImpl.implRead(SocketChannelImpl.java:419)
	at java.base/sun.nio.ch.SocketChannelImpl.read(SocketChannelImpl.java:493)
	at bg.sofia.uni.fmi.mjt.uno.server.ClientHandler.readMessageFromClient(ClientHandler.java:55)
	at bg.sofia.uni.fmi.mjt.uno.server.ClientHandler.run(ClientHandler.java:30)
	at java.base/java.lang.Thread.run(Thread.java:1575)
===================================================
Timestamp: 2025-01-29T12:26:57.039932800
Client Info: Username: krisi, Address: /127.0.0.1:59883
Log Level: ERROR
Message: Error occurred while handling client: Username: krisi, Address: /127.0.0.1:59883
Stacktrace:
java.net.SocketException: Connection reset
	at java.base/sun.nio.ch.SocketChannelImpl.throwConnectionReset(SocketChannelImpl.java:403)
	at java.base/sun.nio.ch.SocketChannelImpl.implRead(SocketChannelImpl.java:419)
	at java.base/sun.nio.ch.SocketChannelImpl.read(SocketChannelImpl.java:493)
	at bg.sofia.uni.fmi.mjt.uno.server.ClientHandler.readMessageFromClient(ClientHandler.java:55)
	at bg.sofia.uni.fmi.mjt.uno.server.ClientHandler.run(ClientHandler.java:30)
	at java.base/java.lang.Thread.run(Thread.java:1575)
===================================================
Timestamp: 2025-01-29T12:26:56.953774800
Client Info: Username: krisi, Address: /127.0.0.1:59883
Log Level: ERROR
Message: Error occurred while handling client: Username: krisi, Address: /127.0.0.1:59883
Stacktrace:
java.net.SocketException: Connection reset
	at java.base/sun.nio.ch.SocketChannelImpl.throwConnectionReset(SocketChannelImpl.java:403)
	at java.base/sun.nio.ch.SocketChannelImpl.implRead(SocketChannelImpl.java:419)
	at java.base/sun.nio.ch.SocketChannelImpl.read(SocketChannelImpl.java:493)
	at bg.sofia.uni.fmi.mjt.uno.server.ClientHandler.readMessageFromClient(ClientHandler.java:55)
	at bg.sofia.uni.fmi.mjt.uno.server.ClientHandler.run(ClientHandler.java:30)
	at java.base/java.lang.Thread.run(Thread.java:1575)
===================================================
Timestamp: 2025-01-29T12:26:56.966776100
Client Info: Username: krisi, Address: /127.0.0.1:59883
Log Level: ERROR
Message: Error occurred while handling client: Username: krisi, Address: /127.0.0.1:59883
Stacktrace:
java.net.SocketException: Connection reset
	at java.base/sun.nio.ch.SocketChannelImpl.throwConnectionReset(SocketChannelImpl.java:403)
	at java.base/sun.nio.ch.SocketChannelImpl.implRead(SocketChannelImpl.java:419)
	at java.base/sun.nio.ch.SocketChannelImpl.read(SocketChannelImpl.java:493)
	at bg.sofia.uni.fmi.mjt.uno.server.ClientHandler.readMessageFromClient(ClientHandler.java:55)
	at bg.sofia.uni.fmi.mjt.uno.server.ClientHandler.run(ClientHandler.java:30)
	at java.base/java.lang.Thread.run(Thread.java:1575)
===================================================
Timestamp: 2025-01-29T12:26:57.034414800
Client Info: Username: krisi, Address: /127.0.0.1:59883
Log Level: ERROR
Message: Error occurred while handling client: Username: krisi, Address: /127.0.0.1:59883
Stacktrace:
java.net.SocketException: Connection reset
	at java.base/sun.nio.ch.SocketChannelImpl.throwConnectionReset(SocketChannelImpl.java:403)
	at java.base/sun.nio.ch.SocketChannelImpl.implRead(SocketChannelImpl.java:419)
	at java.base/sun.nio.ch.SocketChannelImpl.read(SocketChannelImpl.java:493)
	at bg.sofia.uni.fmi.mjt.uno.server.ClientHandler.readMessageFromClient(ClientHandler.java:55)
	at bg.sofia.uni.fmi.mjt.uno.server.ClientHandler.run(ClientHandler.java:30)
	at java.base/java.lang.Thread.run(Thread.java:1575)
===================================================
Timestamp: 2025-01-29T12:26:57.034414800
Client Info: Username: krisi, Address: /127.0.0.1:59883
Log Level: ERROR
Message: Error occurred while handling client: Username: krisi, Address: /127.0.0.1:59883
Stacktrace:
java.net.SocketException: Connection reset
	at java.base/sun.nio.ch.SocketChannelImpl.throwConnectionReset(SocketChannelImpl.java:403)
	at java.base/sun.nio.ch.SocketChannelImpl.implRead(SocketChannelImpl.java:419)
	at java.base/sun.nio.ch.SocketChannelImpl.read(SocketChannelImpl.java:493)
	at bg.sofia.uni.fmi.mjt.uno.server.ClientHandler.readMessageFromClient(ClientHandler.java:55)
	at bg.sofia.uni.fmi.mjt.uno.server.ClientHandler.run(ClientHandler.java:30)
	at java.base/java.lang.Thread.run(Thread.java:1575)
===================================================
Timestamp: 2025-01-29T12:26:57.062790500
Client Info: Username: krisi, Address: /127.0.0.1:59883
Log Level: ERROR
Message: Error occurred while handling client: Username: krisi, Address: /127.0.0.1:59883
Stacktrace:
java.net.SocketException: Connection reset
	at java.base/sun.nio.ch.SocketChannelImpl.throwConnectionReset(SocketChannelImpl.java:403)
	at java.base/sun.nio.ch.SocketChannelImpl.implRead(SocketChannelImpl.java:419)
	at java.base/sun.nio.ch.SocketChannelImpl.read(SocketChannelImpl.java:493)
	at bg.sofia.uni.fmi.mjt.uno.server.ClientHandler.readMessageFromClient(ClientHandler.java:55)
	at bg.sofia.uni.fmi.mjt.uno.server.ClientHandler.run(ClientHandler.java:30)
	at java.base/java.lang.Thread.run(Thread.java:1575)
===================================================
Timestamp: 2025-01-29T12:26:57.069537700
Client Info: Username: krisi, Address: /127.0.0.1:59883
Log Level: ERROR
Message: Error occurred while handling client: Username: krisi, Address: /127.0.0.1:59883
Stacktrace:
java.net.SocketException: Connection reset
	at java.base/sun.nio.ch.SocketChannelImpl.throwConnectionReset(SocketChannelImpl.java:403)
	at java.base/sun.nio.ch.SocketChannelImpl.implRead(SocketChannelImpl.java:419)
	at java.base/sun.nio.ch.SocketChannelImpl.read(SocketChannelImpl.java:493)
	at bg.sofia.uni.fmi.mjt.uno.server.ClientHandler.readMessageFromClient(ClientHandler.java:55)
	at bg.sofia.uni.fmi.mjt.uno.server.ClientHandler.run(ClientHandler.java:30)
	at java.base/java.lang.Thread.run(Thread.java:1575)
===================================================
Timestamp: 2025-01-29T12:26:57.037922900
Client Info: Username: krisi, Address: /127.0.0.1:59883
Log Level: ERROR
Message: Error occurred while handling client: Username: krisi, Address: /127.0.0.1:59883
Stacktrace:
java.net.SocketException: Connection reset
	at java.base/sun.nio.ch.SocketChannelImpl.throwConnectionReset(SocketChannelImpl.java:403)
	at java.base/sun.nio.ch.SocketChannelImpl.implRead(SocketChannelImpl.java:419)
	at java.base/sun.nio.ch.SocketChannelImpl.read(SocketChannelImpl.java:493)
	at bg.sofia.uni.fmi.mjt.uno.server.ClientHandler.readMessageFromClient(ClientHandler.java:55)
	at bg.sofia.uni.fmi.mjt.uno.server.ClientHandler.run(ClientHandler.java:30)
	at java.base/java.lang.Thread.run(Thread.java:1575)
===================================================
Timestamp: 2025-01-29T12:26:57.052449700
Client Info: Username: krisi, Address: /127.0.0.1:59883
Log Level: ERROR
Message: Error occurred while handling client: Username: krisi, Address: /127.0.0.1:59883
Stacktrace:
java.net.SocketException: Connection reset
	at java.base/sun.nio.ch.SocketChannelImpl.throwConnectionReset(SocketChannelImpl.java:403)
	at java.base/sun.nio.ch.SocketChannelImpl.implRead(SocketChannelImpl.java:419)
	at java.base/sun.nio.ch.SocketChannelImpl.read(SocketChannelImpl.java:493)
	at bg.sofia.uni.fmi.mjt.uno.server.ClientHandler.readMessageFromClient(ClientHandler.java:55)
	at bg.sofia.uni.fmi.mjt.uno.server.ClientHandler.run(ClientHandler.java:30)
	at java.base/java.lang.Thread.run(Thread.java:1575)
===================================================
Timestamp: 2025-01-29T12:26:57.033414200
Client Info: Username: krisi, Address: /127.0.0.1:59883
Log Level: ERROR
Message: Error occurred while handling client: Username: krisi, Address: /127.0.0.1:59883
Stacktrace:
java.net.SocketException: Connection reset
	at java.base/sun.nio.ch.SocketChannelImpl.throwConnectionReset(SocketChannelImpl.java:403)
	at java.base/sun.nio.ch.SocketChannelImpl.implRead(SocketChannelImpl.java:419)
	at java.base/sun.nio.ch.SocketChannelImpl.read(SocketChannelImpl.java:493)
	at bg.sofia.uni.fmi.mjt.uno.server.ClientHandler.readMessageFromClient(ClientHandler.java:55)
	at bg.sofia.uni.fmi.mjt.uno.server.ClientHandler.run(ClientHandler.java:30)
	at java.base/java.lang.Thread.run(Thread.java:1575)
===================================================
Timestamp: 2025-01-29T12:26:57.066108700
Client Info: Username: krisi, Address: /127.0.0.1:59883
Log Level: ERROR
Message: Error occurred while handling client: Username: krisi, Address: /127.0.0.1:59883
Stacktrace:
java.net.SocketException: Connection reset
	at java.base/sun.nio.ch.SocketChannelImpl.throwConnectionReset(SocketChannelImpl.java:403)
	at java.base/sun.nio.ch.SocketChannelImpl.implRead(SocketChannelImpl.java:419)
	at java.base/sun.nio.ch.SocketChannelImpl.read(SocketChannelImpl.java:493)
	at bg.sofia.uni.fmi.mjt.uno.server.ClientHandler.readMessageFromClient(ClientHandler.java:55)
	at bg.sofia.uni.fmi.mjt.uno.server.ClientHandler.run(ClientHandler.java:30)
	at java.base/java.lang.Thread.run(Thread.java:1575)
===================================================
Timestamp: 2025-01-29T12:26:56.959774200
Client Info: Username: krisi, Address: /127.0.0.1:59883
Log Level: ERROR
Message: Error occurred while handling client: Username: krisi, Address: /127.0.0.1:59883
Stacktrace:
java.net.SocketException: Connection reset
	at java.base/sun.nio.ch.SocketChannelImpl.throwConnectionReset(SocketChannelImpl.java:403)
	at java.base/sun.nio.ch.SocketChannelImpl.implRead(SocketChannelImpl.java:419)
	at java.base/sun.nio.ch.SocketChannelImpl.read(SocketChannelImpl.java:493)
	at bg.sofia.uni.fmi.mjt.uno.server.ClientHandler.readMessageFromClient(ClientHandler.java:55)
	at bg.sofia.uni.fmi.mjt.uno.server.ClientHandler.run(ClientHandler.java:30)
	at java.base/java.lang.Thread.run(Thread.java:1575)
===================================================
Timestamp: 2025-01-29T12:26:57.034414800
Client Info: Username: krisi, Address: /127.0.0.1:59883
Log Level: ERROR
Message: Error occurred while handling client: Username: krisi, Address: /127.0.0.1:59883
Stacktrace:
java.net.SocketException: Connection reset
	at java.base/sun.nio.ch.SocketChannelImpl.throwConnectionReset(SocketChannelImpl.java:403)
	at java.base/sun.nio.ch.SocketChannelImpl.implRead(SocketChannelImpl.java:419)
	at java.base/sun.nio.ch.SocketChannelImpl.read(SocketChannelImpl.java:493)
	at bg.sofia.uni.fmi.mjt.uno.server.ClientHandler.readMessageFromClient(ClientHandler.java:55)
	at bg.sofia.uni.fmi.mjt.uno.server.ClientHandler.run(ClientHandler.java:30)
	at java.base/java.lang.Thread.run(Thread.java:1575)
===================================================
Timestamp: 2025-01-29T12:26:57.037922900
Client Info: Username: krisi, Address: /127.0.0.1:59883
Log Level: ERROR
Message: Error occurred while handling client: Username: krisi, Address: /127.0.0.1:59883
Stacktrace:
java.net.SocketException: Connection reset
	at java.base/sun.nio.ch.SocketChannelImpl.throwConnectionReset(SocketChannelImpl.java:403)
	at java.base/sun.nio.ch.SocketChannelImpl.implRead(SocketChannelImpl.java:419)
	at java.base/sun.nio.ch.SocketChannelImpl.read(SocketChannelImpl.java:493)
	at bg.sofia.uni.fmi.mjt.uno.server.ClientHandler.readMessageFromClient(ClientHandler.java:55)
	at bg.sofia.uni.fmi.mjt.uno.server.ClientHandler.run(ClientHandler.java:30)
	at java.base/java.lang.Thread.run(Thread.java:1575)
===================================================
Timestamp: 2025-01-29T12:26:56.969776
Client Info: Username: krisi, Address: /127.0.0.1:59883
Log Level: ERROR
Message: Error occurred while handling client: Username: krisi, Address: /127.0.0.1:59883
Stacktrace:
java.net.SocketException: Connection reset
	at java.base/sun.nio.ch.SocketChannelImpl.throwConnectionReset(SocketChannelImpl.java:403)
	at java.base/sun.nio.ch.SocketChannelImpl.implRead(SocketChannelImpl.java:419)
	at java.base/sun.nio.ch.SocketChannelImpl.read(SocketChannelImpl.java:493)
	at bg.sofia.uni.fmi.mjt.uno.server.ClientHandler.readMessageFromClient(ClientHandler.java:55)
	at bg.sofia.uni.fmi.mjt.uno.server.ClientHandler.run(ClientHandler.java:30)
	at java.base/java.lang.Thread.run(Thread.java:1575)
===================================================
Timestamp: 2025-01-29T12:26:57.036415300
Client Info: Username: krisi, Address: /127.0.0.1:59883
Log Level: ERROR
Message: Error occurred while handling client: Username: krisi, Address: /127.0.0.1:59883
Stacktrace:
java.net.SocketException: Connection reset
	at java.base/sun.nio.ch.SocketChannelImpl.throwConnectionReset(SocketChannelImpl.java:403)
	at java.base/sun.nio.ch.SocketChannelImpl.implRead(SocketChannelImpl.java:419)
	at java.base/sun.nio.ch.SocketChannelImpl.read(SocketChannelImpl.java:493)
	at bg.sofia.uni.fmi.mjt.uno.server.ClientHandler.readMessageFromClient(ClientHandler.java:55)
	at bg.sofia.uni.fmi.mjt.uno.server.ClientHandler.run(ClientHandler.java:30)
	at java.base/java.lang.Thread.run(Thread.java:1575)
===================================================
Timestamp: 2025-01-29T12:26:57.036415300
Client Info: Username: krisi, Address: /127.0.0.1:59883
Log Level: ERROR
Message: Error occurred while handling client: Username: krisi, Address: /127.0.0.1:59883
Stacktrace:
java.net.SocketException: Connection reset
	at java.base/sun.nio.ch.SocketChannelImpl.throwConnectionReset(SocketChannelImpl.java:403)
	at java.base/sun.nio.ch.SocketChannelImpl.implRead(SocketChannelImpl.java:419)
	at java.base/sun.nio.ch.SocketChannelImpl.read(SocketChannelImpl.java:493)
	at bg.sofia.uni.fmi.mjt.uno.server.ClientHandler.readMessageFromClient(ClientHandler.java:55)
	at bg.sofia.uni.fmi.mjt.uno.server.ClientHandler.run(ClientHandler.java:30)
	at java.base/java.lang.Thread.run(Thread.java:1575)
===================================================
Timestamp: 2025-01-29T12:26:56.961774700
Client Info: Username: krisi, Address: /127.0.0.1:59883
Log Level: ERROR
Message: Error occurred while handling client: Username: krisi, Address: /127.0.0.1:59883
Stacktrace:
java.net.SocketException: Connection reset
	at java.base/sun.nio.ch.SocketChannelImpl.throwConnectionReset(SocketChannelImpl.java:403)
	at java.base/sun.nio.ch.SocketChannelImpl.implRead(SocketChannelImpl.java:419)
	at java.base/sun.nio.ch.SocketChannelImpl.read(SocketChannelImpl.java:493)
	at bg.sofia.uni.fmi.mjt.uno.server.ClientHandler.readMessageFromClient(ClientHandler.java:55)
	at bg.sofia.uni.fmi.mjt.uno.server.ClientHandler.run(ClientHandler.java:30)
	at java.base/java.lang.Thread.run(Thread.java:1575)
===================================================
Timestamp: 2025-01-29T12:26:57.033414200
Client Info: Username: krisi, Address: /127.0.0.1:59883
Log Level: ERROR
Message: Error occurred while handling client: Username: krisi, Address: /127.0.0.1:59883
Stacktrace:
java.net.SocketException: Connection reset
	at java.base/sun.nio.ch.SocketChannelImpl.throwConnectionReset(SocketChannelImpl.java:403)
	at java.base/sun.nio.ch.SocketChannelImpl.implRead(SocketChannelImpl.java:419)
	at java.base/sun.nio.ch.SocketChannelImpl.read(SocketChannelImpl.java:493)
	at bg.sofia.uni.fmi.mjt.uno.server.ClientHandler.readMessageFromClient(ClientHandler.java:55)
	at bg.sofia.uni.fmi.mjt.uno.server.ClientHandler.run(ClientHandler.java:30)
	at java.base/java.lang.Thread.run(Thread.java:1575)
===================================================
Timestamp: 2025-01-29T12:26:57.069537700
Client Info: Username: krisi, Address: /127.0.0.1:59883
Log Level: ERROR
Message: Error occurred while handling client: Username: krisi, Address: /127.0.0.1:59883
Stacktrace:
java.net.SocketException: Connection reset
	at java.base/sun.nio.ch.SocketChannelImpl.throwConnectionReset(SocketChannelImpl.java:403)
	at java.base/sun.nio.ch.SocketChannelImpl.implRead(SocketChannelImpl.java:419)
	at java.base/sun.nio.ch.SocketChannelImpl.read(SocketChannelImpl.java:493)
	at bg.sofia.uni.fmi.mjt.uno.server.ClientHandler.readMessageFromClient(ClientHandler.java:55)
	at bg.sofia.uni.fmi.mjt.uno.server.ClientHandler.run(ClientHandler.java:30)
	at java.base/java.lang.Thread.run(Thread.java:1575)
===================================================
Timestamp: 2025-01-29T12:26:57.036415300
Client Info: Username: krisi, Address: /127.0.0.1:59883
Log Level: ERROR
Message: Error occurred while handling client: Username: krisi, Address: /127.0.0.1:59883
Stacktrace:
java.net.SocketException: Connection reset
	at java.base/sun.nio.ch.SocketChannelImpl.throwConnectionReset(SocketChannelImpl.java:403)
	at java.base/sun.nio.ch.SocketChannelImpl.implRead(SocketChannelImpl.java:419)
	at java.base/sun.nio.ch.SocketChannelImpl.read(SocketChannelImpl.java:493)
	at bg.sofia.uni.fmi.mjt.uno.server.ClientHandler.readMessageFromClient(ClientHandler.java:55)
	at bg.sofia.uni.fmi.mjt.uno.server.ClientHandler.run(ClientHandler.java:30)
	at java.base/java.lang.Thread.run(Thread.java:1575)
===================================================
Timestamp: 2025-01-29T12:26:57.068250200
Client Info: Username: krisi, Address: /127.0.0.1:59883
Log Level: ERROR
Message: Error occurred while handling client: Username: krisi, Address: /127.0.0.1:59883
Stacktrace:
java.net.SocketException: Connection reset
	at java.base/sun.nio.ch.SocketChannelImpl.throwConnectionReset(SocketChannelImpl.java:403)
	at java.base/sun.nio.ch.SocketChannelImpl.implRead(SocketChannelImpl.java:419)
	at java.base/sun.nio.ch.SocketChannelImpl.read(SocketChannelImpl.java:493)
	at bg.sofia.uni.fmi.mjt.uno.server.ClientHandler.readMessageFromClient(ClientHandler.java:55)
	at bg.sofia.uni.fmi.mjt.uno.server.ClientHandler.run(ClientHandler.java:30)
	at java.base/java.lang.Thread.run(Thread.java:1575)
===================================================
Timestamp: 2025-01-29T12:26:57.052449700
Client Info: Username: krisi, Address: /127.0.0.1:59883
Log Level: ERROR
Message: Error occurred while handling client: Username: krisi, Address: /127.0.0.1:59883
Stacktrace:
java.net.SocketException: Connection reset
	at java.base/sun.nio.ch.SocketChannelImpl.throwConnectionReset(SocketChannelImpl.java:403)
	at java.base/sun.nio.ch.SocketChannelImpl.implRead(SocketChannelImpl.java:419)
	at java.base/sun.nio.ch.SocketChannelImpl.read(SocketChannelImpl.java:493)
	at bg.sofia.uni.fmi.mjt.uno.server.ClientHandler.readMessageFromClient(ClientHandler.java:55)
	at bg.sofia.uni.fmi.mjt.uno.server.ClientHandler.run(ClientHandler.java:30)
	at java.base/java.lang.Thread.run(Thread.java:1575)
===================================================
Timestamp: 2025-01-29T12:26:57.061797300
Client Info: Username: krisi, Address: /127.0.0.1:59883
Log Level: ERROR
Message: Error occurred while handling client: Username: krisi, Address: /127.0.0.1:59883
Stacktrace:
java.net.SocketException: Connection reset
	at java.base/sun.nio.ch.SocketChannelImpl.throwConnectionReset(SocketChannelImpl.java:403)
	at java.base/sun.nio.ch.SocketChannelImpl.implRead(SocketChannelImpl.java:419)
	at java.base/sun.nio.ch.SocketChannelImpl.read(SocketChannelImpl.java:493)
	at bg.sofia.uni.fmi.mjt.uno.server.ClientHandler.readMessageFromClient(ClientHandler.java:55)
	at bg.sofia.uni.fmi.mjt.uno.server.ClientHandler.run(ClientHandler.java:30)
	at java.base/java.lang.Thread.run(Thread.java:1575)
===================================================
Timestamp: 2025-01-29T12:26:57.074670500
Client Info: Username: krisi, Address: /127.0.0.1:59883
Log Level: ERROR
Message: Error occurred while handling client: Username: krisi, Address: /127.0.0.1:59883
Stacktrace:
java.net.SocketException: Connection reset
	at java.base/sun.nio.ch.SocketChannelImpl.throwConnectionReset(SocketChannelImpl.java:403)
	at java.base/sun.nio.ch.SocketChannelImpl.implRead(SocketChannelImpl.java:419)
	at java.base/sun.nio.ch.SocketChannelImpl.read(SocketChannelImpl.java:493)
	at bg.sofia.uni.fmi.mjt.uno.server.ClientHandler.readMessageFromClient(ClientHandler.java:55)
	at bg.sofia.uni.fmi.mjt.uno.server.ClientHandler.run(ClientHandler.java:30)
	at java.base/java.lang.Thread.run(Thread.java:1575)
===================================================
Timestamp: 2025-01-29T12:26:56.959774200
Client Info: Username: krisi, Address: /127.0.0.1:59883
Log Level: ERROR
Message: Error occurred while handling client: Username: krisi, Address: /127.0.0.1:59883
Stacktrace:
java.net.SocketException: Connection reset
	at java.base/sun.nio.ch.SocketChannelImpl.throwConnectionReset(SocketChannelImpl.java:403)
	at java.base/sun.nio.ch.SocketChannelImpl.implRead(SocketChannelImpl.java:419)
	at java.base/sun.nio.ch.SocketChannelImpl.read(SocketChannelImpl.java:493)
	at bg.sofia.uni.fmi.mjt.uno.server.ClientHandler.readMessageFromClient(ClientHandler.java:55)
	at bg.sofia.uni.fmi.mjt.uno.server.ClientHandler.run(ClientHandler.java:30)
	at java.base/java.lang.Thread.run(Thread.java:1575)
===================================================
Timestamp: 2025-01-29T12:26:56.953774800
Client Info: Username: krisi, Address: /127.0.0.1:59883
Log Level: ERROR
Message: Error occurred while handling client: Username: krisi, Address: /127.0.0.1:59883
Stacktrace:
java.net.SocketException: Connection reset
	at java.base/sun.nio.ch.SocketChannelImpl.throwConnectionReset(SocketChannelImpl.java:403)
	at java.base/sun.nio.ch.SocketChannelImpl.implRead(SocketChannelImpl.java:419)
	at java.base/sun.nio.ch.SocketChannelImpl.read(SocketChannelImpl.java:493)
	at bg.sofia.uni.fmi.mjt.uno.server.ClientHandler.readMessageFromClient(ClientHandler.java:55)
	at bg.sofia.uni.fmi.mjt.uno.server.ClientHandler.run(ClientHandler.java:30)
	at java.base/java.lang.Thread.run(Thread.java:1575)
===================================================
Timestamp: 2025-01-29T12:26:57.032416
Client Info: Username: krisi, Address: /127.0.0.1:59883
Log Level: ERROR
Message: Error occurred while handling client: Username: krisi, Address: /127.0.0.1:59883
Stacktrace:
java.net.SocketException: Connection reset
	at java.base/sun.nio.ch.SocketChannelImpl.throwConnectionReset(SocketChannelImpl.java:403)
	at java.base/sun.nio.ch.SocketChannelImpl.implRead(SocketChannelImpl.java:419)
	at java.base/sun.nio.ch.SocketChannelImpl.read(SocketChannelImpl.java:493)
	at bg.sofia.uni.fmi.mjt.uno.server.ClientHandler.readMessageFromClient(ClientHandler.java:55)
	at bg.sofia.uni.fmi.mjt.uno.server.ClientHandler.run(ClientHandler.java:30)
	at java.base/java.lang.Thread.run(Thread.java:1575)
===================================================
Timestamp: 2025-01-29T12:26:57.036415300
Client Info: Username: krisi, Address: /127.0.0.1:59883
Log Level: ERROR
Message: Error occurred while handling client: Username: krisi, Address: /127.0.0.1:59883
Stacktrace:
java.net.SocketException: Connection reset
	at java.base/sun.nio.ch.SocketChannelImpl.throwConnectionReset(SocketChannelImpl.java:403)
	at java.base/sun.nio.ch.SocketChannelImpl.implRead(SocketChannelImpl.java:419)
	at java.base/sun.nio.ch.SocketChannelImpl.read(SocketChannelImpl.java:493)
	at bg.sofia.uni.fmi.mjt.uno.server.ClientHandler.readMessageFromClient(ClientHandler.java:55)
	at bg.sofia.uni.fmi.mjt.uno.server.ClientHandler.run(ClientHandler.java:30)
	at java.base/java.lang.Thread.run(Thread.java:1575)
===================================================
Timestamp: 2025-01-29T12:26:57.035414900
Client Info: Username: krisi, Address: /127.0.0.1:59883
Log Level: ERROR
Message: Error occurred while handling client: Username: krisi, Address: /127.0.0.1:59883
Stacktrace:
java.net.SocketException: Connection reset
	at java.base/sun.nio.ch.SocketChannelImpl.throwConnectionReset(SocketChannelImpl.java:403)
	at java.base/sun.nio.ch.SocketChannelImpl.implRead(SocketChannelImpl.java:419)
	at java.base/sun.nio.ch.SocketChannelImpl.read(SocketChannelImpl.java:493)
	at bg.sofia.uni.fmi.mjt.uno.server.ClientHandler.readMessageFromClient(ClientHandler.java:55)
	at bg.sofia.uni.fmi.mjt.uno.server.ClientHandler.run(ClientHandler.java:30)
	at java.base/java.lang.Thread.run(Thread.java:1575)
===================================================
Timestamp: 2025-01-29T12:26:57.036415300
Client Info: Username: krisi, Address: /127.0.0.1:59883
Log Level: ERROR
Message: Error occurred while handling client: Username: krisi, Address: /127.0.0.1:59883
Stacktrace:
java.net.SocketException: Connection reset
	at java.base/sun.nio.ch.SocketChannelImpl.throwConnectionReset(SocketChannelImpl.java:403)
	at java.base/sun.nio.ch.SocketChannelImpl.implRead(SocketChannelImpl.java:419)
	at java.base/sun.nio.ch.SocketChannelImpl.read(SocketChannelImpl.java:493)
	at bg.sofia.uni.fmi.mjt.uno.server.ClientHandler.readMessageFromClient(ClientHandler.java:55)
	at bg.sofia.uni.fmi.mjt.uno.server.ClientHandler.run(ClientHandler.java:30)
	at java.base/java.lang.Thread.run(Thread.java:1575)
===================================================
Timestamp: 2025-01-29T12:26:56.950774400
Client Info: Username: krisi, Address: /127.0.0.1:59883
Log Level: ERROR
Message: Error occurred while handling client: Username: krisi, Address: /127.0.0.1:59883
Stacktrace:
java.net.SocketException: Connection reset
	at java.base/sun.nio.ch.SocketChannelImpl.throwConnectionReset(SocketChannelImpl.java:403)
	at java.base/sun.nio.ch.SocketChannelImpl.implRead(SocketChannelImpl.java:419)
	at java.base/sun.nio.ch.SocketChannelImpl.read(SocketChannelImpl.java:493)
	at bg.sofia.uni.fmi.mjt.uno.server.ClientHandler.readMessageFromClient(ClientHandler.java:55)
	at bg.sofia.uni.fmi.mjt.uno.server.ClientHandler.run(ClientHandler.java:30)
	at java.base/java.lang.Thread.run(Thread.java:1575)
===================================================
Timestamp: 2025-01-29T12:26:57.071671600
Client Info: Username: krisi, Address: /127.0.0.1:59883
Log Level: ERROR
Message: Error occurred while handling client: Username: krisi, Address: /127.0.0.1:59883
Stacktrace:
java.net.SocketException: Connection reset
	at java.base/sun.nio.ch.SocketChannelImpl.throwConnectionReset(SocketChannelImpl.java:403)
	at java.base/sun.nio.ch.SocketChannelImpl.implRead(SocketChannelImpl.java:419)
	at java.base/sun.nio.ch.SocketChannelImpl.read(SocketChannelImpl.java:493)
	at bg.sofia.uni.fmi.mjt.uno.server.ClientHandler.readMessageFromClient(ClientHandler.java:55)
	at bg.sofia.uni.fmi.mjt.uno.server.ClientHandler.run(ClientHandler.java:30)
	at java.base/java.lang.Thread.run(Thread.java:1575)
===================================================
Timestamp: 2025-01-29T12:26:57.036415300
Client Info: Username: krisi, Address: /127.0.0.1:59883
Log Level: ERROR
Message: Error occurred while handling client: Username: krisi, Address: /127.0.0.1:59883
Stacktrace:
java.net.SocketException: Connection reset
	at java.base/sun.nio.ch.SocketChannelImpl.throwConnectionReset(SocketChannelImpl.java:403)
	at java.base/sun.nio.ch.SocketChannelImpl.implRead(SocketChannelImpl.java:419)
	at java.base/sun.nio.ch.SocketChannelImpl.read(SocketChannelImpl.java:493)
	at bg.sofia.uni.fmi.mjt.uno.server.ClientHandler.readMessageFromClient(ClientHandler.java:55)
	at bg.sofia.uni.fmi.mjt.uno.server.ClientHandler.run(ClientHandler.java:30)
	at java.base/java.lang.Thread.run(Thread.java:1575)
===================================================
Timestamp: 2025-01-29T12:26:56.953774800
Client Info: Username: krisi, Address: /127.0.0.1:59883
Log Level: ERROR
Message: Error occurred while handling client: Username: krisi, Address: /127.0.0.1:59883
Stacktrace:
java.net.SocketException: Connection reset
	at java.base/sun.nio.ch.SocketChannelImpl.throwConnectionReset(SocketChannelImpl.java:403)
	at java.base/sun.nio.ch.SocketChannelImpl.implRead(SocketChannelImpl.java:419)
	at java.base/sun.nio.ch.SocketChannelImpl.read(SocketChannelImpl.java:493)
	at bg.sofia.uni.fmi.mjt.uno.server.ClientHandler.readMessageFromClient(ClientHandler.java:55)
	at bg.sofia.uni.fmi.mjt.uno.server.ClientHandler.run(ClientHandler.java:30)
	at java.base/java.lang.Thread.run(Thread.java:1575)
===================================================
Timestamp: 2025-01-29T12:26:57.058587700
Client Info: Username: krisi, Address: /127.0.0.1:59883
Log Level: ERROR
Message: Error occurred while handling client: Username: krisi, Address: /127.0.0.1:59883
Stacktrace:
java.net.SocketException: Connection reset
	at java.base/sun.nio.ch.SocketChannelImpl.throwConnectionReset(SocketChannelImpl.java:403)
	at java.base/sun.nio.ch.SocketChannelImpl.implRead(SocketChannelImpl.java:419)
	at java.base/sun.nio.ch.SocketChannelImpl.read(SocketChannelImpl.java:493)
	at bg.sofia.uni.fmi.mjt.uno.server.ClientHandler.readMessageFromClient(ClientHandler.java:55)
	at bg.sofia.uni.fmi.mjt.uno.server.ClientHandler.run(ClientHandler.java:30)
	at java.base/java.lang.Thread.run(Thread.java:1575)
===================================================
Timestamp: 2025-01-29T12:26:57.034414800
Client Info: Username: krisi, Address: /127.0.0.1:59883
Log Level: ERROR
Message: Error occurred while handling client: Username: krisi, Address: /127.0.0.1:59883
Stacktrace:
java.net.SocketException: Connection reset
	at java.base/sun.nio.ch.SocketChannelImpl.throwConnectionReset(SocketChannelImpl.java:403)
	at java.base/sun.nio.ch.SocketChannelImpl.implRead(SocketChannelImpl.java:419)
	at java.base/sun.nio.ch.SocketChannelImpl.read(SocketChannelImpl.java:493)
	at bg.sofia.uni.fmi.mjt.uno.server.ClientHandler.readMessageFromClient(ClientHandler.java:55)
	at bg.sofia.uni.fmi.mjt.uno.server.ClientHandler.run(ClientHandler.java:30)
	at java.base/java.lang.Thread.run(Thread.java:1575)
===================================================
Timestamp: 2025-01-29T12:26:57.040932800
Client Info: Username: krisi, Address: /127.0.0.1:59883
Log Level: ERROR
Message: Error occurred while handling client: Username: krisi, Address: /127.0.0.1:59883
Stacktrace:
java.net.SocketException: Connection reset
	at java.base/sun.nio.ch.SocketChannelImpl.throwConnectionReset(SocketChannelImpl.java:403)
	at java.base/sun.nio.ch.SocketChannelImpl.implRead(SocketChannelImpl.java:419)
	at java.base/sun.nio.ch.SocketChannelImpl.read(SocketChannelImpl.java:493)
	at bg.sofia.uni.fmi.mjt.uno.server.ClientHandler.readMessageFromClient(ClientHandler.java:55)
	at bg.sofia.uni.fmi.mjt.uno.server.ClientHandler.run(ClientHandler.java:30)
	at java.base/java.lang.Thread.run(Thread.java:1575)
===================================================
Timestamp: 2025-01-29T12:26:57.069537700
Client Info: Username: krisi, Address: /127.0.0.1:59883
Log Level: ERROR
Message: Error occurred while handling client: Username: krisi, Address: /127.0.0.1:59883
Stacktrace:
java.net.SocketException: Connection reset
	at java.base/sun.nio.ch.SocketChannelImpl.throwConnectionReset(SocketChannelImpl.java:403)
	at java.base/sun.nio.ch.SocketChannelImpl.implRead(SocketChannelImpl.java:419)
	at java.base/sun.nio.ch.SocketChannelImpl.read(SocketChannelImpl.java:493)
	at bg.sofia.uni.fmi.mjt.uno.server.ClientHandler.readMessageFromClient(ClientHandler.java:55)
	at bg.sofia.uni.fmi.mjt.uno.server.ClientHandler.run(ClientHandler.java:30)
	at java.base/java.lang.Thread.run(Thread.java:1575)
===================================================
Timestamp: 2025-01-29T12:26:57.034414800
Client Info: Username: krisi, Address: /127.0.0.1:59883
Log Level: ERROR
Message: Error occurred while handling client: Username: krisi, Address: /127.0.0.1:59883
Stacktrace:
java.net.SocketException: Connection reset
	at java.base/sun.nio.ch.SocketChannelImpl.throwConnectionReset(SocketChannelImpl.java:403)
	at java.base/sun.nio.ch.SocketChannelImpl.implRead(SocketChannelImpl.java:419)
	at java.base/sun.nio.ch.SocketChannelImpl.read(SocketChannelImpl.java:493)
	at bg.sofia.uni.fmi.mjt.uno.server.ClientHandler.readMessageFromClient(ClientHandler.java:55)
	at bg.sofia.uni.fmi.mjt.uno.server.ClientHandler.run(ClientHandler.java:30)
	at java.base/java.lang.Thread.run(Thread.java:1575)
===================================================
Timestamp: 2025-01-29T12:26:57.053448900
Client Info: Username: krisi, Address: /127.0.0.1:59883
Log Level: ERROR
Message: Error occurred while handling client: Username: krisi, Address: /127.0.0.1:59883
Stacktrace:
java.net.SocketException: Connection reset
	at java.base/sun.nio.ch.SocketChannelImpl.throwConnectionReset(SocketChannelImpl.java:403)
	at java.base/sun.nio.ch.SocketChannelImpl.implRead(SocketChannelImpl.java:419)
	at java.base/sun.nio.ch.SocketChannelImpl.read(SocketChannelImpl.java:493)
	at bg.sofia.uni.fmi.mjt.uno.server.ClientHandler.readMessageFromClient(ClientHandler.java:55)
	at bg.sofia.uni.fmi.mjt.uno.server.ClientHandler.run(ClientHandler.java:30)
	at java.base/java.lang.Thread.run(Thread.java:1575)
===================================================
Timestamp: 2025-01-29T12:26:57.025631300
Client Info: Username: krisi, Address: /127.0.0.1:59883
Log Level: ERROR
Message: Error occurred while handling client: Username: krisi, Address: /127.0.0.1:59883
Stacktrace:
java.net.SocketException: Connection reset
	at java.base/sun.nio.ch.SocketChannelImpl.throwConnectionReset(SocketChannelImpl.java:403)
	at java.base/sun.nio.ch.SocketChannelImpl.implRead(SocketChannelImpl.java:419)
	at java.base/sun.nio.ch.SocketChannelImpl.read(SocketChannelImpl.java:493)
	at bg.sofia.uni.fmi.mjt.uno.server.ClientHandler.readMessageFromClient(ClientHandler.java:55)
	at bg.sofia.uni.fmi.mjt.uno.server.ClientHandler.run(ClientHandler.java:30)
	at java.base/java.lang.Thread.run(Thread.java:1575)
===================================================
Timestamp: 2025-01-29T12:26:57.034414800
Client Info: Username: krisi, Address: /127.0.0.1:59883
Log Level: ERROR
Message: Error occurred while handling client: Username: krisi, Address: /127.0.0.1:59883
Stacktrace:
java.net.SocketException: Connection reset
	at java.base/sun.nio.ch.SocketChannelImpl.throwConnectionReset(SocketChannelImpl.java:403)
	at java.base/sun.nio.ch.SocketChannelImpl.implRead(SocketChannelImpl.java:419)
	at java.base/sun.nio.ch.SocketChannelImpl.read(SocketChannelImpl.java:493)
	at bg.sofia.uni.fmi.mjt.uno.server.ClientHandler.readMessageFromClient(ClientHandler.java:55)
	at bg.sofia.uni.fmi.mjt.uno.server.ClientHandler.run(ClientHandler.java:30)
	at java.base/java.lang.Thread.run(Thread.java:1575)
===================================================
Timestamp: 2025-01-29T12:26:56.975776200
Client Info: Username: krisi, Address: /127.0.0.1:59883
Log Level: ERROR
Message: Error occurred while handling client: Username: krisi, Address: /127.0.0.1:59883
Stacktrace:
java.net.SocketException: Connection reset
	at java.base/sun.nio.ch.SocketChannelImpl.throwConnectionReset(SocketChannelImpl.java:403)
	at java.base/sun.nio.ch.SocketChannelImpl.implRead(SocketChannelImpl.java:419)
	at java.base/sun.nio.ch.SocketChannelImpl.read(SocketChannelImpl.java:493)
	at bg.sofia.uni.fmi.mjt.uno.server.ClientHandler.readMessageFromClient(ClientHandler.java:55)
	at bg.sofia.uni.fmi.mjt.uno.server.ClientHandler.run(ClientHandler.java:30)
	at java.base/java.lang.Thread.run(Thread.java:1575)
===================================================
Timestamp: 2025-01-29T12:26:57.036415300
Client Info: Username: krisi, Address: /127.0.0.1:59883
Log Level: ERROR
Message: Error occurred while handling client: Username: krisi, Address: /127.0.0.1:59883
Stacktrace:
java.net.SocketException: Connection reset
	at java.base/sun.nio.ch.SocketChannelImpl.throwConnectionReset(SocketChannelImpl.java:403)
	at java.base/sun.nio.ch.SocketChannelImpl.implRead(SocketChannelImpl.java:419)
	at java.base/sun.nio.ch.SocketChannelImpl.read(SocketChannelImpl.java:493)
	at bg.sofia.uni.fmi.mjt.uno.server.ClientHandler.readMessageFromClient(ClientHandler.java:55)
	at bg.sofia.uni.fmi.mjt.uno.server.ClientHandler.run(ClientHandler.java:30)
	at java.base/java.lang.Thread.run(Thread.java:1575)
===================================================
Timestamp: 2025-01-29T12:26:57.039932800
Client Info: Username: krisi, Address: /127.0.0.1:59883
Log Level: ERROR
Message: Error occurred while handling client: Username: krisi, Address: /127.0.0.1:59883
Stacktrace:
java.net.SocketException: Connection reset
	at java.base/sun.nio.ch.SocketChannelImpl.throwConnectionReset(SocketChannelImpl.java:403)
	at java.base/sun.nio.ch.SocketChannelImpl.implRead(SocketChannelImpl.java:419)
	at java.base/sun.nio.ch.SocketChannelImpl.read(SocketChannelImpl.java:493)
	at bg.sofia.uni.fmi.mjt.uno.server.ClientHandler.readMessageFromClient(ClientHandler.java:55)
	at bg.sofia.uni.fmi.mjt.uno.server.ClientHandler.run(ClientHandler.java:30)
	at java.base/java.lang.Thread.run(Thread.java:1575)
===================================================
Timestamp: 2025-01-29T12:26:57.037922900
Client Info: Username: krisi, Address: /127.0.0.1:59883
Log Level: ERROR
Message: Error occurred while handling client: Username: krisi, Address: /127.0.0.1:59883
Stacktrace:
java.net.SocketException: Connection reset
	at java.base/sun.nio.ch.SocketChannelImpl.throwConnectionReset(SocketChannelImpl.java:403)
	at java.base/sun.nio.ch.SocketChannelImpl.implRead(SocketChannelImpl.java:419)
	at java.base/sun.nio.ch.SocketChannelImpl.read(SocketChannelImpl.java:493)
	at bg.sofia.uni.fmi.mjt.uno.server.ClientHandler.readMessageFromClient(ClientHandler.java:55)
	at bg.sofia.uni.fmi.mjt.uno.server.ClientHandler.run(ClientHandler.java:30)
	at java.base/java.lang.Thread.run(Thread.java:1575)
===================================================
Timestamp: 2025-01-29T12:26:57.036415300
Client Info: Username: krisi, Address: /127.0.0.1:59883
Log Level: ERROR
Message: Error occurred while handling client: Username: krisi, Address: /127.0.0.1:59883
Stacktrace:
java.net.SocketException: Connection reset
	at java.base/sun.nio.ch.SocketChannelImpl.throwConnectionReset(SocketChannelImpl.java:403)
	at java.base/sun.nio.ch.SocketChannelImpl.implRead(SocketChannelImpl.java:419)
	at java.base/sun.nio.ch.SocketChannelImpl.read(SocketChannelImpl.java:493)
	at bg.sofia.uni.fmi.mjt.uno.server.ClientHandler.readMessageFromClient(ClientHandler.java:55)
	at bg.sofia.uni.fmi.mjt.uno.server.ClientHandler.run(ClientHandler.java:30)
	at java.base/java.lang.Thread.run(Thread.java:1575)
===================================================
Timestamp: 2025-01-29T12:26:57.033414200
Client Info: Username: krisi, Address: /127.0.0.1:59883
Log Level: ERROR
Message: Error occurred while handling client: Username: krisi, Address: /127.0.0.1:59883
Stacktrace:
java.net.SocketException: Connection reset
	at java.base/sun.nio.ch.SocketChannelImpl.throwConnectionReset(SocketChannelImpl.java:403)
	at java.base/sun.nio.ch.SocketChannelImpl.implRead(SocketChannelImpl.java:419)
	at java.base/sun.nio.ch.SocketChannelImpl.read(SocketChannelImpl.java:493)
	at bg.sofia.uni.fmi.mjt.uno.server.ClientHandler.readMessageFromClient(ClientHandler.java:55)
	at bg.sofia.uni.fmi.mjt.uno.server.ClientHandler.run(ClientHandler.java:30)
	at java.base/java.lang.Thread.run(Thread.java:1575)
===================================================
Timestamp: 2025-01-29T12:26:57.064789
Client Info: Username: krisi, Address: /127.0.0.1:59883
Log Level: ERROR
Message: Error occurred while handling client: Username: krisi, Address: /127.0.0.1:59883
Stacktrace:
java.net.SocketException: Connection reset
	at java.base/sun.nio.ch.SocketChannelImpl.throwConnectionReset(SocketChannelImpl.java:403)
	at java.base/sun.nio.ch.SocketChannelImpl.implRead(SocketChannelImpl.java:419)
	at java.base/sun.nio.ch.SocketChannelImpl.read(SocketChannelImpl.java:493)
	at bg.sofia.uni.fmi.mjt.uno.server.ClientHandler.readMessageFromClient(ClientHandler.java:55)
	at bg.sofia.uni.fmi.mjt.uno.server.ClientHandler.run(ClientHandler.java:30)
	at java.base/java.lang.Thread.run(Thread.java:1575)
===================================================
Timestamp: 2025-01-29T12:26:57.036415300
Client Info: Username: krisi, Address: /127.0.0.1:59883
Log Level: ERROR
Message: Error occurred while handling client: Username: krisi, Address: /127.0.0.1:59883
Stacktrace:
java.net.SocketException: Connection reset
	at java.base/sun.nio.ch.SocketChannelImpl.throwConnectionReset(SocketChannelImpl.java:403)
	at java.base/sun.nio.ch.SocketChannelImpl.implRead(SocketChannelImpl.java:419)
	at java.base/sun.nio.ch.SocketChannelImpl.read(SocketChannelImpl.java:493)
	at bg.sofia.uni.fmi.mjt.uno.server.ClientHandler.readMessageFromClient(ClientHandler.java:55)
	at bg.sofia.uni.fmi.mjt.uno.server.ClientHandler.run(ClientHandler.java:30)
	at java.base/java.lang.Thread.run(Thread.java:1575)
===================================================
Timestamp: 2025-01-29T12:26:57.074670500
Client Info: Username: krisi, Address: /127.0.0.1:59883
Log Level: ERROR
Message: Error occurred while handling client: Username: krisi, Address: /127.0.0.1:59883
Stacktrace:
java.net.SocketException: Connection reset
	at java.base/sun.nio.ch.SocketChannelImpl.throwConnectionReset(SocketChannelImpl.java:403)
	at java.base/sun.nio.ch.SocketChannelImpl.implRead(SocketChannelImpl.java:419)
	at java.base/sun.nio.ch.SocketChannelImpl.read(SocketChannelImpl.java:493)
	at bg.sofia.uni.fmi.mjt.uno.server.ClientHandler.readMessageFromClient(ClientHandler.java:55)
	at bg.sofia.uni.fmi.mjt.uno.server.ClientHandler.run(ClientHandler.java:30)
	at java.base/java.lang.Thread.run(Thread.java:1575)
===================================================
Timestamp: 2025-01-29T12:26:57.055585700
Client Info: Username: krisi, Address: /127.0.0.1:59883
Log Level: ERROR
Message: Error occurred while handling client: Username: krisi, Address: /127.0.0.1:59883
Stacktrace:
java.net.SocketException: Connection reset
	at java.base/sun.nio.ch.SocketChannelImpl.throwConnectionReset(SocketChannelImpl.java:403)
	at java.base/sun.nio.ch.SocketChannelImpl.implRead(SocketChannelImpl.java:419)
	at java.base/sun.nio.ch.SocketChannelImpl.read(SocketChannelImpl.java:493)
	at bg.sofia.uni.fmi.mjt.uno.server.ClientHandler.readMessageFromClient(ClientHandler.java:55)
	at bg.sofia.uni.fmi.mjt.uno.server.ClientHandler.run(ClientHandler.java:30)
	at java.base/java.lang.Thread.run(Thread.java:1575)
===================================================
Timestamp: 2025-01-29T12:26:57.064789
Client Info: Username: krisi, Address: /127.0.0.1:59883
Log Level: ERROR
Message: Error occurred while handling client: Username: krisi, Address: /127.0.0.1:59883
Stacktrace:
java.net.SocketException: Connection reset
	at java.base/sun.nio.ch.SocketChannelImpl.throwConnectionReset(SocketChannelImpl.java:403)
	at java.base/sun.nio.ch.SocketChannelImpl.implRead(SocketChannelImpl.java:419)
	at java.base/sun.nio.ch.SocketChannelImpl.read(SocketChannelImpl.java:493)
	at bg.sofia.uni.fmi.mjt.uno.server.ClientHandler.readMessageFromClient(ClientHandler.java:55)
	at bg.sofia.uni.fmi.mjt.uno.server.ClientHandler.run(ClientHandler.java:30)
	at java.base/java.lang.Thread.run(Thread.java:1575)
===================================================
Timestamp: 2025-01-29T12:26:57.033414200
Client Info: Username: krisi, Address: /127.0.0.1:59883
Log Level: ERROR
Message: Error occurred while handling client: Username: krisi, Address: /127.0.0.1:59883
Stacktrace:
java.net.SocketException: Connection reset
	at java.base/sun.nio.ch.SocketChannelImpl.throwConnectionReset(SocketChannelImpl.java:403)
	at java.base/sun.nio.ch.SocketChannelImpl.implRead(SocketChannelImpl.java:419)
	at java.base/sun.nio.ch.SocketChannelImpl.read(SocketChannelImpl.java:493)
	at bg.sofia.uni.fmi.mjt.uno.server.ClientHandler.readMessageFromClient(ClientHandler.java:55)
	at bg.sofia.uni.fmi.mjt.uno.server.ClientHandler.run(ClientHandler.java:30)
	at java.base/java.lang.Thread.run(Thread.java:1575)
===================================================
Timestamp: 2025-01-29T12:26:57.082983800
Client Info: Username: krisi, Address: /127.0.0.1:59883
Log Level: ERROR
Message: Error occurred while handling client: Username: krisi, Address: /127.0.0.1:59883
Stacktrace:
java.net.SocketException: Connection reset
	at java.base/sun.nio.ch.SocketChannelImpl.throwConnectionReset(SocketChannelImpl.java:403)
	at java.base/sun.nio.ch.SocketChannelImpl.implRead(SocketChannelImpl.java:419)
	at java.base/sun.nio.ch.SocketChannelImpl.read(SocketChannelImpl.java:493)
	at bg.sofia.uni.fmi.mjt.uno.server.ClientHandler.readMessageFromClient(ClientHandler.java:55)
	at bg.sofia.uni.fmi.mjt.uno.server.ClientHandler.run(ClientHandler.java:30)
	at java.base/java.lang.Thread.run(Thread.java:1575)
===================================================
Timestamp: 2025-01-29T12:26:57.037922900
Client Info: Username: krisi, Address: /127.0.0.1:59883
Log Level: ERROR
Message: Error occurred while handling client: Username: krisi, Address: /127.0.0.1:59883
Stacktrace:
java.net.SocketException: Connection reset
	at java.base/sun.nio.ch.SocketChannelImpl.throwConnectionReset(SocketChannelImpl.java:403)
	at java.base/sun.nio.ch.SocketChannelImpl.implRead(SocketChannelImpl.java:419)
	at java.base/sun.nio.ch.SocketChannelImpl.read(SocketChannelImpl.java:493)
	at bg.sofia.uni.fmi.mjt.uno.server.ClientHandler.readMessageFromClient(ClientHandler.java:55)
	at bg.sofia.uni.fmi.mjt.uno.server.ClientHandler.run(ClientHandler.java:30)
	at java.base/java.lang.Thread.run(Thread.java:1575)
===================================================
Timestamp: 2025-01-29T12:26:56.960774600
Client Info: Username: krisi, Address: /127.0.0.1:59883
Log Level: ERROR
Message: Error occurred while handling client: Username: krisi, Address: /127.0.0.1:59883
Stacktrace:
java.net.SocketException: Connection reset
	at java.base/sun.nio.ch.SocketChannelImpl.throwConnectionReset(SocketChannelImpl.java:403)
	at java.base/sun.nio.ch.SocketChannelImpl.implRead(SocketChannelImpl.java:419)
	at java.base/sun.nio.ch.SocketChannelImpl.read(SocketChannelImpl.java:493)
	at bg.sofia.uni.fmi.mjt.uno.server.ClientHandler.readMessageFromClient(ClientHandler.java:55)
	at bg.sofia.uni.fmi.mjt.uno.server.ClientHandler.run(ClientHandler.java:30)
	at java.base/java.lang.Thread.run(Thread.java:1575)
===================================================
Timestamp: 2025-01-29T12:26:57.058587700
Client Info: Username: krisi, Address: /127.0.0.1:59883
Log Level: ERROR
Message: Error occurred while handling client: Username: krisi, Address: /127.0.0.1:59883
Stacktrace:
java.net.SocketException: Connection reset
	at java.base/sun.nio.ch.SocketChannelImpl.throwConnectionReset(SocketChannelImpl.java:403)
	at java.base/sun.nio.ch.SocketChannelImpl.implRead(SocketChannelImpl.java:419)
	at java.base/sun.nio.ch.SocketChannelImpl.read(SocketChannelImpl.java:493)
	at bg.sofia.uni.fmi.mjt.uno.server.ClientHandler.readMessageFromClient(ClientHandler.java:55)
	at bg.sofia.uni.fmi.mjt.uno.server.ClientHandler.run(ClientHandler.java:30)
	at java.base/java.lang.Thread.run(Thread.java:1575)
===================================================
Timestamp: 2025-01-29T12:26:57.033414200
Client Info: Username: krisi, Address: /127.0.0.1:59883
Log Level: ERROR
Message: Error occurred while handling client: Username: krisi, Address: /127.0.0.1:59883
Stacktrace:
java.net.SocketException: Connection reset
	at java.base/sun.nio.ch.SocketChannelImpl.throwConnectionReset(SocketChannelImpl.java:403)
	at java.base/sun.nio.ch.SocketChannelImpl.implRead(SocketChannelImpl.java:419)
	at java.base/sun.nio.ch.SocketChannelImpl.read(SocketChannelImpl.java:493)
	at bg.sofia.uni.fmi.mjt.uno.server.ClientHandler.readMessageFromClient(ClientHandler.java:55)
	at bg.sofia.uni.fmi.mjt.uno.server.ClientHandler.run(ClientHandler.java:30)
	at java.base/java.lang.Thread.run(Thread.java:1575)
===================================================
Timestamp: 2025-01-29T12:26:57.037922900
Client Info: Username: krisi, Address: /127.0.0.1:59883
Log Level: ERROR
Message: Error occurred while handling client: Username: krisi, Address: /127.0.0.1:59883
Stacktrace:
java.net.SocketException: Connection reset
	at java.base/sun.nio.ch.SocketChannelImpl.throwConnectionReset(SocketChannelImpl.java:403)
	at java.base/sun.nio.ch.SocketChannelImpl.implRead(SocketChannelImpl.java:419)
	at java.base/sun.nio.ch.SocketChannelImpl.read(SocketChannelImpl.java:493)
	at bg.sofia.uni.fmi.mjt.uno.server.ClientHandler.readMessageFromClient(ClientHandler.java:55)
	at bg.sofia.uni.fmi.mjt.uno.server.ClientHandler.run(ClientHandler.java:30)
	at java.base/java.lang.Thread.run(Thread.java:1575)
===================================================
Timestamp: 2025-01-29T12:26:56.968775900
Client Info: Username: krisi, Address: /127.0.0.1:59883
Log Level: ERROR
Message: Error occurred while handling client: Username: krisi, Address: /127.0.0.1:59883
Stacktrace:
java.net.SocketException: Connection reset
	at java.base/sun.nio.ch.SocketChannelImpl.throwConnectionReset(SocketChannelImpl.java:403)
	at java.base/sun.nio.ch.SocketChannelImpl.implRead(SocketChannelImpl.java:419)
	at java.base/sun.nio.ch.SocketChannelImpl.read(SocketChannelImpl.java:493)
	at bg.sofia.uni.fmi.mjt.uno.server.ClientHandler.readMessageFromClient(ClientHandler.java:55)
	at bg.sofia.uni.fmi.mjt.uno.server.ClientHandler.run(ClientHandler.java:30)
	at java.base/java.lang.Thread.run(Thread.java:1575)
===================================================
Timestamp: 2025-01-29T12:26:56.970775900
Client Info: Username: krisi, Address: /127.0.0.1:59883
Log Level: ERROR
Message: Error occurred while handling client: Username: krisi, Address: /127.0.0.1:59883
Stacktrace:
java.net.SocketException: Connection reset
	at java.base/sun.nio.ch.SocketChannelImpl.throwConnectionReset(SocketChannelImpl.java:403)
	at java.base/sun.nio.ch.SocketChannelImpl.implRead(SocketChannelImpl.java:419)
	at java.base/sun.nio.ch.SocketChannelImpl.read(SocketChannelImpl.java:493)
	at bg.sofia.uni.fmi.mjt.uno.server.ClientHandler.readMessageFromClient(ClientHandler.java:55)
	at bg.sofia.uni.fmi.mjt.uno.server.ClientHandler.run(ClientHandler.java:30)
	at java.base/java.lang.Thread.run(Thread.java:1575)
===================================================
Timestamp: 2025-01-29T12:26:57.055585700
Client Info: Username: krisi, Address: /127.0.0.1:59883
Log Level: ERROR
Message: Error occurred while handling client: Username: krisi, Address: /127.0.0.1:59883
Stacktrace:
java.net.SocketException: Connection reset
	at java.base/sun.nio.ch.SocketChannelImpl.throwConnectionReset(SocketChannelImpl.java:403)
	at java.base/sun.nio.ch.SocketChannelImpl.implRead(SocketChannelImpl.java:419)
	at java.base/sun.nio.ch.SocketChannelImpl.read(SocketChannelImpl.java:493)
	at bg.sofia.uni.fmi.mjt.uno.server.ClientHandler.readMessageFromClient(ClientHandler.java:55)
	at bg.sofia.uni.fmi.mjt.uno.server.ClientHandler.run(ClientHandler.java:30)
	at java.base/java.lang.Thread.run(Thread.java:1575)
===================================================
Timestamp: 2025-01-29T12:26:57.072671200
Client Info: Username: krisi, Address: /127.0.0.1:59883
Log Level: ERROR
Message: Error occurred while handling client: Username: krisi, Address: /127.0.0.1:59883
Stacktrace:
java.net.SocketException: Connection reset
	at java.base/sun.nio.ch.SocketChannelImpl.throwConnectionReset(SocketChannelImpl.java:403)
	at java.base/sun.nio.ch.SocketChannelImpl.implRead(SocketChannelImpl.java:419)
	at java.base/sun.nio.ch.SocketChannelImpl.read(SocketChannelImpl.java:493)
	at bg.sofia.uni.fmi.mjt.uno.server.ClientHandler.readMessageFromClient(ClientHandler.java:55)
	at bg.sofia.uni.fmi.mjt.uno.server.ClientHandler.run(ClientHandler.java:30)
	at java.base/java.lang.Thread.run(Thread.java:1575)
===================================================
Timestamp: 2025-01-29T12:26:57.067253400
Client Info: Username: krisi, Address: /127.0.0.1:59883
Log Level: ERROR
Message: Error occurred while handling client: Username: krisi, Address: /127.0.0.1:59883
Stacktrace:
java.net.SocketException: Connection reset
	at java.base/sun.nio.ch.SocketChannelImpl.throwConnectionReset(SocketChannelImpl.java:403)
	at java.base/sun.nio.ch.SocketChannelImpl.implRead(SocketChannelImpl.java:419)
	at java.base/sun.nio.ch.SocketChannelImpl.read(SocketChannelImpl.java:493)
	at bg.sofia.uni.fmi.mjt.uno.server.ClientHandler.readMessageFromClient(ClientHandler.java:55)
	at bg.sofia.uni.fmi.mjt.uno.server.ClientHandler.run(ClientHandler.java:30)
	at java.base/java.lang.Thread.run(Thread.java:1575)
===================================================
Timestamp: 2025-01-29T12:26:57.068250200
Client Info: Username: krisi, Address: /127.0.0.1:59883
Log Level: ERROR
Message: Error occurred while handling client: Username: krisi, Address: /127.0.0.1:59883
Stacktrace:
java.net.SocketException: Connection reset
	at java.base/sun.nio.ch.SocketChannelImpl.throwConnectionReset(SocketChannelImpl.java:403)
	at java.base/sun.nio.ch.SocketChannelImpl.implRead(SocketChannelImpl.java:419)
	at java.base/sun.nio.ch.SocketChannelImpl.read(SocketChannelImpl.java:493)
	at bg.sofia.uni.fmi.mjt.uno.server.ClientHandler.readMessageFromClient(ClientHandler.java:55)
	at bg.sofia.uni.fmi.mjt.uno.server.ClientHandler.run(ClientHandler.java:30)
	at java.base/java.lang.Thread.run(Thread.java:1575)
===================================================
Timestamp: 2025-01-29T12:26:56.966776100
Client Info: Username: krisi, Address: /127.0.0.1:59883
Log Level: ERROR
Message: Error occurred while handling client: Username: krisi, Address: /127.0.0.1:59883
Stacktrace:
java.net.SocketException: Connection reset
	at java.base/sun.nio.ch.SocketChannelImpl.throwConnectionReset(SocketChannelImpl.java:403)
	at java.base/sun.nio.ch.SocketChannelImpl.implRead(SocketChannelImpl.java:419)
	at java.base/sun.nio.ch.SocketChannelImpl.read(SocketChannelImpl.java:493)
	at bg.sofia.uni.fmi.mjt.uno.server.ClientHandler.readMessageFromClient(ClientHandler.java:55)
	at bg.sofia.uni.fmi.mjt.uno.server.ClientHandler.run(ClientHandler.java:30)
	at java.base/java.lang.Thread.run(Thread.java:1575)
===================================================
Timestamp: 2025-01-29T12:26:57.037922900
Client Info: Username: krisi, Address: /127.0.0.1:59883
Log Level: ERROR
Message: Error occurred while handling client: Username: krisi, Address: /127.0.0.1:59883
Stacktrace:
java.net.SocketException: Connection reset
	at java.base/sun.nio.ch.SocketChannelImpl.throwConnectionReset(SocketChannelImpl.java:403)
	at java.base/sun.nio.ch.SocketChannelImpl.implRead(SocketChannelImpl.java:419)
	at java.base/sun.nio.ch.SocketChannelImpl.read(SocketChannelImpl.java:493)
	at bg.sofia.uni.fmi.mjt.uno.server.ClientHandler.readMessageFromClient(ClientHandler.java:55)
	at bg.sofia.uni.fmi.mjt.uno.server.ClientHandler.run(ClientHandler.java:30)
	at java.base/java.lang.Thread.run(Thread.java:1575)
===================================================
Timestamp: 2025-01-29T12:26:57.032416
Client Info: Username: krisi, Address: /127.0.0.1:59883
Log Level: ERROR
Message: Error occurred while handling client: Username: krisi, Address: /127.0.0.1:59883
Stacktrace:
java.net.SocketException: Connection reset
	at java.base/sun.nio.ch.SocketChannelImpl.throwConnectionReset(SocketChannelImpl.java:403)
	at java.base/sun.nio.ch.SocketChannelImpl.implRead(SocketChannelImpl.java:419)
	at java.base/sun.nio.ch.SocketChannelImpl.read(SocketChannelImpl.java:493)
	at bg.sofia.uni.fmi.mjt.uno.server.ClientHandler.readMessageFromClient(ClientHandler.java:55)
	at bg.sofia.uni.fmi.mjt.uno.server.ClientHandler.run(ClientHandler.java:30)
	at java.base/java.lang.Thread.run(Thread.java:1575)
===================================================
Timestamp: 2025-01-29T12:26:57.033414200
Client Info: Username: krisi, Address: /127.0.0.1:59883
Log Level: ERROR
Message: Error occurred while handling client: Username: krisi, Address: /127.0.0.1:59883
Stacktrace:
java.net.SocketException: Connection reset
	at java.base/sun.nio.ch.SocketChannelImpl.throwConnectionReset(SocketChannelImpl.java:403)
	at java.base/sun.nio.ch.SocketChannelImpl.implRead(SocketChannelImpl.java:419)
	at java.base/sun.nio.ch.SocketChannelImpl.read(SocketChannelImpl.java:493)
	at bg.sofia.uni.fmi.mjt.uno.server.ClientHandler.readMessageFromClient(ClientHandler.java:55)
	at bg.sofia.uni.fmi.mjt.uno.server.ClientHandler.run(ClientHandler.java:30)
	at java.base/java.lang.Thread.run(Thread.java:1575)
===================================================
Timestamp: 2025-01-29T12:26:57.057588500
Client Info: Username: krisi, Address: /127.0.0.1:59883
Log Level: ERROR
Message: Error occurred while handling client: Username: krisi, Address: /127.0.0.1:59883
Stacktrace:
java.net.SocketException: Connection reset
	at java.base/sun.nio.ch.SocketChannelImpl.throwConnectionReset(SocketChannelImpl.java:403)
	at java.base/sun.nio.ch.SocketChannelImpl.implRead(SocketChannelImpl.java:419)
	at java.base/sun.nio.ch.SocketChannelImpl.read(SocketChannelImpl.java:493)
	at bg.sofia.uni.fmi.mjt.uno.server.ClientHandler.readMessageFromClient(ClientHandler.java:55)
	at bg.sofia.uni.fmi.mjt.uno.server.ClientHandler.run(ClientHandler.java:30)
	at java.base/java.lang.Thread.run(Thread.java:1575)
===================================================
Timestamp: 2025-01-29T12:26:56.951774700
Client Info: Username: krisi, Address: /127.0.0.1:59883
Log Level: ERROR
Message: Error occurred while handling client: Username: krisi, Address: /127.0.0.1:59883
Stacktrace:
java.net.SocketException: Connection reset
	at java.base/sun.nio.ch.SocketChannelImpl.throwConnectionReset(SocketChannelImpl.java:403)
	at java.base/sun.nio.ch.SocketChannelImpl.implRead(SocketChannelImpl.java:419)
	at java.base/sun.nio.ch.SocketChannelImpl.read(SocketChannelImpl.java:493)
	at bg.sofia.uni.fmi.mjt.uno.server.ClientHandler.readMessageFromClient(ClientHandler.java:55)
	at bg.sofia.uni.fmi.mjt.uno.server.ClientHandler.run(ClientHandler.java:30)
	at java.base/java.lang.Thread.run(Thread.java:1575)
===================================================
Timestamp: 2025-01-29T12:26:57.038932400
Client Info: Username: krisi, Address: /127.0.0.1:59883
Log Level: ERROR
Message: Error occurred while handling client: Username: krisi, Address: /127.0.0.1:59883
Stacktrace:
java.net.SocketException: Connection reset
	at java.base/sun.nio.ch.SocketChannelImpl.throwConnectionReset(SocketChannelImpl.java:403)
	at java.base/sun.nio.ch.SocketChannelImpl.implRead(SocketChannelImpl.java:419)
	at java.base/sun.nio.ch.SocketChannelImpl.read(SocketChannelImpl.java:493)
	at bg.sofia.uni.fmi.mjt.uno.server.ClientHandler.readMessageFromClient(ClientHandler.java:55)
	at bg.sofia.uni.fmi.mjt.uno.server.ClientHandler.run(ClientHandler.java:30)
	at java.base/java.lang.Thread.run(Thread.java:1575)
===================================================
Timestamp: 2025-01-29T12:26:57.058587700
Client Info: Username: krisi, Address: /127.0.0.1:59883
Log Level: ERROR
Message: Error occurred while handling client: Username: krisi, Address: /127.0.0.1:59883
Stacktrace:
java.net.SocketException: Connection reset
	at java.base/sun.nio.ch.SocketChannelImpl.throwConnectionReset(SocketChannelImpl.java:403)
	at java.base/sun.nio.ch.SocketChannelImpl.implRead(SocketChannelImpl.java:419)
	at java.base/sun.nio.ch.SocketChannelImpl.read(SocketChannelImpl.java:493)
	at bg.sofia.uni.fmi.mjt.uno.server.ClientHandler.readMessageFromClient(ClientHandler.java:55)
	at bg.sofia.uni.fmi.mjt.uno.server.ClientHandler.run(ClientHandler.java:30)
	at java.base/java.lang.Thread.run(Thread.java:1575)
===================================================
Timestamp: 2025-01-29T12:26:57.037922900
Client Info: Username: krisi, Address: /127.0.0.1:59883
Log Level: ERROR
Message: Error occurred while handling client: Username: krisi, Address: /127.0.0.1:59883
Stacktrace:
java.net.SocketException: Connection reset
	at java.base/sun.nio.ch.SocketChannelImpl.throwConnectionReset(SocketChannelImpl.java:403)
	at java.base/sun.nio.ch.SocketChannelImpl.implRead(SocketChannelImpl.java:419)
	at java.base/sun.nio.ch.SocketChannelImpl.read(SocketChannelImpl.java:493)
	at bg.sofia.uni.fmi.mjt.uno.server.ClientHandler.readMessageFromClient(ClientHandler.java:55)
	at bg.sofia.uni.fmi.mjt.uno.server.ClientHandler.run(ClientHandler.java:30)
	at java.base/java.lang.Thread.run(Thread.java:1575)
===================================================
Timestamp: 2025-01-29T12:26:57.036415300
Client Info: Username: krisi, Address: /127.0.0.1:59883
Log Level: ERROR
Message: Error occurred while handling client: Username: krisi, Address: /127.0.0.1:59883
Stacktrace:
java.net.SocketException: Connection reset
	at java.base/sun.nio.ch.SocketChannelImpl.throwConnectionReset(SocketChannelImpl.java:403)
	at java.base/sun.nio.ch.SocketChannelImpl.implRead(SocketChannelImpl.java:419)
	at java.base/sun.nio.ch.SocketChannelImpl.read(SocketChannelImpl.java:493)
	at bg.sofia.uni.fmi.mjt.uno.server.ClientHandler.readMessageFromClient(ClientHandler.java:55)
	at bg.sofia.uni.fmi.mjt.uno.server.ClientHandler.run(ClientHandler.java:30)
	at java.base/java.lang.Thread.run(Thread.java:1575)
===================================================
Timestamp: 2025-01-29T12:26:56.959774200
Client Info: Username: krisi, Address: /127.0.0.1:59883
Log Level: ERROR
Message: Error occurred while handling client: Username: krisi, Address: /127.0.0.1:59883
Stacktrace:
java.net.SocketException: Connection reset
	at java.base/sun.nio.ch.SocketChannelImpl.throwConnectionReset(SocketChannelImpl.java:403)
	at java.base/sun.nio.ch.SocketChannelImpl.implRead(SocketChannelImpl.java:419)
	at java.base/sun.nio.ch.SocketChannelImpl.read(SocketChannelImpl.java:493)
	at bg.sofia.uni.fmi.mjt.uno.server.ClientHandler.readMessageFromClient(ClientHandler.java:55)
	at bg.sofia.uni.fmi.mjt.uno.server.ClientHandler.run(ClientHandler.java:30)
	at java.base/java.lang.Thread.run(Thread.java:1575)
===================================================
Timestamp: 2025-01-29T12:26:57.055585700
Client Info: Username: krisi, Address: /127.0.0.1:59883
Log Level: ERROR
Message: Error occurred while handling client: Username: krisi, Address: /127.0.0.1:59883
Stacktrace:
java.net.SocketException: Connection reset
	at java.base/sun.nio.ch.SocketChannelImpl.throwConnectionReset(SocketChannelImpl.java:403)
	at java.base/sun.nio.ch.SocketChannelImpl.implRead(SocketChannelImpl.java:419)
	at java.base/sun.nio.ch.SocketChannelImpl.read(SocketChannelImpl.java:493)
	at bg.sofia.uni.fmi.mjt.uno.server.ClientHandler.readMessageFromClient(ClientHandler.java:55)
	at bg.sofia.uni.fmi.mjt.uno.server.ClientHandler.run(ClientHandler.java:30)
	at java.base/java.lang.Thread.run(Thread.java:1575)
===================================================
Timestamp: 2025-01-29T12:26:57.032416
Client Info: Username: krisi, Address: /127.0.0.1:59883
Log Level: ERROR
Message: Error occurred while handling client: Username: krisi, Address: /127.0.0.1:59883
Stacktrace:
java.net.SocketException: Connection reset
	at java.base/sun.nio.ch.SocketChannelImpl.throwConnectionReset(SocketChannelImpl.java:403)
	at java.base/sun.nio.ch.SocketChannelImpl.implRead(SocketChannelImpl.java:419)
	at java.base/sun.nio.ch.SocketChannelImpl.read(SocketChannelImpl.java:493)
	at bg.sofia.uni.fmi.mjt.uno.server.ClientHandler.readMessageFromClient(ClientHandler.java:55)
	at bg.sofia.uni.fmi.mjt.uno.server.ClientHandler.run(ClientHandler.java:30)
	at java.base/java.lang.Thread.run(Thread.java:1575)
===================================================
Timestamp: 2025-01-29T12:26:57.054532100
Client Info: Username: krisi, Address: /127.0.0.1:59883
Log Level: ERROR
Message: Error occurred while handling client: Username: krisi, Address: /127.0.0.1:59883
Stacktrace:
java.net.SocketException: Connection reset
	at java.base/sun.nio.ch.SocketChannelImpl.throwConnectionReset(SocketChannelImpl.java:403)
	at java.base/sun.nio.ch.SocketChannelImpl.implRead(SocketChannelImpl.java:419)
	at java.base/sun.nio.ch.SocketChannelImpl.read(SocketChannelImpl.java:493)
	at bg.sofia.uni.fmi.mjt.uno.server.ClientHandler.readMessageFromClient(ClientHandler.java:55)
	at bg.sofia.uni.fmi.mjt.uno.server.ClientHandler.run(ClientHandler.java:30)
	at java.base/java.lang.Thread.run(Thread.java:1575)
===================================================
Timestamp: 2025-01-29T12:26:57.084991700
Client Info: Username: krisi, Address: /127.0.0.1:59883
Log Level: ERROR
Message: Error occurred while handling client: Username: krisi, Address: /127.0.0.1:59883
Stacktrace:
java.net.SocketException: Connection reset
	at java.base/sun.nio.ch.SocketChannelImpl.throwConnectionReset(SocketChannelImpl.java:403)
	at java.base/sun.nio.ch.SocketChannelImpl.implRead(SocketChannelImpl.java:419)
	at java.base/sun.nio.ch.SocketChannelImpl.read(SocketChannelImpl.java:493)
	at bg.sofia.uni.fmi.mjt.uno.server.ClientHandler.readMessageFromClient(ClientHandler.java:55)
	at bg.sofia.uni.fmi.mjt.uno.server.ClientHandler.run(ClientHandler.java:30)
	at java.base/java.lang.Thread.run(Thread.java:1575)
===================================================
Timestamp: 2025-01-29T12:26:57.057588500
Client Info: Username: krisi, Address: /127.0.0.1:59883
Log Level: ERROR
Message: Error occurred while handling client: Username: krisi, Address: /127.0.0.1:59883
Stacktrace:
java.net.SocketException: Connection reset
	at java.base/sun.nio.ch.SocketChannelImpl.throwConnectionReset(SocketChannelImpl.java:403)
	at java.base/sun.nio.ch.SocketChannelImpl.implRead(SocketChannelImpl.java:419)
	at java.base/sun.nio.ch.SocketChannelImpl.read(SocketChannelImpl.java:493)
	at bg.sofia.uni.fmi.mjt.uno.server.ClientHandler.readMessageFromClient(ClientHandler.java:55)
	at bg.sofia.uni.fmi.mjt.uno.server.ClientHandler.run(ClientHandler.java:30)
	at java.base/java.lang.Thread.run(Thread.java:1575)
===================================================
Timestamp: 2025-01-29T12:26:56.981774
Client Info: Username: krisi, Address: /127.0.0.1:59883
Log Level: ERROR
Message: Error occurred while handling client: Username: krisi, Address: /127.0.0.1:59883
Stacktrace:
java.net.SocketException: Connection reset
	at java.base/sun.nio.ch.SocketChannelImpl.throwConnectionReset(SocketChannelImpl.java:403)
	at java.base/sun.nio.ch.SocketChannelImpl.implRead(SocketChannelImpl.java:419)
	at java.base/sun.nio.ch.SocketChannelImpl.read(SocketChannelImpl.java:493)
	at bg.sofia.uni.fmi.mjt.uno.server.ClientHandler.readMessageFromClient(ClientHandler.java:55)
	at bg.sofia.uni.fmi.mjt.uno.server.ClientHandler.run(ClientHandler.java:30)
	at java.base/java.lang.Thread.run(Thread.java:1575)
===================================================
Timestamp: 2025-01-29T12:26:57.033414200
Client Info: Username: krisi, Address: /127.0.0.1:59883
Log Level: ERROR
Message: Error occurred while handling client: Username: krisi, Address: /127.0.0.1:59883
Stacktrace:
java.net.SocketException: Connection reset
	at java.base/sun.nio.ch.SocketChannelImpl.throwConnectionReset(SocketChannelImpl.java:403)
	at java.base/sun.nio.ch.SocketChannelImpl.implRead(SocketChannelImpl.java:419)
	at java.base/sun.nio.ch.SocketChannelImpl.read(SocketChannelImpl.java:493)
	at bg.sofia.uni.fmi.mjt.uno.server.ClientHandler.readMessageFromClient(ClientHandler.java:55)
	at bg.sofia.uni.fmi.mjt.uno.server.ClientHandler.run(ClientHandler.java:30)
	at java.base/java.lang.Thread.run(Thread.java:1575)
===================================================
Timestamp: 2025-01-29T12:26:57.068250200
Client Info: Username: krisi, Address: /127.0.0.1:59883
Log Level: ERROR
Message: Error occurred while handling client: Username: krisi, Address: /127.0.0.1:59883
Stacktrace:
java.net.SocketException: Connection reset
	at java.base/sun.nio.ch.SocketChannelImpl.throwConnectionReset(SocketChannelImpl.java:403)
	at java.base/sun.nio.ch.SocketChannelImpl.implRead(SocketChannelImpl.java:419)
	at java.base/sun.nio.ch.SocketChannelImpl.read(SocketChannelImpl.java:493)
	at bg.sofia.uni.fmi.mjt.uno.server.ClientHandler.readMessageFromClient(ClientHandler.java:55)
	at bg.sofia.uni.fmi.mjt.uno.server.ClientHandler.run(ClientHandler.java:30)
	at java.base/java.lang.Thread.run(Thread.java:1575)
===================================================
Timestamp: 2025-01-29T12:26:56.973776100
Client Info: Username: krisi, Address: /127.0.0.1:59883
Log Level: ERROR
Message: Error occurred while handling client: Username: krisi, Address: /127.0.0.1:59883
Stacktrace:
java.net.SocketException: Connection reset
	at java.base/sun.nio.ch.SocketChannelImpl.throwConnectionReset(SocketChannelImpl.java:403)
	at java.base/sun.nio.ch.SocketChannelImpl.implRead(SocketChannelImpl.java:419)
	at java.base/sun.nio.ch.SocketChannelImpl.read(SocketChannelImpl.java:493)
	at bg.sofia.uni.fmi.mjt.uno.server.ClientHandler.readMessageFromClient(ClientHandler.java:55)
	at bg.sofia.uni.fmi.mjt.uno.server.ClientHandler.run(ClientHandler.java:30)
	at java.base/java.lang.Thread.run(Thread.java:1575)
===================================================
Timestamp: 2025-01-29T12:26:57.053448900
Client Info: Username: krisi, Address: /127.0.0.1:59883
Log Level: ERROR
Message: Error occurred while handling client: Username: krisi, Address: /127.0.0.1:59883
Stacktrace:
java.net.SocketException: Connection reset
	at java.base/sun.nio.ch.SocketChannelImpl.throwConnectionReset(SocketChannelImpl.java:403)
	at java.base/sun.nio.ch.SocketChannelImpl.implRead(SocketChannelImpl.java:419)
	at java.base/sun.nio.ch.SocketChannelImpl.read(SocketChannelImpl.java:493)
	at bg.sofia.uni.fmi.mjt.uno.server.ClientHandler.readMessageFromClient(ClientHandler.java:55)
	at bg.sofia.uni.fmi.mjt.uno.server.ClientHandler.run(ClientHandler.java:30)
	at java.base/java.lang.Thread.run(Thread.java:1575)
===================================================
Timestamp: 2025-01-29T12:26:57.063788600
Client Info: Username: krisi, Address: /127.0.0.1:59883
Log Level: ERROR
Message: Error occurred while handling client: Username: krisi, Address: /127.0.0.1:59883
Stacktrace:
java.net.SocketException: Connection reset
	at java.base/sun.nio.ch.SocketChannelImpl.throwConnectionReset(SocketChannelImpl.java:403)
	at java.base/sun.nio.ch.SocketChannelImpl.implRead(SocketChannelImpl.java:419)
	at java.base/sun.nio.ch.SocketChannelImpl.read(SocketChannelImpl.java:493)
	at bg.sofia.uni.fmi.mjt.uno.server.ClientHandler.readMessageFromClient(ClientHandler.java:55)
	at bg.sofia.uni.fmi.mjt.uno.server.ClientHandler.run(ClientHandler.java:30)
	at java.base/java.lang.Thread.run(Thread.java:1575)
===================================================
Timestamp: 2025-01-29T12:26:56.982773800
Client Info: Username: krisi, Address: /127.0.0.1:59883
Log Level: ERROR
Message: Error occurred while handling client: Username: krisi, Address: /127.0.0.1:59883
Stacktrace:
java.net.SocketException: Connection reset
	at java.base/sun.nio.ch.SocketChannelImpl.throwConnectionReset(SocketChannelImpl.java:403)
	at java.base/sun.nio.ch.SocketChannelImpl.implRead(SocketChannelImpl.java:419)
	at java.base/sun.nio.ch.SocketChannelImpl.read(SocketChannelImpl.java:493)
	at bg.sofia.uni.fmi.mjt.uno.server.ClientHandler.readMessageFromClient(ClientHandler.java:55)
	at bg.sofia.uni.fmi.mjt.uno.server.ClientHandler.run(ClientHandler.java:30)
	at java.base/java.lang.Thread.run(Thread.java:1575)
===================================================
Timestamp: 2025-01-29T12:26:56.984773900
Client Info: Username: krisi, Address: /127.0.0.1:59883
Log Level: ERROR
Message: Error occurred while handling client: Username: krisi, Address: /127.0.0.1:59883
Stacktrace:
java.net.SocketException: Connection reset
	at java.base/sun.nio.ch.SocketChannelImpl.throwConnectionReset(SocketChannelImpl.java:403)
	at java.base/sun.nio.ch.SocketChannelImpl.implRead(SocketChannelImpl.java:419)
	at java.base/sun.nio.ch.SocketChannelImpl.read(SocketChannelImpl.java:493)
	at bg.sofia.uni.fmi.mjt.uno.server.ClientHandler.readMessageFromClient(ClientHandler.java:55)
	at bg.sofia.uni.fmi.mjt.uno.server.ClientHandler.run(ClientHandler.java:30)
	at java.base/java.lang.Thread.run(Thread.java:1575)
===================================================
Timestamp: 2025-01-29T12:26:57.052449700
Client Info: Username: krisi, Address: /127.0.0.1:59883
Log Level: ERROR
Message: Error occurred while handling client: Username: krisi, Address: /127.0.0.1:59883
Stacktrace:
java.net.SocketException: Connection reset
	at java.base/sun.nio.ch.SocketChannelImpl.throwConnectionReset(SocketChannelImpl.java:403)
	at java.base/sun.nio.ch.SocketChannelImpl.implRead(SocketChannelImpl.java:419)
	at java.base/sun.nio.ch.SocketChannelImpl.read(SocketChannelImpl.java:493)
	at bg.sofia.uni.fmi.mjt.uno.server.ClientHandler.readMessageFromClient(ClientHandler.java:55)
	at bg.sofia.uni.fmi.mjt.uno.server.ClientHandler.run(ClientHandler.java:30)
	at java.base/java.lang.Thread.run(Thread.java:1575)
===================================================
Timestamp: 2025-01-29T12:26:57.053448900
Client Info: Username: krisi, Address: /127.0.0.1:59883
Log Level: ERROR
Message: Error occurred while handling client: Username: krisi, Address: /127.0.0.1:59883
Stacktrace:
java.net.SocketException: Connection reset
	at java.base/sun.nio.ch.SocketChannelImpl.throwConnectionReset(SocketChannelImpl.java:403)
	at java.base/sun.nio.ch.SocketChannelImpl.implRead(SocketChannelImpl.java:419)
	at java.base/sun.nio.ch.SocketChannelImpl.read(SocketChannelImpl.java:493)
	at bg.sofia.uni.fmi.mjt.uno.server.ClientHandler.readMessageFromClient(ClientHandler.java:55)
	at bg.sofia.uni.fmi.mjt.uno.server.ClientHandler.run(ClientHandler.java:30)
	at java.base/java.lang.Thread.run(Thread.java:1575)
===================================================
Timestamp: 2025-01-29T12:26:56.951774700
Client Info: Username: krisi, Address: /127.0.0.1:59883
Log Level: ERROR
Message: Error occurred while handling client: Username: krisi, Address: /127.0.0.1:59883
Stacktrace:
java.net.SocketException: Connection reset
	at java.base/sun.nio.ch.SocketChannelImpl.throwConnectionReset(SocketChannelImpl.java:403)
	at java.base/sun.nio.ch.SocketChannelImpl.implRead(SocketChannelImpl.java:419)
	at java.base/sun.nio.ch.SocketChannelImpl.read(SocketChannelImpl.java:493)
	at bg.sofia.uni.fmi.mjt.uno.server.ClientHandler.readMessageFromClient(ClientHandler.java:55)
	at bg.sofia.uni.fmi.mjt.uno.server.ClientHandler.run(ClientHandler.java:30)
	at java.base/java.lang.Thread.run(Thread.java:1575)
===================================================
Timestamp: 2025-01-29T12:26:57.033414200
Client Info: Username: krisi, Address: /127.0.0.1:59883
Log Level: ERROR
Message: Error occurred while handling client: Username: krisi, Address: /127.0.0.1:59883
Stacktrace:
java.net.SocketException: Connection reset
	at java.base/sun.nio.ch.SocketChannelImpl.throwConnectionReset(SocketChannelImpl.java:403)
	at java.base/sun.nio.ch.SocketChannelImpl.implRead(SocketChannelImpl.java:419)
	at java.base/sun.nio.ch.SocketChannelImpl.read(SocketChannelImpl.java:493)
	at bg.sofia.uni.fmi.mjt.uno.server.ClientHandler.readMessageFromClient(ClientHandler.java:55)
	at bg.sofia.uni.fmi.mjt.uno.server.ClientHandler.run(ClientHandler.java:30)
	at java.base/java.lang.Thread.run(Thread.java:1575)
===================================================
Timestamp: 2025-01-29T12:26:57.052449700
Client Info: Username: krisi, Address: /127.0.0.1:59883
Log Level: ERROR
Message: Error occurred while handling client: Username: krisi, Address: /127.0.0.1:59883
Stacktrace:
java.net.SocketException: Connection reset
	at java.base/sun.nio.ch.SocketChannelImpl.throwConnectionReset(SocketChannelImpl.java:403)
	at java.base/sun.nio.ch.SocketChannelImpl.implRead(SocketChannelImpl.java:419)
	at java.base/sun.nio.ch.SocketChannelImpl.read(SocketChannelImpl.java:493)
	at bg.sofia.uni.fmi.mjt.uno.server.ClientHandler.readMessageFromClient(ClientHandler.java:55)
	at bg.sofia.uni.fmi.mjt.uno.server.ClientHandler.run(ClientHandler.java:30)
	at java.base/java.lang.Thread.run(Thread.java:1575)
===================================================
Timestamp: 2025-01-29T12:26:56.953774800
Client Info: Username: krisi, Address: /127.0.0.1:59883
Log Level: ERROR
Message: Error occurred while handling client: Username: krisi, Address: /127.0.0.1:59883
Stacktrace:
java.net.SocketException: Connection reset
	at java.base/sun.nio.ch.SocketChannelImpl.throwConnectionReset(SocketChannelImpl.java:403)
	at java.base/sun.nio.ch.SocketChannelImpl.implRead(SocketChannelImpl.java:419)
	at java.base/sun.nio.ch.SocketChannelImpl.read(SocketChannelImpl.java:493)
	at bg.sofia.uni.fmi.mjt.uno.server.ClientHandler.readMessageFromClient(ClientHandler.java:55)
	at bg.sofia.uni.fmi.mjt.uno.server.ClientHandler.run(ClientHandler.java:30)
	at java.base/java.lang.Thread.run(Thread.java:1575)
===================================================
Timestamp: 2025-01-29T12:26:57.054532100
Client Info: Username: krisi, Address: /127.0.0.1:59883
Log Level: ERROR
Message: Error occurred while handling client: Username: krisi, Address: /127.0.0.1:59883
Stacktrace:
java.net.SocketException: Connection reset
	at java.base/sun.nio.ch.SocketChannelImpl.throwConnectionReset(SocketChannelImpl.java:403)
	at java.base/sun.nio.ch.SocketChannelImpl.implRead(SocketChannelImpl.java:419)
	at java.base/sun.nio.ch.SocketChannelImpl.read(SocketChannelImpl.java:493)
	at bg.sofia.uni.fmi.mjt.uno.server.ClientHandler.readMessageFromClient(ClientHandler.java:55)
	at bg.sofia.uni.fmi.mjt.uno.server.ClientHandler.run(ClientHandler.java:30)
	at java.base/java.lang.Thread.run(Thread.java:1575)
===================================================
Timestamp: 2025-01-29T12:26:56.952774200
Client Info: Username: krisi, Address: /127.0.0.1:59883
Log Level: ERROR
Message: Error occurred while handling client: Username: krisi, Address: /127.0.0.1:59883
Stacktrace:
java.net.SocketException: Connection reset
	at java.base/sun.nio.ch.SocketChannelImpl.throwConnectionReset(SocketChannelImpl.java:403)
	at java.base/sun.nio.ch.SocketChannelImpl.implRead(SocketChannelImpl.java:419)
	at java.base/sun.nio.ch.SocketChannelImpl.read(SocketChannelImpl.java:493)
	at bg.sofia.uni.fmi.mjt.uno.server.ClientHandler.readMessageFromClient(ClientHandler.java:55)
	at bg.sofia.uni.fmi.mjt.uno.server.ClientHandler.run(ClientHandler.java:30)
	at java.base/java.lang.Thread.run(Thread.java:1575)
===================================================
Timestamp: 2025-01-29T12:26:56.953774800
Client Info: Username: krisi, Address: /127.0.0.1:59883
Log Level: ERROR
Message: Error occurred while handling client: Username: krisi, Address: /127.0.0.1:59883
Stacktrace:
java.net.SocketException: Connection reset
	at java.base/sun.nio.ch.SocketChannelImpl.throwConnectionReset(SocketChannelImpl.java:403)
	at java.base/sun.nio.ch.SocketChannelImpl.implRead(SocketChannelImpl.java:419)
	at java.base/sun.nio.ch.SocketChannelImpl.read(SocketChannelImpl.java:493)
	at bg.sofia.uni.fmi.mjt.uno.server.ClientHandler.readMessageFromClient(ClientHandler.java:55)
	at bg.sofia.uni.fmi.mjt.uno.server.ClientHandler.run(ClientHandler.java:30)
	at java.base/java.lang.Thread.run(Thread.java:1575)
===================================================
Timestamp: 2025-01-29T12:26:57.069537700
Client Info: Username: krisi, Address: /127.0.0.1:59883
Log Level: ERROR
Message: Error occurred while handling client: Username: krisi, Address: /127.0.0.1:59883
Stacktrace:
java.net.SocketException: Connection reset
	at java.base/sun.nio.ch.SocketChannelImpl.throwConnectionReset(SocketChannelImpl.java:403)
	at java.base/sun.nio.ch.SocketChannelImpl.implRead(SocketChannelImpl.java:419)
	at java.base/sun.nio.ch.SocketChannelImpl.read(SocketChannelImpl.java:493)
	at bg.sofia.uni.fmi.mjt.uno.server.ClientHandler.readMessageFromClient(ClientHandler.java:55)
	at bg.sofia.uni.fmi.mjt.uno.server.ClientHandler.run(ClientHandler.java:30)
	at java.base/java.lang.Thread.run(Thread.java:1575)
===================================================
Timestamp: 2025-01-29T12:26:57.032416
Client Info: Username: krisi, Address: /127.0.0.1:59883
Log Level: ERROR
Message: Error occurred while handling client: Username: krisi, Address: /127.0.0.1:59883
Stacktrace:
java.net.SocketException: Connection reset
	at java.base/sun.nio.ch.SocketChannelImpl.throwConnectionReset(SocketChannelImpl.java:403)
	at java.base/sun.nio.ch.SocketChannelImpl.implRead(SocketChannelImpl.java:419)
	at java.base/sun.nio.ch.SocketChannelImpl.read(SocketChannelImpl.java:493)
	at bg.sofia.uni.fmi.mjt.uno.server.ClientHandler.readMessageFromClient(ClientHandler.java:55)
	at bg.sofia.uni.fmi.mjt.uno.server.ClientHandler.run(ClientHandler.java:30)
	at java.base/java.lang.Thread.run(Thread.java:1575)
===================================================
Timestamp: 2025-01-29T12:26:57.078125400
Client Info: Username: krisi, Address: /127.0.0.1:59883
Log Level: ERROR
Message: Error occurred while handling client: Username: krisi, Address: /127.0.0.1:59883
Stacktrace:
java.net.SocketException: Connection reset
	at java.base/sun.nio.ch.SocketChannelImpl.throwConnectionReset(SocketChannelImpl.java:403)
	at java.base/sun.nio.ch.SocketChannelImpl.implRead(SocketChannelImpl.java:419)
	at java.base/sun.nio.ch.SocketChannelImpl.read(SocketChannelImpl.java:493)
	at bg.sofia.uni.fmi.mjt.uno.server.ClientHandler.readMessageFromClient(ClientHandler.java:55)
	at bg.sofia.uni.fmi.mjt.uno.server.ClientHandler.run(ClientHandler.java:30)
	at java.base/java.lang.Thread.run(Thread.java:1575)
===================================================
Timestamp: 2025-01-29T12:26:57.052449700
Client Info: Username: krisi, Address: /127.0.0.1:59883
Log Level: ERROR
Message: Error occurred while handling client: Username: krisi, Address: /127.0.0.1:59883
Stacktrace:
java.net.SocketException: Connection reset
	at java.base/sun.nio.ch.SocketChannelImpl.throwConnectionReset(SocketChannelImpl.java:403)
	at java.base/sun.nio.ch.SocketChannelImpl.implRead(SocketChannelImpl.java:419)
	at java.base/sun.nio.ch.SocketChannelImpl.read(SocketChannelImpl.java:493)
	at bg.sofia.uni.fmi.mjt.uno.server.ClientHandler.readMessageFromClient(ClientHandler.java:55)
	at bg.sofia.uni.fmi.mjt.uno.server.ClientHandler.run(ClientHandler.java:30)
	at java.base/java.lang.Thread.run(Thread.java:1575)
===================================================
Timestamp: 2025-01-29T12:26:56.967776300
Client Info: Username: krisi, Address: /127.0.0.1:59883
Log Level: ERROR
Message: Error occurred while handling client: Username: krisi, Address: /127.0.0.1:59883
Stacktrace:
java.net.SocketException: Connection reset
	at java.base/sun.nio.ch.SocketChannelImpl.throwConnectionReset(SocketChannelImpl.java:403)
	at java.base/sun.nio.ch.SocketChannelImpl.implRead(SocketChannelImpl.java:419)
	at java.base/sun.nio.ch.SocketChannelImpl.read(SocketChannelImpl.java:493)
	at bg.sofia.uni.fmi.mjt.uno.server.ClientHandler.readMessageFromClient(ClientHandler.java:55)
	at bg.sofia.uni.fmi.mjt.uno.server.ClientHandler.run(ClientHandler.java:30)
	at java.base/java.lang.Thread.run(Thread.java:1575)
===================================================
Timestamp: 2025-01-29T12:26:57.051449100
Client Info: Username: krisi, Address: /127.0.0.1:59883
Log Level: ERROR
Message: Error occurred while handling client: Username: krisi, Address: /127.0.0.1:59883
Stacktrace:
java.net.SocketException: Connection reset
	at java.base/sun.nio.ch.SocketChannelImpl.throwConnectionReset(SocketChannelImpl.java:403)
	at java.base/sun.nio.ch.SocketChannelImpl.implRead(SocketChannelImpl.java:419)
	at java.base/sun.nio.ch.SocketChannelImpl.read(SocketChannelImpl.java:493)
	at bg.sofia.uni.fmi.mjt.uno.server.ClientHandler.readMessageFromClient(ClientHandler.java:55)
	at bg.sofia.uni.fmi.mjt.uno.server.ClientHandler.run(ClientHandler.java:30)
	at java.base/java.lang.Thread.run(Thread.java:1575)
===================================================
Timestamp: 2025-01-29T12:26:56.953774800
Client Info: Username: krisi, Address: /127.0.0.1:59883
Log Level: ERROR
Message: Error occurred while handling client: Username: krisi, Address: /127.0.0.1:59883
Stacktrace:
java.net.SocketException: Connection reset
	at java.base/sun.nio.ch.SocketChannelImpl.throwConnectionReset(SocketChannelImpl.java:403)
	at java.base/sun.nio.ch.SocketChannelImpl.implRead(SocketChannelImpl.java:419)
	at java.base/sun.nio.ch.SocketChannelImpl.read(SocketChannelImpl.java:493)
	at bg.sofia.uni.fmi.mjt.uno.server.ClientHandler.readMessageFromClient(ClientHandler.java:55)
	at bg.sofia.uni.fmi.mjt.uno.server.ClientHandler.run(ClientHandler.java:30)
	at java.base/java.lang.Thread.run(Thread.java:1575)
===================================================
Timestamp: 2025-01-29T12:26:56.952774200
Client Info: Username: krisi, Address: /127.0.0.1:59883
Log Level: ERROR
Message: Error occurred while handling client: Username: krisi, Address: /127.0.0.1:59883
Stacktrace:
java.net.SocketException: Connection reset
	at java.base/sun.nio.ch.SocketChannelImpl.throwConnectionReset(SocketChannelImpl.java:403)
	at java.base/sun.nio.ch.SocketChannelImpl.implRead(SocketChannelImpl.java:419)
	at java.base/sun.nio.ch.SocketChannelImpl.read(SocketChannelImpl.java:493)
	at bg.sofia.uni.fmi.mjt.uno.server.ClientHandler.readMessageFromClient(ClientHandler.java:55)
	at bg.sofia.uni.fmi.mjt.uno.server.ClientHandler.run(ClientHandler.java:30)
	at java.base/java.lang.Thread.run(Thread.java:1575)
===================================================
Timestamp: 2025-01-29T12:26:57.049449800
Client Info: Username: krisi, Address: /127.0.0.1:59883
Log Level: ERROR
Message: Error occurred while handling client: Username: krisi, Address: /127.0.0.1:59883
Stacktrace:
java.net.SocketException: Connection reset
	at java.base/sun.nio.ch.SocketChannelImpl.throwConnectionReset(SocketChannelImpl.java:403)
	at java.base/sun.nio.ch.SocketChannelImpl.implRead(SocketChannelImpl.java:419)
	at java.base/sun.nio.ch.SocketChannelImpl.read(SocketChannelImpl.java:493)
	at bg.sofia.uni.fmi.mjt.uno.server.ClientHandler.readMessageFromClient(ClientHandler.java:55)
	at bg.sofia.uni.fmi.mjt.uno.server.ClientHandler.run(ClientHandler.java:30)
	at java.base/java.lang.Thread.run(Thread.java:1575)
===================================================
Timestamp: 2025-01-29T12:26:57.043439700
Client Info: Username: krisi, Address: /127.0.0.1:59883
Log Level: ERROR
Message: Error occurred while handling client: Username: krisi, Address: /127.0.0.1:59883
Stacktrace:
java.net.SocketException: Connection reset
	at java.base/sun.nio.ch.SocketChannelImpl.throwConnectionReset(SocketChannelImpl.java:403)
	at java.base/sun.nio.ch.SocketChannelImpl.implRead(SocketChannelImpl.java:419)
	at java.base/sun.nio.ch.SocketChannelImpl.read(SocketChannelImpl.java:493)
	at bg.sofia.uni.fmi.mjt.uno.server.ClientHandler.readMessageFromClient(ClientHandler.java:55)
	at bg.sofia.uni.fmi.mjt.uno.server.ClientHandler.run(ClientHandler.java:30)
	at java.base/java.lang.Thread.run(Thread.java:1575)
===================================================
Timestamp: 2025-01-29T12:26:56.965776100
Client Info: Username: krisi, Address: /127.0.0.1:59883
Log Level: ERROR
Message: Error occurred while handling client: Username: krisi, Address: /127.0.0.1:59883
Stacktrace:
java.net.SocketException: Connection reset
	at java.base/sun.nio.ch.SocketChannelImpl.throwConnectionReset(SocketChannelImpl.java:403)
	at java.base/sun.nio.ch.SocketChannelImpl.implRead(SocketChannelImpl.java:419)
	at java.base/sun.nio.ch.SocketChannelImpl.read(SocketChannelImpl.java:493)
	at bg.sofia.uni.fmi.mjt.uno.server.ClientHandler.readMessageFromClient(ClientHandler.java:55)
	at bg.sofia.uni.fmi.mjt.uno.server.ClientHandler.run(ClientHandler.java:30)
	at java.base/java.lang.Thread.run(Thread.java:1575)
===================================================
Timestamp: 2025-01-29T12:26:57.063788600
Client Info: Username: krisi, Address: /127.0.0.1:59883
Log Level: ERROR
Message: Error occurred while handling client: Username: krisi, Address: /127.0.0.1:59883
Stacktrace:
java.net.SocketException: Connection reset
	at java.base/sun.nio.ch.SocketChannelImpl.throwConnectionReset(SocketChannelImpl.java:403)
	at java.base/sun.nio.ch.SocketChannelImpl.implRead(SocketChannelImpl.java:419)
	at java.base/sun.nio.ch.SocketChannelImpl.read(SocketChannelImpl.java:493)
	at bg.sofia.uni.fmi.mjt.uno.server.ClientHandler.readMessageFromClient(ClientHandler.java:55)
	at bg.sofia.uni.fmi.mjt.uno.server.ClientHandler.run(ClientHandler.java:30)
	at java.base/java.lang.Thread.run(Thread.java:1575)
===================================================
Timestamp: 2025-01-29T12:26:56.952774200
Client Info: Username: krisi, Address: /127.0.0.1:59883
Log Level: ERROR
Message: Error occurred while handling client: Username: krisi, Address: /127.0.0.1:59883
Stacktrace:
java.net.SocketException: Connection reset
	at java.base/sun.nio.ch.SocketChannelImpl.throwConnectionReset(SocketChannelImpl.java:403)
	at java.base/sun.nio.ch.SocketChannelImpl.implRead(SocketChannelImpl.java:419)
	at java.base/sun.nio.ch.SocketChannelImpl.read(SocketChannelImpl.java:493)
	at bg.sofia.uni.fmi.mjt.uno.server.ClientHandler.readMessageFromClient(ClientHandler.java:55)
	at bg.sofia.uni.fmi.mjt.uno.server.ClientHandler.run(ClientHandler.java:30)
	at java.base/java.lang.Thread.run(Thread.java:1575)
===================================================
Timestamp: 2025-01-29T12:26:57.080126300
Client Info: Username: krisi, Address: /127.0.0.1:59883
Log Level: ERROR
Message: Error occurred while handling client: Username: krisi, Address: /127.0.0.1:59883
Stacktrace:
java.net.SocketException: Connection reset
	at java.base/sun.nio.ch.SocketChannelImpl.throwConnectionReset(SocketChannelImpl.java:403)
	at java.base/sun.nio.ch.SocketChannelImpl.implRead(SocketChannelImpl.java:419)
	at java.base/sun.nio.ch.SocketChannelImpl.read(SocketChannelImpl.java:493)
	at bg.sofia.uni.fmi.mjt.uno.server.ClientHandler.readMessageFromClient(ClientHandler.java:55)
	at bg.sofia.uni.fmi.mjt.uno.server.ClientHandler.run(ClientHandler.java:30)
	at java.base/java.lang.Thread.run(Thread.java:1575)
===================================================
Timestamp: 2025-01-29T12:26:57.074670500
Client Info: Username: krisi, Address: /127.0.0.1:59883
Log Level: ERROR
Message: Error occurred while handling client: Username: krisi, Address: /127.0.0.1:59883
Stacktrace:
java.net.SocketException: Connection reset
	at java.base/sun.nio.ch.SocketChannelImpl.throwConnectionReset(SocketChannelImpl.java:403)
	at java.base/sun.nio.ch.SocketChannelImpl.implRead(SocketChannelImpl.java:419)
	at java.base/sun.nio.ch.SocketChannelImpl.read(SocketChannelImpl.java:493)
	at bg.sofia.uni.fmi.mjt.uno.server.ClientHandler.readMessageFromClient(ClientHandler.java:55)
	at bg.sofia.uni.fmi.mjt.uno.server.ClientHandler.run(ClientHandler.java:30)
	at java.base/java.lang.Thread.run(Thread.java:1575)
===================================================
Timestamp: 2025-01-29T12:26:57.040932800
Client Info: Username: krisi, Address: /127.0.0.1:59883
Log Level: ERROR
Message: Error occurred while handling client: Username: krisi, Address: /127.0.0.1:59883
Stacktrace:
java.net.SocketException: Connection reset
	at java.base/sun.nio.ch.SocketChannelImpl.throwConnectionReset(SocketChannelImpl.java:403)
	at java.base/sun.nio.ch.SocketChannelImpl.implRead(SocketChannelImpl.java:419)
	at java.base/sun.nio.ch.SocketChannelImpl.read(SocketChannelImpl.java:493)
	at bg.sofia.uni.fmi.mjt.uno.server.ClientHandler.readMessageFromClient(ClientHandler.java:55)
	at bg.sofia.uni.fmi.mjt.uno.server.ClientHandler.run(ClientHandler.java:30)
	at java.base/java.lang.Thread.run(Thread.java:1575)
===================================================
Timestamp: 2025-01-29T12:26:56.952774200
Client Info: Username: krisi, Address: /127.0.0.1:59883
Log Level: ERROR
Message: Error occurred while handling client: Username: krisi, Address: /127.0.0.1:59883
Stacktrace:
java.net.SocketException: Connection reset
	at java.base/sun.nio.ch.SocketChannelImpl.throwConnectionReset(SocketChannelImpl.java:403)
	at java.base/sun.nio.ch.SocketChannelImpl.implRead(SocketChannelImpl.java:419)
	at java.base/sun.nio.ch.SocketChannelImpl.read(SocketChannelImpl.java:493)
	at bg.sofia.uni.fmi.mjt.uno.server.ClientHandler.readMessageFromClient(ClientHandler.java:55)
	at bg.sofia.uni.fmi.mjt.uno.server.ClientHandler.run(ClientHandler.java:30)
	at java.base/java.lang.Thread.run(Thread.java:1575)
===================================================
Timestamp: 2025-01-29T12:26:57.027407100
Client Info: Username: krisi, Address: /127.0.0.1:59883
Log Level: ERROR
Message: Error occurred while handling client: Username: krisi, Address: /127.0.0.1:59883
Stacktrace:
java.net.SocketException: Connection reset
	at java.base/sun.nio.ch.SocketChannelImpl.throwConnectionReset(SocketChannelImpl.java:403)
	at java.base/sun.nio.ch.SocketChannelImpl.implRead(SocketChannelImpl.java:419)
	at java.base/sun.nio.ch.SocketChannelImpl.read(SocketChannelImpl.java:493)
	at bg.sofia.uni.fmi.mjt.uno.server.ClientHandler.readMessageFromClient(ClientHandler.java:55)
	at bg.sofia.uni.fmi.mjt.uno.server.ClientHandler.run(ClientHandler.java:30)
	at java.base/java.lang.Thread.run(Thread.java:1575)
===================================================
Timestamp: 2025-01-29T12:26:57.032416
Client Info: Username: krisi, Address: /127.0.0.1:59883
Log Level: ERROR
Message: Error occurred while handling client: Username: krisi, Address: /127.0.0.1:59883
Stacktrace:
java.net.SocketException: Connection reset
	at java.base/sun.nio.ch.SocketChannelImpl.throwConnectionReset(SocketChannelImpl.java:403)
	at java.base/sun.nio.ch.SocketChannelImpl.implRead(SocketChannelImpl.java:419)
	at java.base/sun.nio.ch.SocketChannelImpl.read(SocketChannelImpl.java:493)
	at bg.sofia.uni.fmi.mjt.uno.server.ClientHandler.readMessageFromClient(ClientHandler.java:55)
	at bg.sofia.uni.fmi.mjt.uno.server.ClientHandler.run(ClientHandler.java:30)
	at java.base/java.lang.Thread.run(Thread.java:1575)
===================================================
Timestamp: 2025-01-29T12:26:57.032416
Client Info: Username: krisi, Address: /127.0.0.1:59883
Log Level: ERROR
Message: Error occurred while handling client: Username: krisi, Address: /127.0.0.1:59883
Stacktrace:
java.net.SocketException: Connection reset
	at java.base/sun.nio.ch.SocketChannelImpl.throwConnectionReset(SocketChannelImpl.java:403)
	at java.base/sun.nio.ch.SocketChannelImpl.implRead(SocketChannelImpl.java:419)
	at java.base/sun.nio.ch.SocketChannelImpl.read(SocketChannelImpl.java:493)
	at bg.sofia.uni.fmi.mjt.uno.server.ClientHandler.readMessageFromClient(ClientHandler.java:55)
	at bg.sofia.uni.fmi.mjt.uno.server.ClientHandler.run(ClientHandler.java:30)
	at java.base/java.lang.Thread.run(Thread.java:1575)
===================================================
Timestamp: 2025-01-29T12:26:57.027407100
Client Info: Username: krisi, Address: /127.0.0.1:59883
Log Level: ERROR
Message: Error occurred while handling client: Username: krisi, Address: /127.0.0.1:59883
Stacktrace:
java.net.SocketException: Connection reset
	at java.base/sun.nio.ch.SocketChannelImpl.throwConnectionReset(SocketChannelImpl.java:403)
	at java.base/sun.nio.ch.SocketChannelImpl.implRead(SocketChannelImpl.java:419)
	at java.base/sun.nio.ch.SocketChannelImpl.read(SocketChannelImpl.java:493)
	at bg.sofia.uni.fmi.mjt.uno.server.ClientHandler.readMessageFromClient(ClientHandler.java:55)
	at bg.sofia.uni.fmi.mjt.uno.server.ClientHandler.run(ClientHandler.java:30)
	at java.base/java.lang.Thread.run(Thread.java:1575)
===================================================
Timestamp: 2025-01-29T12:26:57.077125900
Client Info: Username: krisi, Address: /127.0.0.1:59883
Log Level: ERROR
Message: Error occurred while handling client: Username: krisi, Address: /127.0.0.1:59883
Stacktrace:
java.net.SocketException: Connection reset
	at java.base/sun.nio.ch.SocketChannelImpl.throwConnectionReset(SocketChannelImpl.java:403)
	at java.base/sun.nio.ch.SocketChannelImpl.implRead(SocketChannelImpl.java:419)
	at java.base/sun.nio.ch.SocketChannelImpl.read(SocketChannelImpl.java:493)
	at bg.sofia.uni.fmi.mjt.uno.server.ClientHandler.readMessageFromClient(ClientHandler.java:55)
	at bg.sofia.uni.fmi.mjt.uno.server.ClientHandler.run(ClientHandler.java:30)
	at java.base/java.lang.Thread.run(Thread.java:1575)
===================================================
Timestamp: 2025-01-29T12:26:56.952774200
Client Info: Username: krisi, Address: /127.0.0.1:59883
Log Level: ERROR
Message: Error occurred while handling client: Username: krisi, Address: /127.0.0.1:59883
Stacktrace:
java.net.SocketException: Connection reset
	at java.base/sun.nio.ch.SocketChannelImpl.throwConnectionReset(SocketChannelImpl.java:403)
	at java.base/sun.nio.ch.SocketChannelImpl.implRead(SocketChannelImpl.java:419)
	at java.base/sun.nio.ch.SocketChannelImpl.read(SocketChannelImpl.java:493)
	at bg.sofia.uni.fmi.mjt.uno.server.ClientHandler.readMessageFromClient(ClientHandler.java:55)
	at bg.sofia.uni.fmi.mjt.uno.server.ClientHandler.run(ClientHandler.java:30)
	at java.base/java.lang.Thread.run(Thread.java:1575)
===================================================
Timestamp: 2025-01-29T12:26:56.953774800
Client Info: Username: krisi, Address: /127.0.0.1:59883
Log Level: ERROR
Message: Error occurred while handling client: Username: krisi, Address: /127.0.0.1:59883
Stacktrace:
java.net.SocketException: Connection reset
	at java.base/sun.nio.ch.SocketChannelImpl.throwConnectionReset(SocketChannelImpl.java:403)
	at java.base/sun.nio.ch.SocketChannelImpl.implRead(SocketChannelImpl.java:419)
	at java.base/sun.nio.ch.SocketChannelImpl.read(SocketChannelImpl.java:493)
	at bg.sofia.uni.fmi.mjt.uno.server.ClientHandler.readMessageFromClient(ClientHandler.java:55)
	at bg.sofia.uni.fmi.mjt.uno.server.ClientHandler.run(ClientHandler.java:30)
	at java.base/java.lang.Thread.run(Thread.java:1575)
===================================================
Timestamp: 2025-01-29T12:26:57.073670900
Client Info: Username: krisi, Address: /127.0.0.1:59883
Log Level: ERROR
Message: Error occurred while handling client: Username: krisi, Address: /127.0.0.1:59883
Stacktrace:
java.net.SocketException: Connection reset
	at java.base/sun.nio.ch.SocketChannelImpl.throwConnectionReset(SocketChannelImpl.java:403)
	at java.base/sun.nio.ch.SocketChannelImpl.implRead(SocketChannelImpl.java:419)
	at java.base/sun.nio.ch.SocketChannelImpl.read(SocketChannelImpl.java:493)
	at bg.sofia.uni.fmi.mjt.uno.server.ClientHandler.readMessageFromClient(ClientHandler.java:55)
	at bg.sofia.uni.fmi.mjt.uno.server.ClientHandler.run(ClientHandler.java:30)
	at java.base/java.lang.Thread.run(Thread.java:1575)
===================================================
Timestamp: 2025-01-29T12:26:57.035414900
Client Info: Username: krisi, Address: /127.0.0.1:59883
Log Level: ERROR
Message: Error occurred while handling client: Username: krisi, Address: /127.0.0.1:59883
Stacktrace:
java.net.SocketException: Connection reset
	at java.base/sun.nio.ch.SocketChannelImpl.throwConnectionReset(SocketChannelImpl.java:403)
	at java.base/sun.nio.ch.SocketChannelImpl.implRead(SocketChannelImpl.java:419)
	at java.base/sun.nio.ch.SocketChannelImpl.read(SocketChannelImpl.java:493)
	at bg.sofia.uni.fmi.mjt.uno.server.ClientHandler.readMessageFromClient(ClientHandler.java:55)
	at bg.sofia.uni.fmi.mjt.uno.server.ClientHandler.run(ClientHandler.java:30)
	at java.base/java.lang.Thread.run(Thread.java:1575)
===================================================
Timestamp: 2025-01-29T12:26:56.959774200
Client Info: Username: krisi, Address: /127.0.0.1:59883
Log Level: ERROR
Message: Error occurred while handling client: Username: krisi, Address: /127.0.0.1:59883
Stacktrace:
java.net.SocketException: Connection reset
	at java.base/sun.nio.ch.SocketChannelImpl.throwConnectionReset(SocketChannelImpl.java:403)
	at java.base/sun.nio.ch.SocketChannelImpl.implRead(SocketChannelImpl.java:419)
	at java.base/sun.nio.ch.SocketChannelImpl.read(SocketChannelImpl.java:493)
	at bg.sofia.uni.fmi.mjt.uno.server.ClientHandler.readMessageFromClient(ClientHandler.java:55)
	at bg.sofia.uni.fmi.mjt.uno.server.ClientHandler.run(ClientHandler.java:30)
	at java.base/java.lang.Thread.run(Thread.java:1575)
===================================================
Timestamp: 2025-01-29T12:26:56.978774600
Client Info: Username: krisi, Address: /127.0.0.1:59883
Log Level: ERROR
Message: Error occurred while handling client: Username: krisi, Address: /127.0.0.1:59883
Stacktrace:
java.net.SocketException: Connection reset
	at java.base/sun.nio.ch.SocketChannelImpl.throwConnectionReset(SocketChannelImpl.java:403)
	at java.base/sun.nio.ch.SocketChannelImpl.implRead(SocketChannelImpl.java:419)
	at java.base/sun.nio.ch.SocketChannelImpl.read(SocketChannelImpl.java:493)
	at bg.sofia.uni.fmi.mjt.uno.server.ClientHandler.readMessageFromClient(ClientHandler.java:55)
	at bg.sofia.uni.fmi.mjt.uno.server.ClientHandler.run(ClientHandler.java:30)
	at java.base/java.lang.Thread.run(Thread.java:1575)
===================================================
Timestamp: 2025-01-29T12:26:56.969776
Client Info: Username: krisi, Address: /127.0.0.1:59883
Log Level: ERROR
Message: Error occurred while handling client: Username: krisi, Address: /127.0.0.1:59883
Stacktrace:
java.net.SocketException: Connection reset
	at java.base/sun.nio.ch.SocketChannelImpl.throwConnectionReset(SocketChannelImpl.java:403)
	at java.base/sun.nio.ch.SocketChannelImpl.implRead(SocketChannelImpl.java:419)
	at java.base/sun.nio.ch.SocketChannelImpl.read(SocketChannelImpl.java:493)
	at bg.sofia.uni.fmi.mjt.uno.server.ClientHandler.readMessageFromClient(ClientHandler.java:55)
	at bg.sofia.uni.fmi.mjt.uno.server.ClientHandler.run(ClientHandler.java:30)
	at java.base/java.lang.Thread.run(Thread.java:1575)
===================================================
Timestamp: 2025-01-29T12:26:57.062790500
Client Info: Username: krisi, Address: /127.0.0.1:59883
Log Level: ERROR
Message: Error occurred while handling client: Username: krisi, Address: /127.0.0.1:59883
Stacktrace:
java.net.SocketException: Connection reset
	at java.base/sun.nio.ch.SocketChannelImpl.throwConnectionReset(SocketChannelImpl.java:403)
	at java.base/sun.nio.ch.SocketChannelImpl.implRead(SocketChannelImpl.java:419)
	at java.base/sun.nio.ch.SocketChannelImpl.read(SocketChannelImpl.java:493)
	at bg.sofia.uni.fmi.mjt.uno.server.ClientHandler.readMessageFromClient(ClientHandler.java:55)
	at bg.sofia.uni.fmi.mjt.uno.server.ClientHandler.run(ClientHandler.java:30)
	at java.base/java.lang.Thread.run(Thread.java:1575)
===================================================
Timestamp: 2025-01-29T12:26:57.032416
Client Info: Username: krisi, Address: /127.0.0.1:59883
Log Level: ERROR
Message: Error occurred while handling client: Username: krisi, Address: /127.0.0.1:59883
Stacktrace:
java.net.SocketException: Connection reset
	at java.base/sun.nio.ch.SocketChannelImpl.throwConnectionReset(SocketChannelImpl.java:403)
	at java.base/sun.nio.ch.SocketChannelImpl.implRead(SocketChannelImpl.java:419)
	at java.base/sun.nio.ch.SocketChannelImpl.read(SocketChannelImpl.java:493)
	at bg.sofia.uni.fmi.mjt.uno.server.ClientHandler.readMessageFromClient(ClientHandler.java:55)
	at bg.sofia.uni.fmi.mjt.uno.server.ClientHandler.run(ClientHandler.java:30)
	at java.base/java.lang.Thread.run(Thread.java:1575)
===================================================
Timestamp: 2025-01-29T12:26:57.018631400
Client Info: Username: krisi, Address: /127.0.0.1:59883
Log Level: ERROR
Message: Error occurred while handling client: Username: krisi, Address: /127.0.0.1:59883
Stacktrace:
java.net.SocketException: Connection reset
	at java.base/sun.nio.ch.SocketChannelImpl.throwConnectionReset(SocketChannelImpl.java:403)
	at java.base/sun.nio.ch.SocketChannelImpl.implRead(SocketChannelImpl.java:419)
	at java.base/sun.nio.ch.SocketChannelImpl.read(SocketChannelImpl.java:493)
	at bg.sofia.uni.fmi.mjt.uno.server.ClientHandler.readMessageFromClient(ClientHandler.java:55)
	at bg.sofia.uni.fmi.mjt.uno.server.ClientHandler.run(ClientHandler.java:30)
	at java.base/java.lang.Thread.run(Thread.java:1575)
===================================================
Timestamp: 2025-01-29T12:26:57.018631400
Client Info: Username: krisi, Address: /127.0.0.1:59883
Log Level: ERROR
Message: Error occurred while handling client: Username: krisi, Address: /127.0.0.1:59883
Stacktrace:
java.net.SocketException: Connection reset
	at java.base/sun.nio.ch.SocketChannelImpl.throwConnectionReset(SocketChannelImpl.java:403)
	at java.base/sun.nio.ch.SocketChannelImpl.implRead(SocketChannelImpl.java:419)
	at java.base/sun.nio.ch.SocketChannelImpl.read(SocketChannelImpl.java:493)
	at bg.sofia.uni.fmi.mjt.uno.server.ClientHandler.readMessageFromClient(ClientHandler.java:55)
	at bg.sofia.uni.fmi.mjt.uno.server.ClientHandler.run(ClientHandler.java:30)
	at java.base/java.lang.Thread.run(Thread.java:1575)
===================================================
Timestamp: 2025-01-29T12:26:57.021632400
Client Info: Username: krisi, Address: /127.0.0.1:59883
Log Level: ERROR
Message: Error occurred while handling client: Username: krisi, Address: /127.0.0.1:59883
Stacktrace:
java.net.SocketException: Connection reset
	at java.base/sun.nio.ch.SocketChannelImpl.throwConnectionReset(SocketChannelImpl.java:403)
	at java.base/sun.nio.ch.SocketChannelImpl.implRead(SocketChannelImpl.java:419)
	at java.base/sun.nio.ch.SocketChannelImpl.read(SocketChannelImpl.java:493)
	at bg.sofia.uni.fmi.mjt.uno.server.ClientHandler.readMessageFromClient(ClientHandler.java:55)
	at bg.sofia.uni.fmi.mjt.uno.server.ClientHandler.run(ClientHandler.java:30)
	at java.base/java.lang.Thread.run(Thread.java:1575)
===================================================
Timestamp: 2025-01-29T12:26:57.062790500
Client Info: Username: krisi, Address: /127.0.0.1:59883
Log Level: ERROR
Message: Error occurred while handling client: Username: krisi, Address: /127.0.0.1:59883
Stacktrace:
java.net.SocketException: Connection reset
	at java.base/sun.nio.ch.SocketChannelImpl.throwConnectionReset(SocketChannelImpl.java:403)
	at java.base/sun.nio.ch.SocketChannelImpl.implRead(SocketChannelImpl.java:419)
	at java.base/sun.nio.ch.SocketChannelImpl.read(SocketChannelImpl.java:493)
	at bg.sofia.uni.fmi.mjt.uno.server.ClientHandler.readMessageFromClient(ClientHandler.java:55)
	at bg.sofia.uni.fmi.mjt.uno.server.ClientHandler.run(ClientHandler.java:30)
	at java.base/java.lang.Thread.run(Thread.java:1575)
===================================================
Timestamp: 2025-01-29T12:26:57.025631300
Client Info: Username: krisi, Address: /127.0.0.1:59883
Log Level: ERROR
Message: Error occurred while handling client: Username: krisi, Address: /127.0.0.1:59883
Stacktrace:
java.net.SocketException: Connection reset
	at java.base/sun.nio.ch.SocketChannelImpl.throwConnectionReset(SocketChannelImpl.java:403)
	at java.base/sun.nio.ch.SocketChannelImpl.implRead(SocketChannelImpl.java:419)
	at java.base/sun.nio.ch.SocketChannelImpl.read(SocketChannelImpl.java:493)
	at bg.sofia.uni.fmi.mjt.uno.server.ClientHandler.readMessageFromClient(ClientHandler.java:55)
	at bg.sofia.uni.fmi.mjt.uno.server.ClientHandler.run(ClientHandler.java:30)
	at java.base/java.lang.Thread.run(Thread.java:1575)
===================================================
Timestamp: 2025-01-29T12:26:57.032416
Client Info: Username: krisi, Address: /127.0.0.1:59883
Log Level: ERROR
Message: Error occurred while handling client: Username: krisi, Address: /127.0.0.1:59883
Stacktrace:
java.net.SocketException: Connection reset
	at java.base/sun.nio.ch.SocketChannelImpl.throwConnectionReset(SocketChannelImpl.java:403)
	at java.base/sun.nio.ch.SocketChannelImpl.implRead(SocketChannelImpl.java:419)
	at java.base/sun.nio.ch.SocketChannelImpl.read(SocketChannelImpl.java:493)
	at bg.sofia.uni.fmi.mjt.uno.server.ClientHandler.readMessageFromClient(ClientHandler.java:55)
	at bg.sofia.uni.fmi.mjt.uno.server.ClientHandler.run(ClientHandler.java:30)
	at java.base/java.lang.Thread.run(Thread.java:1575)
===================================================
Timestamp: 2025-01-29T12:26:57.032416
Client Info: Username: krisi, Address: /127.0.0.1:59883
Log Level: ERROR
Message: Error occurred while handling client: Username: krisi, Address: /127.0.0.1:59883
Stacktrace:
java.net.SocketException: Connection reset
	at java.base/sun.nio.ch.SocketChannelImpl.throwConnectionReset(SocketChannelImpl.java:403)
	at java.base/sun.nio.ch.SocketChannelImpl.implRead(SocketChannelImpl.java:419)
	at java.base/sun.nio.ch.SocketChannelImpl.read(SocketChannelImpl.java:493)
	at bg.sofia.uni.fmi.mjt.uno.server.ClientHandler.readMessageFromClient(ClientHandler.java:55)
	at bg.sofia.uni.fmi.mjt.uno.server.ClientHandler.run(ClientHandler.java:30)
	at java.base/java.lang.Thread.run(Thread.java:1575)
===================================================
Timestamp: 2025-01-29T12:26:56.973776100
Client Info: Username: krisi, Address: /127.0.0.1:59883
Log Level: ERROR
Message: Error occurred while handling client: Username: krisi, Address: /127.0.0.1:59883
Stacktrace:
java.net.SocketException: Connection reset
	at java.base/sun.nio.ch.SocketChannelImpl.throwConnectionReset(SocketChannelImpl.java:403)
	at java.base/sun.nio.ch.SocketChannelImpl.implRead(SocketChannelImpl.java:419)
	at java.base/sun.nio.ch.SocketChannelImpl.read(SocketChannelImpl.java:493)
	at bg.sofia.uni.fmi.mjt.uno.server.ClientHandler.readMessageFromClient(ClientHandler.java:55)
	at bg.sofia.uni.fmi.mjt.uno.server.ClientHandler.run(ClientHandler.java:30)
	at java.base/java.lang.Thread.run(Thread.java:1575)
===================================================
Timestamp: 2025-01-29T12:26:57.038932400
Client Info: Username: krisi, Address: /127.0.0.1:59883
Log Level: ERROR
Message: Error occurred while handling client: Username: krisi, Address: /127.0.0.1:59883
Stacktrace:
java.net.SocketException: Connection reset
	at java.base/sun.nio.ch.SocketChannelImpl.throwConnectionReset(SocketChannelImpl.java:403)
	at java.base/sun.nio.ch.SocketChannelImpl.implRead(SocketChannelImpl.java:419)
	at java.base/sun.nio.ch.SocketChannelImpl.read(SocketChannelImpl.java:493)
	at bg.sofia.uni.fmi.mjt.uno.server.ClientHandler.readMessageFromClient(ClientHandler.java:55)
	at bg.sofia.uni.fmi.mjt.uno.server.ClientHandler.run(ClientHandler.java:30)
	at java.base/java.lang.Thread.run(Thread.java:1575)
===================================================
Timestamp: 2025-01-29T12:26:56.974776100
Client Info: Username: krisi, Address: /127.0.0.1:59883
Log Level: ERROR
Message: Error occurred while handling client: Username: krisi, Address: /127.0.0.1:59883
Stacktrace:
java.net.SocketException: Connection reset
	at java.base/sun.nio.ch.SocketChannelImpl.throwConnectionReset(SocketChannelImpl.java:403)
	at java.base/sun.nio.ch.SocketChannelImpl.implRead(SocketChannelImpl.java:419)
	at java.base/sun.nio.ch.SocketChannelImpl.read(SocketChannelImpl.java:493)
	at bg.sofia.uni.fmi.mjt.uno.server.ClientHandler.readMessageFromClient(ClientHandler.java:55)
	at bg.sofia.uni.fmi.mjt.uno.server.ClientHandler.run(ClientHandler.java:30)
	at java.base/java.lang.Thread.run(Thread.java:1575)
===================================================
Timestamp: 2025-01-29T12:26:57.071671600
Client Info: Username: krisi, Address: /127.0.0.1:59883
Log Level: ERROR
Message: Error occurred while handling client: Username: krisi, Address: /127.0.0.1:59883
Stacktrace:
java.net.SocketException: Connection reset
	at java.base/sun.nio.ch.SocketChannelImpl.throwConnectionReset(SocketChannelImpl.java:403)
	at java.base/sun.nio.ch.SocketChannelImpl.implRead(SocketChannelImpl.java:419)
	at java.base/sun.nio.ch.SocketChannelImpl.read(SocketChannelImpl.java:493)
	at bg.sofia.uni.fmi.mjt.uno.server.ClientHandler.readMessageFromClient(ClientHandler.java:55)
	at bg.sofia.uni.fmi.mjt.uno.server.ClientHandler.run(ClientHandler.java:30)
	at java.base/java.lang.Thread.run(Thread.java:1575)
===================================================
Timestamp: 2025-01-29T12:26:57.039932800
Client Info: Username: krisi, Address: /127.0.0.1:59883
Log Level: ERROR
Message: Error occurred while handling client: Username: krisi, Address: /127.0.0.1:59883
Stacktrace:
java.net.SocketException: Connection reset
	at java.base/sun.nio.ch.SocketChannelImpl.throwConnectionReset(SocketChannelImpl.java:403)
	at java.base/sun.nio.ch.SocketChannelImpl.implRead(SocketChannelImpl.java:419)
	at java.base/sun.nio.ch.SocketChannelImpl.read(SocketChannelImpl.java:493)
	at bg.sofia.uni.fmi.mjt.uno.server.ClientHandler.readMessageFromClient(ClientHandler.java:55)
	at bg.sofia.uni.fmi.mjt.uno.server.ClientHandler.run(ClientHandler.java:30)
	at java.base/java.lang.Thread.run(Thread.java:1575)
===================================================
Timestamp: 2025-01-29T12:26:56.966776100
Client Info: Username: krisi, Address: /127.0.0.1:59883
Log Level: ERROR
Message: Error occurred while handling client: Username: krisi, Address: /127.0.0.1:59883
Stacktrace:
java.net.SocketException: Connection reset
	at java.base/sun.nio.ch.SocketChannelImpl.throwConnectionReset(SocketChannelImpl.java:403)
	at java.base/sun.nio.ch.SocketChannelImpl.implRead(SocketChannelImpl.java:419)
	at java.base/sun.nio.ch.SocketChannelImpl.read(SocketChannelImpl.java:493)
	at bg.sofia.uni.fmi.mjt.uno.server.ClientHandler.readMessageFromClient(ClientHandler.java:55)
	at bg.sofia.uni.fmi.mjt.uno.server.ClientHandler.run(ClientHandler.java:30)
	at java.base/java.lang.Thread.run(Thread.java:1575)
===================================================
Timestamp: 2025-01-29T12:26:57.070560900
Client Info: Username: krisi, Address: /127.0.0.1:59883
Log Level: ERROR
Message: Error occurred while handling client: Username: krisi, Address: /127.0.0.1:59883
Stacktrace:
java.net.SocketException: Connection reset
	at java.base/sun.nio.ch.SocketChannelImpl.throwConnectionReset(SocketChannelImpl.java:403)
	at java.base/sun.nio.ch.SocketChannelImpl.implRead(SocketChannelImpl.java:419)
	at java.base/sun.nio.ch.SocketChannelImpl.read(SocketChannelImpl.java:493)
	at bg.sofia.uni.fmi.mjt.uno.server.ClientHandler.readMessageFromClient(ClientHandler.java:55)
	at bg.sofia.uni.fmi.mjt.uno.server.ClientHandler.run(ClientHandler.java:30)
	at java.base/java.lang.Thread.run(Thread.java:1575)
===================================================
Timestamp: 2025-01-29T12:26:56.973776100
Client Info: Username: krisi, Address: /127.0.0.1:59883
Log Level: ERROR
Message: Error occurred while handling client: Username: krisi, Address: /127.0.0.1:59883
Stacktrace:
java.net.SocketException: Connection reset
	at java.base/sun.nio.ch.SocketChannelImpl.throwConnectionReset(SocketChannelImpl.java:403)
	at java.base/sun.nio.ch.SocketChannelImpl.implRead(SocketChannelImpl.java:419)
	at java.base/sun.nio.ch.SocketChannelImpl.read(SocketChannelImpl.java:493)
	at bg.sofia.uni.fmi.mjt.uno.server.ClientHandler.readMessageFromClient(ClientHandler.java:55)
	at bg.sofia.uni.fmi.mjt.uno.server.ClientHandler.run(ClientHandler.java:30)
	at java.base/java.lang.Thread.run(Thread.java:1575)
===================================================
Timestamp: 2025-01-29T12:26:57.039932800
Client Info: Username: krisi, Address: /127.0.0.1:59883
Log Level: ERROR
Message: Error occurred while handling client: Username: krisi, Address: /127.0.0.1:59883
Stacktrace:
java.net.SocketException: Connection reset
	at java.base/sun.nio.ch.SocketChannelImpl.throwConnectionReset(SocketChannelImpl.java:403)
	at java.base/sun.nio.ch.SocketChannelImpl.implRead(SocketChannelImpl.java:419)
	at java.base/sun.nio.ch.SocketChannelImpl.read(SocketChannelImpl.java:493)
	at bg.sofia.uni.fmi.mjt.uno.server.ClientHandler.readMessageFromClient(ClientHandler.java:55)
	at bg.sofia.uni.fmi.mjt.uno.server.ClientHandler.run(ClientHandler.java:30)
	at java.base/java.lang.Thread.run(Thread.java:1575)
===================================================
Timestamp: 2025-01-29T12:26:56.978774600
Client Info: Username: krisi, Address: /127.0.0.1:59883
Log Level: ERROR
Message: Error occurred while handling client: Username: krisi, Address: /127.0.0.1:59883
Stacktrace:
java.net.SocketException: Connection reset
	at java.base/sun.nio.ch.SocketChannelImpl.throwConnectionReset(SocketChannelImpl.java:403)
	at java.base/sun.nio.ch.SocketChannelImpl.implRead(SocketChannelImpl.java:419)
	at java.base/sun.nio.ch.SocketChannelImpl.read(SocketChannelImpl.java:493)
	at bg.sofia.uni.fmi.mjt.uno.server.ClientHandler.readMessageFromClient(ClientHandler.java:55)
	at bg.sofia.uni.fmi.mjt.uno.server.ClientHandler.run(ClientHandler.java:30)
	at java.base/java.lang.Thread.run(Thread.java:1575)
===================================================
Timestamp: 2025-01-29T12:26:56.965776100
Client Info: Username: krisi, Address: /127.0.0.1:59883
Log Level: ERROR
Message: Error occurred while handling client: Username: krisi, Address: /127.0.0.1:59883
Stacktrace:
java.net.SocketException: Connection reset
	at java.base/sun.nio.ch.SocketChannelImpl.throwConnectionReset(SocketChannelImpl.java:403)
	at java.base/sun.nio.ch.SocketChannelImpl.implRead(SocketChannelImpl.java:419)
	at java.base/sun.nio.ch.SocketChannelImpl.read(SocketChannelImpl.java:493)
	at bg.sofia.uni.fmi.mjt.uno.server.ClientHandler.readMessageFromClient(ClientHandler.java:55)
	at bg.sofia.uni.fmi.mjt.uno.server.ClientHandler.run(ClientHandler.java:30)
	at java.base/java.lang.Thread.run(Thread.java:1575)
===================================================
Timestamp: 2025-01-29T12:26:56.978774600
Client Info: Username: krisi, Address: /127.0.0.1:59883
Log Level: ERROR
Message: Error occurred while handling client: Username: krisi, Address: /127.0.0.1:59883
Stacktrace:
java.net.SocketException: Connection reset
	at java.base/sun.nio.ch.SocketChannelImpl.throwConnectionReset(SocketChannelImpl.java:403)
	at java.base/sun.nio.ch.SocketChannelImpl.implRead(SocketChannelImpl.java:419)
	at java.base/sun.nio.ch.SocketChannelImpl.read(SocketChannelImpl.java:493)
	at bg.sofia.uni.fmi.mjt.uno.server.ClientHandler.readMessageFromClient(ClientHandler.java:55)
	at bg.sofia.uni.fmi.mjt.uno.server.ClientHandler.run(ClientHandler.java:30)
	at java.base/java.lang.Thread.run(Thread.java:1575)
===================================================
Timestamp: 2025-01-29T12:26:57.031413800
Client Info: Username: krisi, Address: /127.0.0.1:59883
Log Level: ERROR
Message: Error occurred while handling client: Username: krisi, Address: /127.0.0.1:59883
Stacktrace:
java.net.SocketException: Connection reset
	at java.base/sun.nio.ch.SocketChannelImpl.throwConnectionReset(SocketChannelImpl.java:403)
	at java.base/sun.nio.ch.SocketChannelImpl.implRead(SocketChannelImpl.java:419)
	at java.base/sun.nio.ch.SocketChannelImpl.read(SocketChannelImpl.java:493)
	at bg.sofia.uni.fmi.mjt.uno.server.ClientHandler.readMessageFromClient(ClientHandler.java:55)
	at bg.sofia.uni.fmi.mjt.uno.server.ClientHandler.run(ClientHandler.java:30)
	at java.base/java.lang.Thread.run(Thread.java:1575)
===================================================
Timestamp: 2025-01-29T12:26:57.040932800
Client Info: Username: krisi, Address: /127.0.0.1:59883
Log Level: ERROR
Message: Error occurred while handling client: Username: krisi, Address: /127.0.0.1:59883
Stacktrace:
java.net.SocketException: Connection reset
	at java.base/sun.nio.ch.SocketChannelImpl.throwConnectionReset(SocketChannelImpl.java:403)
	at java.base/sun.nio.ch.SocketChannelImpl.implRead(SocketChannelImpl.java:419)
	at java.base/sun.nio.ch.SocketChannelImpl.read(SocketChannelImpl.java:493)
	at bg.sofia.uni.fmi.mjt.uno.server.ClientHandler.readMessageFromClient(ClientHandler.java:55)
	at bg.sofia.uni.fmi.mjt.uno.server.ClientHandler.run(ClientHandler.java:30)
	at java.base/java.lang.Thread.run(Thread.java:1575)
===================================================
Timestamp: 2025-01-29T12:26:57.032416
Client Info: Username: krisi, Address: /127.0.0.1:59883
Log Level: ERROR
Message: Error occurred while handling client: Username: krisi, Address: /127.0.0.1:59883
Stacktrace:
java.net.SocketException: Connection reset
	at java.base/sun.nio.ch.SocketChannelImpl.throwConnectionReset(SocketChannelImpl.java:403)
	at java.base/sun.nio.ch.SocketChannelImpl.implRead(SocketChannelImpl.java:419)
	at java.base/sun.nio.ch.SocketChannelImpl.read(SocketChannelImpl.java:493)
	at bg.sofia.uni.fmi.mjt.uno.server.ClientHandler.readMessageFromClient(ClientHandler.java:55)
	at bg.sofia.uni.fmi.mjt.uno.server.ClientHandler.run(ClientHandler.java:30)
	at java.base/java.lang.Thread.run(Thread.java:1575)
===================================================
Timestamp: 2025-01-29T12:26:57.049449800
Client Info: Username: krisi, Address: /127.0.0.1:59883
Log Level: ERROR
Message: Error occurred while handling client: Username: krisi, Address: /127.0.0.1:59883
Stacktrace:
java.net.SocketException: Connection reset
	at java.base/sun.nio.ch.SocketChannelImpl.throwConnectionReset(SocketChannelImpl.java:403)
	at java.base/sun.nio.ch.SocketChannelImpl.implRead(SocketChannelImpl.java:419)
	at java.base/sun.nio.ch.SocketChannelImpl.read(SocketChannelImpl.java:493)
	at bg.sofia.uni.fmi.mjt.uno.server.ClientHandler.readMessageFromClient(ClientHandler.java:55)
	at bg.sofia.uni.fmi.mjt.uno.server.ClientHandler.run(ClientHandler.java:30)
	at java.base/java.lang.Thread.run(Thread.java:1575)
===================================================
Timestamp: 2025-01-29T12:26:57.049449800
Client Info: Username: krisi, Address: /127.0.0.1:59883
Log Level: ERROR
Message: Error occurred while handling client: Username: krisi, Address: /127.0.0.1:59883
Stacktrace:
java.net.SocketException: Connection reset
	at java.base/sun.nio.ch.SocketChannelImpl.throwConnectionReset(SocketChannelImpl.java:403)
	at java.base/sun.nio.ch.SocketChannelImpl.implRead(SocketChannelImpl.java:419)
	at java.base/sun.nio.ch.SocketChannelImpl.read(SocketChannelImpl.java:493)
	at bg.sofia.uni.fmi.mjt.uno.server.ClientHandler.readMessageFromClient(ClientHandler.java:55)
	at bg.sofia.uni.fmi.mjt.uno.server.ClientHandler.run(ClientHandler.java:30)
	at java.base/java.lang.Thread.run(Thread.java:1575)
===================================================
Timestamp: 2025-01-29T12:26:56.977776500
Client Info: Username: krisi, Address: /127.0.0.1:59883
Log Level: ERROR
Message: Error occurred while handling client: Username: krisi, Address: /127.0.0.1:59883
Stacktrace:
java.net.SocketException: Connection reset
	at java.base/sun.nio.ch.SocketChannelImpl.throwConnectionReset(SocketChannelImpl.java:403)
	at java.base/sun.nio.ch.SocketChannelImpl.implRead(SocketChannelImpl.java:419)
	at java.base/sun.nio.ch.SocketChannelImpl.read(SocketChannelImpl.java:493)
	at bg.sofia.uni.fmi.mjt.uno.server.ClientHandler.readMessageFromClient(ClientHandler.java:55)
	at bg.sofia.uni.fmi.mjt.uno.server.ClientHandler.run(ClientHandler.java:30)
	at java.base/java.lang.Thread.run(Thread.java:1575)
===================================================
Timestamp: 2025-01-29T12:26:56.969776
Client Info: Username: krisi, Address: /127.0.0.1:59883
Log Level: ERROR
Message: Error occurred while handling client: Username: krisi, Address: /127.0.0.1:59883
Stacktrace:
java.net.SocketException: Connection reset
	at java.base/sun.nio.ch.SocketChannelImpl.throwConnectionReset(SocketChannelImpl.java:403)
	at java.base/sun.nio.ch.SocketChannelImpl.implRead(SocketChannelImpl.java:419)
	at java.base/sun.nio.ch.SocketChannelImpl.read(SocketChannelImpl.java:493)
	at bg.sofia.uni.fmi.mjt.uno.server.ClientHandler.readMessageFromClient(ClientHandler.java:55)
	at bg.sofia.uni.fmi.mjt.uno.server.ClientHandler.run(ClientHandler.java:30)
	at java.base/java.lang.Thread.run(Thread.java:1575)
===================================================
Timestamp: 2025-01-29T12:26:57.049449800
Client Info: Username: krisi, Address: /127.0.0.1:59883
Log Level: ERROR
Message: Error occurred while handling client: Username: krisi, Address: /127.0.0.1:59883
Stacktrace:
java.net.SocketException: Connection reset
	at java.base/sun.nio.ch.SocketChannelImpl.throwConnectionReset(SocketChannelImpl.java:403)
	at java.base/sun.nio.ch.SocketChannelImpl.implRead(SocketChannelImpl.java:419)
	at java.base/sun.nio.ch.SocketChannelImpl.read(SocketChannelImpl.java:493)
	at bg.sofia.uni.fmi.mjt.uno.server.ClientHandler.readMessageFromClient(ClientHandler.java:55)
	at bg.sofia.uni.fmi.mjt.uno.server.ClientHandler.run(ClientHandler.java:30)
	at java.base/java.lang.Thread.run(Thread.java:1575)
===================================================
Timestamp: 2025-01-29T12:26:57.066108700
Client Info: Username: krisi, Address: /127.0.0.1:59883
Log Level: ERROR
Message: Error occurred while handling client: Username: krisi, Address: /127.0.0.1:59883
Stacktrace:
java.net.SocketException: Connection reset
	at java.base/sun.nio.ch.SocketChannelImpl.throwConnectionReset(SocketChannelImpl.java:403)
	at java.base/sun.nio.ch.SocketChannelImpl.implRead(SocketChannelImpl.java:419)
	at java.base/sun.nio.ch.SocketChannelImpl.read(SocketChannelImpl.java:493)
	at bg.sofia.uni.fmi.mjt.uno.server.ClientHandler.readMessageFromClient(ClientHandler.java:55)
	at bg.sofia.uni.fmi.mjt.uno.server.ClientHandler.run(ClientHandler.java:30)
	at java.base/java.lang.Thread.run(Thread.java:1575)
===================================================
Timestamp: 2025-01-29T12:26:56.953774800
Client Info: Username: krisi, Address: /127.0.0.1:59883
Log Level: ERROR
Message: Error occurred while handling client: Username: krisi, Address: /127.0.0.1:59883
Stacktrace:
java.net.SocketException: Connection reset
	at java.base/sun.nio.ch.SocketChannelImpl.throwConnectionReset(SocketChannelImpl.java:403)
	at java.base/sun.nio.ch.SocketChannelImpl.implRead(SocketChannelImpl.java:419)
	at java.base/sun.nio.ch.SocketChannelImpl.read(SocketChannelImpl.java:493)
	at bg.sofia.uni.fmi.mjt.uno.server.ClientHandler.readMessageFromClient(ClientHandler.java:55)
	at bg.sofia.uni.fmi.mjt.uno.server.ClientHandler.run(ClientHandler.java:30)
	at java.base/java.lang.Thread.run(Thread.java:1575)
===================================================
Timestamp: 2025-01-29T12:26:57.066108700
Client Info: Username: krisi, Address: /127.0.0.1:59883
Log Level: ERROR
Message: Error occurred while handling client: Username: krisi, Address: /127.0.0.1:59883
Stacktrace:
java.net.SocketException: Connection reset
	at java.base/sun.nio.ch.SocketChannelImpl.throwConnectionReset(SocketChannelImpl.java:403)
	at java.base/sun.nio.ch.SocketChannelImpl.implRead(SocketChannelImpl.java:419)
	at java.base/sun.nio.ch.SocketChannelImpl.read(SocketChannelImpl.java:493)
	at bg.sofia.uni.fmi.mjt.uno.server.ClientHandler.readMessageFromClient(ClientHandler.java:55)
	at bg.sofia.uni.fmi.mjt.uno.server.ClientHandler.run(ClientHandler.java:30)
	at java.base/java.lang.Thread.run(Thread.java:1575)
===================================================
Timestamp: 2025-01-29T12:26:57.051449100
Client Info: Username: krisi, Address: /127.0.0.1:59883
Log Level: ERROR
Message: Error occurred while handling client: Username: krisi, Address: /127.0.0.1:59883
Stacktrace:
java.net.SocketException: Connection reset
	at java.base/sun.nio.ch.SocketChannelImpl.throwConnectionReset(SocketChannelImpl.java:403)
	at java.base/sun.nio.ch.SocketChannelImpl.implRead(SocketChannelImpl.java:419)
	at java.base/sun.nio.ch.SocketChannelImpl.read(SocketChannelImpl.java:493)
	at bg.sofia.uni.fmi.mjt.uno.server.ClientHandler.readMessageFromClient(ClientHandler.java:55)
	at bg.sofia.uni.fmi.mjt.uno.server.ClientHandler.run(ClientHandler.java:30)
	at java.base/java.lang.Thread.run(Thread.java:1575)
===================================================
Timestamp: 2025-01-29T12:26:57.031413800
Client Info: Username: krisi, Address: /127.0.0.1:59883
Log Level: ERROR
Message: Error occurred while handling client: Username: krisi, Address: /127.0.0.1:59883
Stacktrace:
java.net.SocketException: Connection reset
	at java.base/sun.nio.ch.SocketChannelImpl.throwConnectionReset(SocketChannelImpl.java:403)
	at java.base/sun.nio.ch.SocketChannelImpl.implRead(SocketChannelImpl.java:419)
	at java.base/sun.nio.ch.SocketChannelImpl.read(SocketChannelImpl.java:493)
	at bg.sofia.uni.fmi.mjt.uno.server.ClientHandler.readMessageFromClient(ClientHandler.java:55)
	at bg.sofia.uni.fmi.mjt.uno.server.ClientHandler.run(ClientHandler.java:30)
	at java.base/java.lang.Thread.run(Thread.java:1575)
===================================================
Timestamp: 2025-01-29T12:26:56.953774800
Client Info: Username: krisi, Address: /127.0.0.1:59883
Log Level: ERROR
Message: Error occurred while handling client: Username: krisi, Address: /127.0.0.1:59883
Stacktrace:
java.net.SocketException: Connection reset
	at java.base/sun.nio.ch.SocketChannelImpl.throwConnectionReset(SocketChannelImpl.java:403)
	at java.base/sun.nio.ch.SocketChannelImpl.implRead(SocketChannelImpl.java:419)
	at java.base/sun.nio.ch.SocketChannelImpl.read(SocketChannelImpl.java:493)
	at bg.sofia.uni.fmi.mjt.uno.server.ClientHandler.readMessageFromClient(ClientHandler.java:55)
	at bg.sofia.uni.fmi.mjt.uno.server.ClientHandler.run(ClientHandler.java:30)
	at java.base/java.lang.Thread.run(Thread.java:1575)
===================================================
Timestamp: 2025-01-29T12:26:56.953774800
Client Info: Username: krisi, Address: /127.0.0.1:59883
Log Level: ERROR
Message: Error occurred while handling client: Username: krisi, Address: /127.0.0.1:59883
Stacktrace:
java.net.SocketException: Connection reset
	at java.base/sun.nio.ch.SocketChannelImpl.throwConnectionReset(SocketChannelImpl.java:403)
	at java.base/sun.nio.ch.SocketChannelImpl.implRead(SocketChannelImpl.java:419)
	at java.base/sun.nio.ch.SocketChannelImpl.read(SocketChannelImpl.java:493)
	at bg.sofia.uni.fmi.mjt.uno.server.ClientHandler.readMessageFromClient(ClientHandler.java:55)
	at bg.sofia.uni.fmi.mjt.uno.server.ClientHandler.run(ClientHandler.java:30)
	at java.base/java.lang.Thread.run(Thread.java:1575)
===================================================
Timestamp: 2025-01-29T12:26:57.073670900
Client Info: Username: krisi, Address: /127.0.0.1:59883
Log Level: ERROR
Message: Error occurred while handling client: Username: krisi, Address: /127.0.0.1:59883
Stacktrace:
java.net.SocketException: Connection reset
	at java.base/sun.nio.ch.SocketChannelImpl.throwConnectionReset(SocketChannelImpl.java:403)
	at java.base/sun.nio.ch.SocketChannelImpl.implRead(SocketChannelImpl.java:419)
	at java.base/sun.nio.ch.SocketChannelImpl.read(SocketChannelImpl.java:493)
	at bg.sofia.uni.fmi.mjt.uno.server.ClientHandler.readMessageFromClient(ClientHandler.java:55)
	at bg.sofia.uni.fmi.mjt.uno.server.ClientHandler.run(ClientHandler.java:30)
	at java.base/java.lang.Thread.run(Thread.java:1575)
===================================================
Timestamp: 2025-01-29T12:26:56.960774600
Client Info: Username: krisi, Address: /127.0.0.1:59883
Log Level: ERROR
Message: Error occurred while handling client: Username: krisi, Address: /127.0.0.1:59883
Stacktrace:
java.net.SocketException: Connection reset
	at java.base/sun.nio.ch.SocketChannelImpl.throwConnectionReset(SocketChannelImpl.java:403)
	at java.base/sun.nio.ch.SocketChannelImpl.implRead(SocketChannelImpl.java:419)
	at java.base/sun.nio.ch.SocketChannelImpl.read(SocketChannelImpl.java:493)
	at bg.sofia.uni.fmi.mjt.uno.server.ClientHandler.readMessageFromClient(ClientHandler.java:55)
	at bg.sofia.uni.fmi.mjt.uno.server.ClientHandler.run(ClientHandler.java:30)
	at java.base/java.lang.Thread.run(Thread.java:1575)
===================================================
Timestamp: 2025-01-29T12:26:57.038932400
Client Info: Username: krisi, Address: /127.0.0.1:59883
Log Level: ERROR
Message: Error occurred while handling client: Username: krisi, Address: /127.0.0.1:59883
Stacktrace:
java.net.SocketException: Connection reset
	at java.base/sun.nio.ch.SocketChannelImpl.throwConnectionReset(SocketChannelImpl.java:403)
	at java.base/sun.nio.ch.SocketChannelImpl.implRead(SocketChannelImpl.java:419)
	at java.base/sun.nio.ch.SocketChannelImpl.read(SocketChannelImpl.java:493)
	at bg.sofia.uni.fmi.mjt.uno.server.ClientHandler.readMessageFromClient(ClientHandler.java:55)
	at bg.sofia.uni.fmi.mjt.uno.server.ClientHandler.run(ClientHandler.java:30)
	at java.base/java.lang.Thread.run(Thread.java:1575)
===================================================
Timestamp: 2025-01-29T12:26:57.071671600
Client Info: Username: krisi, Address: /127.0.0.1:59883
Log Level: ERROR
Message: Error occurred while handling client: Username: krisi, Address: /127.0.0.1:59883
Stacktrace:
java.net.SocketException: Connection reset
	at java.base/sun.nio.ch.SocketChannelImpl.throwConnectionReset(SocketChannelImpl.java:403)
	at java.base/sun.nio.ch.SocketChannelImpl.implRead(SocketChannelImpl.java:419)
	at java.base/sun.nio.ch.SocketChannelImpl.read(SocketChannelImpl.java:493)
	at bg.sofia.uni.fmi.mjt.uno.server.ClientHandler.readMessageFromClient(ClientHandler.java:55)
	at bg.sofia.uni.fmi.mjt.uno.server.ClientHandler.run(ClientHandler.java:30)
	at java.base/java.lang.Thread.run(Thread.java:1575)
===================================================
Timestamp: 2025-01-29T12:26:57.031413800
Client Info: Username: krisi, Address: /127.0.0.1:59883
Log Level: ERROR
Message: Error occurred while handling client: Username: krisi, Address: /127.0.0.1:59883
Stacktrace:
java.net.SocketException: Connection reset
	at java.base/sun.nio.ch.SocketChannelImpl.throwConnectionReset(SocketChannelImpl.java:403)
	at java.base/sun.nio.ch.SocketChannelImpl.implRead(SocketChannelImpl.java:419)
	at java.base/sun.nio.ch.SocketChannelImpl.read(SocketChannelImpl.java:493)
	at bg.sofia.uni.fmi.mjt.uno.server.ClientHandler.readMessageFromClient(ClientHandler.java:55)
	at bg.sofia.uni.fmi.mjt.uno.server.ClientHandler.run(ClientHandler.java:30)
	at java.base/java.lang.Thread.run(Thread.java:1575)
===================================================
Timestamp: 2025-01-29T12:26:56.968775900
Client Info: Username: krisi, Address: /127.0.0.1:59883
Log Level: ERROR
Message: Error occurred while handling client: Username: krisi, Address: /127.0.0.1:59883
Stacktrace:
java.net.SocketException: Connection reset
	at java.base/sun.nio.ch.SocketChannelImpl.throwConnectionReset(SocketChannelImpl.java:403)
	at java.base/sun.nio.ch.SocketChannelImpl.implRead(SocketChannelImpl.java:419)
	at java.base/sun.nio.ch.SocketChannelImpl.read(SocketChannelImpl.java:493)
	at bg.sofia.uni.fmi.mjt.uno.server.ClientHandler.readMessageFromClient(ClientHandler.java:55)
	at bg.sofia.uni.fmi.mjt.uno.server.ClientHandler.run(ClientHandler.java:30)
	at java.base/java.lang.Thread.run(Thread.java:1575)
===================================================
Timestamp: 2025-01-29T12:26:57.018631400
Client Info: Username: krisi, Address: /127.0.0.1:59883
Log Level: ERROR
Message: Error occurred while handling client: Username: krisi, Address: /127.0.0.1:59883
Stacktrace:
java.net.SocketException: Connection reset
	at java.base/sun.nio.ch.SocketChannelImpl.throwConnectionReset(SocketChannelImpl.java:403)
	at java.base/sun.nio.ch.SocketChannelImpl.implRead(SocketChannelImpl.java:419)
	at java.base/sun.nio.ch.SocketChannelImpl.read(SocketChannelImpl.java:493)
	at bg.sofia.uni.fmi.mjt.uno.server.ClientHandler.readMessageFromClient(ClientHandler.java:55)
	at bg.sofia.uni.fmi.mjt.uno.server.ClientHandler.run(ClientHandler.java:30)
	at java.base/java.lang.Thread.run(Thread.java:1575)
===================================================
Timestamp: 2025-01-29T12:26:57.031413800
Client Info: Username: krisi, Address: /127.0.0.1:59883
Log Level: ERROR
Message: Error occurred while handling client: Username: krisi, Address: /127.0.0.1:59883
Stacktrace:
java.net.SocketException: Connection reset
	at java.base/sun.nio.ch.SocketChannelImpl.throwConnectionReset(SocketChannelImpl.java:403)
	at java.base/sun.nio.ch.SocketChannelImpl.implRead(SocketChannelImpl.java:419)
	at java.base/sun.nio.ch.SocketChannelImpl.read(SocketChannelImpl.java:493)
	at bg.sofia.uni.fmi.mjt.uno.server.ClientHandler.readMessageFromClient(ClientHandler.java:55)
	at bg.sofia.uni.fmi.mjt.uno.server.ClientHandler.run(ClientHandler.java:30)
	at java.base/java.lang.Thread.run(Thread.java:1575)
===================================================
Timestamp: 2025-01-29T12:26:57.064789
Client Info: Username: krisi, Address: /127.0.0.1:59883
Log Level: ERROR
Message: Error occurred while handling client: Username: krisi, Address: /127.0.0.1:59883
Stacktrace:
java.net.SocketException: Connection reset
	at java.base/sun.nio.ch.SocketChannelImpl.throwConnectionReset(SocketChannelImpl.java:403)
	at java.base/sun.nio.ch.SocketChannelImpl.implRead(SocketChannelImpl.java:419)
	at java.base/sun.nio.ch.SocketChannelImpl.read(SocketChannelImpl.java:493)
	at bg.sofia.uni.fmi.mjt.uno.server.ClientHandler.readMessageFromClient(ClientHandler.java:55)
	at bg.sofia.uni.fmi.mjt.uno.server.ClientHandler.run(ClientHandler.java:30)
	at java.base/java.lang.Thread.run(Thread.java:1575)
===================================================
Timestamp: 2025-01-29T12:26:57.060789300
Client Info: Username: krisi, Address: /127.0.0.1:59883
Log Level: ERROR
Message: Error occurred while handling client: Username: krisi, Address: /127.0.0.1:59883
Stacktrace:
java.net.SocketException: Connection reset
	at java.base/sun.nio.ch.SocketChannelImpl.throwConnectionReset(SocketChannelImpl.java:403)
	at java.base/sun.nio.ch.SocketChannelImpl.implRead(SocketChannelImpl.java:419)
	at java.base/sun.nio.ch.SocketChannelImpl.read(SocketChannelImpl.java:493)
	at bg.sofia.uni.fmi.mjt.uno.server.ClientHandler.readMessageFromClient(ClientHandler.java:55)
	at bg.sofia.uni.fmi.mjt.uno.server.ClientHandler.run(ClientHandler.java:30)
	at java.base/java.lang.Thread.run(Thread.java:1575)
===================================================
Timestamp: 2025-01-29T12:26:57.079125500
Client Info: Username: krisi, Address: /127.0.0.1:59883
Log Level: ERROR
Message: Error occurred while handling client: Username: krisi, Address: /127.0.0.1:59883
Stacktrace:
java.net.SocketException: Connection reset
	at java.base/sun.nio.ch.SocketChannelImpl.throwConnectionReset(SocketChannelImpl.java:403)
	at java.base/sun.nio.ch.SocketChannelImpl.implRead(SocketChannelImpl.java:419)
	at java.base/sun.nio.ch.SocketChannelImpl.read(SocketChannelImpl.java:493)
	at bg.sofia.uni.fmi.mjt.uno.server.ClientHandler.readMessageFromClient(ClientHandler.java:55)
	at bg.sofia.uni.fmi.mjt.uno.server.ClientHandler.run(ClientHandler.java:30)
	at java.base/java.lang.Thread.run(Thread.java:1575)
===================================================
Timestamp: 2025-01-29T12:26:56.964776200
Client Info: Username: krisi, Address: /127.0.0.1:59883
Log Level: ERROR
Message: Error occurred while handling client: Username: krisi, Address: /127.0.0.1:59883
Stacktrace:
java.net.SocketException: Connection reset
	at java.base/sun.nio.ch.SocketChannelImpl.throwConnectionReset(SocketChannelImpl.java:403)
	at java.base/sun.nio.ch.SocketChannelImpl.implRead(SocketChannelImpl.java:419)
	at java.base/sun.nio.ch.SocketChannelImpl.read(SocketChannelImpl.java:493)
	at bg.sofia.uni.fmi.mjt.uno.server.ClientHandler.readMessageFromClient(ClientHandler.java:55)
	at bg.sofia.uni.fmi.mjt.uno.server.ClientHandler.run(ClientHandler.java:30)
	at java.base/java.lang.Thread.run(Thread.java:1575)
===================================================
Timestamp: 2025-01-29T12:26:56.980514800
Client Info: Username: krisi, Address: /127.0.0.1:59883
Log Level: ERROR
Message: Error occurred while handling client: Username: krisi, Address: /127.0.0.1:59883
Stacktrace:
java.net.SocketException: Connection reset
	at java.base/sun.nio.ch.SocketChannelImpl.throwConnectionReset(SocketChannelImpl.java:403)
	at java.base/sun.nio.ch.SocketChannelImpl.implRead(SocketChannelImpl.java:419)
	at java.base/sun.nio.ch.SocketChannelImpl.read(SocketChannelImpl.java:493)
	at bg.sofia.uni.fmi.mjt.uno.server.ClientHandler.readMessageFromClient(ClientHandler.java:55)
	at bg.sofia.uni.fmi.mjt.uno.server.ClientHandler.run(ClientHandler.java:30)
	at java.base/java.lang.Thread.run(Thread.java:1575)
===================================================
Timestamp: 2025-01-29T12:26:57.056588500
Client Info: Username: krisi, Address: /127.0.0.1:59883
Log Level: ERROR
Message: Error occurred while handling client: Username: krisi, Address: /127.0.0.1:59883
Stacktrace:
java.net.SocketException: Connection reset
	at java.base/sun.nio.ch.SocketChannelImpl.throwConnectionReset(SocketChannelImpl.java:403)
	at java.base/sun.nio.ch.SocketChannelImpl.implRead(SocketChannelImpl.java:419)
	at java.base/sun.nio.ch.SocketChannelImpl.read(SocketChannelImpl.java:493)
	at bg.sofia.uni.fmi.mjt.uno.server.ClientHandler.readMessageFromClient(ClientHandler.java:55)
	at bg.sofia.uni.fmi.mjt.uno.server.ClientHandler.run(ClientHandler.java:30)
	at java.base/java.lang.Thread.run(Thread.java:1575)
===================================================
Timestamp: 2025-01-29T12:26:57.073670900
Client Info: Username: krisi, Address: /127.0.0.1:59883
Log Level: ERROR
Message: Error occurred while handling client: Username: krisi, Address: /127.0.0.1:59883
Stacktrace:
java.net.SocketException: Connection reset
	at java.base/sun.nio.ch.SocketChannelImpl.throwConnectionReset(SocketChannelImpl.java:403)
	at java.base/sun.nio.ch.SocketChannelImpl.implRead(SocketChannelImpl.java:419)
	at java.base/sun.nio.ch.SocketChannelImpl.read(SocketChannelImpl.java:493)
	at bg.sofia.uni.fmi.mjt.uno.server.ClientHandler.readMessageFromClient(ClientHandler.java:55)
	at bg.sofia.uni.fmi.mjt.uno.server.ClientHandler.run(ClientHandler.java:30)
	at java.base/java.lang.Thread.run(Thread.java:1575)
===================================================
Timestamp: 2025-01-29T12:26:57.060789300
Client Info: Username: krisi, Address: /127.0.0.1:59883
Log Level: ERROR
Message: Error occurred while handling client: Username: krisi, Address: /127.0.0.1:59883
Stacktrace:
java.net.SocketException: Connection reset
	at java.base/sun.nio.ch.SocketChannelImpl.throwConnectionReset(SocketChannelImpl.java:403)
	at java.base/sun.nio.ch.SocketChannelImpl.implRead(SocketChannelImpl.java:419)
	at java.base/sun.nio.ch.SocketChannelImpl.read(SocketChannelImpl.java:493)
	at bg.sofia.uni.fmi.mjt.uno.server.ClientHandler.readMessageFromClient(ClientHandler.java:55)
	at bg.sofia.uni.fmi.mjt.uno.server.ClientHandler.run(ClientHandler.java:30)
	at java.base/java.lang.Thread.run(Thread.java:1575)
===================================================
Timestamp: 2025-01-29T12:26:57.066108700
Client Info: Username: krisi, Address: /127.0.0.1:59883
Log Level: ERROR
Message: Error occurred while handling client: Username: krisi, Address: /127.0.0.1:59883
Stacktrace:
java.net.SocketException: Connection reset
	at java.base/sun.nio.ch.SocketChannelImpl.throwConnectionReset(SocketChannelImpl.java:403)
	at java.base/sun.nio.ch.SocketChannelImpl.implRead(SocketChannelImpl.java:419)
	at java.base/sun.nio.ch.SocketChannelImpl.read(SocketChannelImpl.java:493)
	at bg.sofia.uni.fmi.mjt.uno.server.ClientHandler.readMessageFromClient(ClientHandler.java:55)
	at bg.sofia.uni.fmi.mjt.uno.server.ClientHandler.run(ClientHandler.java:30)
	at java.base/java.lang.Thread.run(Thread.java:1575)
===================================================
Timestamp: 2025-01-29T12:26:57.070560900
Client Info: Username: krisi, Address: /127.0.0.1:59883
Log Level: ERROR
Message: Error occurred while handling client: Username: krisi, Address: /127.0.0.1:59883
Stacktrace:
java.net.SocketException: Connection reset
	at java.base/sun.nio.ch.SocketChannelImpl.throwConnectionReset(SocketChannelImpl.java:403)
	at java.base/sun.nio.ch.SocketChannelImpl.implRead(SocketChannelImpl.java:419)
	at java.base/sun.nio.ch.SocketChannelImpl.read(SocketChannelImpl.java:493)
	at bg.sofia.uni.fmi.mjt.uno.server.ClientHandler.readMessageFromClient(ClientHandler.java:55)
	at bg.sofia.uni.fmi.mjt.uno.server.ClientHandler.run(ClientHandler.java:30)
	at java.base/java.lang.Thread.run(Thread.java:1575)
===================================================
Timestamp: 2025-01-29T12:26:57.019632300
Client Info: Username: krisi, Address: /127.0.0.1:59883
Log Level: ERROR
Message: Error occurred while handling client: Username: krisi, Address: /127.0.0.1:59883
Stacktrace:
java.net.SocketException: Connection reset
	at java.base/sun.nio.ch.SocketChannelImpl.throwConnectionReset(SocketChannelImpl.java:403)
	at java.base/sun.nio.ch.SocketChannelImpl.implRead(SocketChannelImpl.java:419)
	at java.base/sun.nio.ch.SocketChannelImpl.read(SocketChannelImpl.java:493)
	at bg.sofia.uni.fmi.mjt.uno.server.ClientHandler.readMessageFromClient(ClientHandler.java:55)
	at bg.sofia.uni.fmi.mjt.uno.server.ClientHandler.run(ClientHandler.java:30)
	at java.base/java.lang.Thread.run(Thread.java:1575)
===================================================
Timestamp: 2025-01-29T12:26:57.035414900
Client Info: Username: krisi, Address: /127.0.0.1:59883
Log Level: ERROR
Message: Error occurred while handling client: Username: krisi, Address: /127.0.0.1:59883
Stacktrace:
java.net.SocketException: Connection reset
	at java.base/sun.nio.ch.SocketChannelImpl.throwConnectionReset(SocketChannelImpl.java:403)
	at java.base/sun.nio.ch.SocketChannelImpl.implRead(SocketChannelImpl.java:419)
	at java.base/sun.nio.ch.SocketChannelImpl.read(SocketChannelImpl.java:493)
	at bg.sofia.uni.fmi.mjt.uno.server.ClientHandler.readMessageFromClient(ClientHandler.java:55)
	at bg.sofia.uni.fmi.mjt.uno.server.ClientHandler.run(ClientHandler.java:30)
	at java.base/java.lang.Thread.run(Thread.java:1575)
===================================================
Timestamp: 2025-01-29T12:26:56.953774800
Client Info: Username: krisi, Address: /127.0.0.1:59883
Log Level: ERROR
Message: Error occurred while handling client: Username: krisi, Address: /127.0.0.1:59883
Stacktrace:
java.net.SocketException: Connection reset
	at java.base/sun.nio.ch.SocketChannelImpl.throwConnectionReset(SocketChannelImpl.java:403)
	at java.base/sun.nio.ch.SocketChannelImpl.implRead(SocketChannelImpl.java:419)
	at java.base/sun.nio.ch.SocketChannelImpl.read(SocketChannelImpl.java:493)
	at bg.sofia.uni.fmi.mjt.uno.server.ClientHandler.readMessageFromClient(ClientHandler.java:55)
	at bg.sofia.uni.fmi.mjt.uno.server.ClientHandler.run(ClientHandler.java:30)
	at java.base/java.lang.Thread.run(Thread.java:1575)
===================================================
Timestamp: 2025-01-29T12:26:57.031413800
Client Info: Username: krisi, Address: /127.0.0.1:59883
Log Level: ERROR
Message: Error occurred while handling client: Username: krisi, Address: /127.0.0.1:59883
Stacktrace:
java.net.SocketException: Connection reset
	at java.base/sun.nio.ch.SocketChannelImpl.throwConnectionReset(SocketChannelImpl.java:403)
	at java.base/sun.nio.ch.SocketChannelImpl.implRead(SocketChannelImpl.java:419)
	at java.base/sun.nio.ch.SocketChannelImpl.read(SocketChannelImpl.java:493)
	at bg.sofia.uni.fmi.mjt.uno.server.ClientHandler.readMessageFromClient(ClientHandler.java:55)
	at bg.sofia.uni.fmi.mjt.uno.server.ClientHandler.run(ClientHandler.java:30)
	at java.base/java.lang.Thread.run(Thread.java:1575)
===================================================
Timestamp: 2025-01-29T12:26:57.019632300
Client Info: Username: krisi, Address: /127.0.0.1:59883
Log Level: ERROR
Message: Error occurred while handling client: Username: krisi, Address: /127.0.0.1:59883
Stacktrace:
java.net.SocketException: Connection reset
	at java.base/sun.nio.ch.SocketChannelImpl.throwConnectionReset(SocketChannelImpl.java:403)
	at java.base/sun.nio.ch.SocketChannelImpl.implRead(SocketChannelImpl.java:419)
	at java.base/sun.nio.ch.SocketChannelImpl.read(SocketChannelImpl.java:493)
	at bg.sofia.uni.fmi.mjt.uno.server.ClientHandler.readMessageFromClient(ClientHandler.java:55)
	at bg.sofia.uni.fmi.mjt.uno.server.ClientHandler.run(ClientHandler.java:30)
	at java.base/java.lang.Thread.run(Thread.java:1575)
===================================================
Timestamp: 2025-01-29T12:26:57.064789
Client Info: Username: krisi, Address: /127.0.0.1:59883
Log Level: ERROR
Message: Error occurred while handling client: Username: krisi, Address: /127.0.0.1:59883
Stacktrace:
java.net.SocketException: Connection reset
	at java.base/sun.nio.ch.SocketChannelImpl.throwConnectionReset(SocketChannelImpl.java:403)
	at java.base/sun.nio.ch.SocketChannelImpl.implRead(SocketChannelImpl.java:419)
	at java.base/sun.nio.ch.SocketChannelImpl.read(SocketChannelImpl.java:493)
	at bg.sofia.uni.fmi.mjt.uno.server.ClientHandler.readMessageFromClient(ClientHandler.java:55)
	at bg.sofia.uni.fmi.mjt.uno.server.ClientHandler.run(ClientHandler.java:30)
	at java.base/java.lang.Thread.run(Thread.java:1575)
===================================================
Timestamp: 2025-01-29T12:26:57.072671200
Client Info: Username: krisi, Address: /127.0.0.1:59883
Log Level: ERROR
Message: Error occurred while handling client: Username: krisi, Address: /127.0.0.1:59883
Stacktrace:
java.net.SocketException: Connection reset
	at java.base/sun.nio.ch.SocketChannelImpl.throwConnectionReset(SocketChannelImpl.java:403)
	at java.base/sun.nio.ch.SocketChannelImpl.implRead(SocketChannelImpl.java:419)
	at java.base/sun.nio.ch.SocketChannelImpl.read(SocketChannelImpl.java:493)
	at bg.sofia.uni.fmi.mjt.uno.server.ClientHandler.readMessageFromClient(ClientHandler.java:55)
	at bg.sofia.uni.fmi.mjt.uno.server.ClientHandler.run(ClientHandler.java:30)
	at java.base/java.lang.Thread.run(Thread.java:1575)
===================================================
Timestamp: 2025-01-29T12:26:57.019632300
Client Info: Username: krisi, Address: /127.0.0.1:59883
Log Level: ERROR
Message: Error occurred while handling client: Username: krisi, Address: /127.0.0.1:59883
Stacktrace:
java.net.SocketException: Connection reset
	at java.base/sun.nio.ch.SocketChannelImpl.throwConnectionReset(SocketChannelImpl.java:403)
	at java.base/sun.nio.ch.SocketChannelImpl.implRead(SocketChannelImpl.java:419)
	at java.base/sun.nio.ch.SocketChannelImpl.read(SocketChannelImpl.java:493)
	at bg.sofia.uni.fmi.mjt.uno.server.ClientHandler.readMessageFromClient(ClientHandler.java:55)
	at bg.sofia.uni.fmi.mjt.uno.server.ClientHandler.run(ClientHandler.java:30)
	at java.base/java.lang.Thread.run(Thread.java:1575)
===================================================
Timestamp: 2025-01-29T12:26:57.031413800
Client Info: Username: krisi, Address: /127.0.0.1:59883
Log Level: ERROR
Message: Error occurred while handling client: Username: krisi, Address: /127.0.0.1:59883
Stacktrace:
java.net.SocketException: Connection reset
	at java.base/sun.nio.ch.SocketChannelImpl.throwConnectionReset(SocketChannelImpl.java:403)
	at java.base/sun.nio.ch.SocketChannelImpl.implRead(SocketChannelImpl.java:419)
	at java.base/sun.nio.ch.SocketChannelImpl.read(SocketChannelImpl.java:493)
	at bg.sofia.uni.fmi.mjt.uno.server.ClientHandler.readMessageFromClient(ClientHandler.java:55)
	at bg.sofia.uni.fmi.mjt.uno.server.ClientHandler.run(ClientHandler.java:30)
	at java.base/java.lang.Thread.run(Thread.java:1575)
===================================================
Timestamp: 2025-01-29T12:26:57.060789300
Client Info: Username: krisi, Address: /127.0.0.1:59883
Log Level: ERROR
Message: Error occurred while handling client: Username: krisi, Address: /127.0.0.1:59883
Stacktrace:
java.net.SocketException: Connection reset
	at java.base/sun.nio.ch.SocketChannelImpl.throwConnectionReset(SocketChannelImpl.java:403)
	at java.base/sun.nio.ch.SocketChannelImpl.implRead(SocketChannelImpl.java:419)
	at java.base/sun.nio.ch.SocketChannelImpl.read(SocketChannelImpl.java:493)
	at bg.sofia.uni.fmi.mjt.uno.server.ClientHandler.readMessageFromClient(ClientHandler.java:55)
	at bg.sofia.uni.fmi.mjt.uno.server.ClientHandler.run(ClientHandler.java:30)
	at java.base/java.lang.Thread.run(Thread.java:1575)
===================================================
Timestamp: 2025-01-29T12:26:56.960774600
Client Info: Username: krisi, Address: /127.0.0.1:59883
Log Level: ERROR
Message: Error occurred while handling client: Username: krisi, Address: /127.0.0.1:59883
Stacktrace:
java.net.SocketException: Connection reset
	at java.base/sun.nio.ch.SocketChannelImpl.throwConnectionReset(SocketChannelImpl.java:403)
	at java.base/sun.nio.ch.SocketChannelImpl.implRead(SocketChannelImpl.java:419)
	at java.base/sun.nio.ch.SocketChannelImpl.read(SocketChannelImpl.java:493)
	at bg.sofia.uni.fmi.mjt.uno.server.ClientHandler.readMessageFromClient(ClientHandler.java:55)
	at bg.sofia.uni.fmi.mjt.uno.server.ClientHandler.run(ClientHandler.java:30)
	at java.base/java.lang.Thread.run(Thread.java:1575)
===================================================
Timestamp: 2025-01-29T12:26:56.953774800
Client Info: Username: krisi, Address: /127.0.0.1:59883
Log Level: ERROR
Message: Error occurred while handling client: Username: krisi, Address: /127.0.0.1:59883
Stacktrace:
java.net.SocketException: Connection reset
	at java.base/sun.nio.ch.SocketChannelImpl.throwConnectionReset(SocketChannelImpl.java:403)
	at java.base/sun.nio.ch.SocketChannelImpl.implRead(SocketChannelImpl.java:419)
	at java.base/sun.nio.ch.SocketChannelImpl.read(SocketChannelImpl.java:493)
	at bg.sofia.uni.fmi.mjt.uno.server.ClientHandler.readMessageFromClient(ClientHandler.java:55)
	at bg.sofia.uni.fmi.mjt.uno.server.ClientHandler.run(ClientHandler.java:30)
	at java.base/java.lang.Thread.run(Thread.java:1575)
===================================================
Timestamp: 2025-01-29T12:26:57.019632300
Client Info: Username: krisi, Address: /127.0.0.1:59883
Log Level: ERROR
Message: Error occurred while handling client: Username: krisi, Address: /127.0.0.1:59883
Stacktrace:
java.net.SocketException: Connection reset
	at java.base/sun.nio.ch.SocketChannelImpl.throwConnectionReset(SocketChannelImpl.java:403)
	at java.base/sun.nio.ch.SocketChannelImpl.implRead(SocketChannelImpl.java:419)
	at java.base/sun.nio.ch.SocketChannelImpl.read(SocketChannelImpl.java:493)
	at bg.sofia.uni.fmi.mjt.uno.server.ClientHandler.readMessageFromClient(ClientHandler.java:55)
	at bg.sofia.uni.fmi.mjt.uno.server.ClientHandler.run(ClientHandler.java:30)
	at java.base/java.lang.Thread.run(Thread.java:1575)
===================================================
Timestamp: 2025-01-29T12:26:57.040932800
Client Info: Username: krisi, Address: /127.0.0.1:59883
Log Level: ERROR
Message: Error occurred while handling client: Username: krisi, Address: /127.0.0.1:59883
Stacktrace:
java.net.SocketException: Connection reset
	at java.base/sun.nio.ch.SocketChannelImpl.throwConnectionReset(SocketChannelImpl.java:403)
	at java.base/sun.nio.ch.SocketChannelImpl.implRead(SocketChannelImpl.java:419)
	at java.base/sun.nio.ch.SocketChannelImpl.read(SocketChannelImpl.java:493)
	at bg.sofia.uni.fmi.mjt.uno.server.ClientHandler.readMessageFromClient(ClientHandler.java:55)
	at bg.sofia.uni.fmi.mjt.uno.server.ClientHandler.run(ClientHandler.java:30)
	at java.base/java.lang.Thread.run(Thread.java:1575)
===================================================
Timestamp: 2025-01-29T12:26:57.038932400
Client Info: Username: krisi, Address: /127.0.0.1:59883
Log Level: ERROR
Message: Error occurred while handling client: Username: krisi, Address: /127.0.0.1:59883
Stacktrace:
java.net.SocketException: Connection reset
	at java.base/sun.nio.ch.SocketChannelImpl.throwConnectionReset(SocketChannelImpl.java:403)
	at java.base/sun.nio.ch.SocketChannelImpl.implRead(SocketChannelImpl.java:419)
	at java.base/sun.nio.ch.SocketChannelImpl.read(SocketChannelImpl.java:493)
	at bg.sofia.uni.fmi.mjt.uno.server.ClientHandler.readMessageFromClient(ClientHandler.java:55)
	at bg.sofia.uni.fmi.mjt.uno.server.ClientHandler.run(ClientHandler.java:30)
	at java.base/java.lang.Thread.run(Thread.java:1575)
===================================================
Timestamp: 2025-01-29T12:26:57.059789700
Client Info: Username: krisi, Address: /127.0.0.1:59883
Log Level: ERROR
Message: Error occurred while handling client: Username: krisi, Address: /127.0.0.1:59883
Stacktrace:
java.net.SocketException: Connection reset
	at java.base/sun.nio.ch.SocketChannelImpl.throwConnectionReset(SocketChannelImpl.java:403)
	at java.base/sun.nio.ch.SocketChannelImpl.implRead(SocketChannelImpl.java:419)
	at java.base/sun.nio.ch.SocketChannelImpl.read(SocketChannelImpl.java:493)
	at bg.sofia.uni.fmi.mjt.uno.server.ClientHandler.readMessageFromClient(ClientHandler.java:55)
	at bg.sofia.uni.fmi.mjt.uno.server.ClientHandler.run(ClientHandler.java:30)
	at java.base/java.lang.Thread.run(Thread.java:1575)
===================================================
Timestamp: 2025-01-29T12:26:57.059789700
Client Info: Username: krisi, Address: /127.0.0.1:59883
Log Level: ERROR
Message: Error occurred while handling client: Username: krisi, Address: /127.0.0.1:59883
Stacktrace:
java.net.SocketException: Connection reset
	at java.base/sun.nio.ch.SocketChannelImpl.throwConnectionReset(SocketChannelImpl.java:403)
	at java.base/sun.nio.ch.SocketChannelImpl.implRead(SocketChannelImpl.java:419)
	at java.base/sun.nio.ch.SocketChannelImpl.read(SocketChannelImpl.java:493)
	at bg.sofia.uni.fmi.mjt.uno.server.ClientHandler.readMessageFromClient(ClientHandler.java:55)
	at bg.sofia.uni.fmi.mjt.uno.server.ClientHandler.run(ClientHandler.java:30)
	at java.base/java.lang.Thread.run(Thread.java:1575)
===================================================
Timestamp: 2025-01-29T12:26:56.968775900
Client Info: Username: krisi, Address: /127.0.0.1:59883
Log Level: ERROR
Message: Error occurred while handling client: Username: krisi, Address: /127.0.0.1:59883
Stacktrace:
java.net.SocketException: Connection reset
	at java.base/sun.nio.ch.SocketChannelImpl.throwConnectionReset(SocketChannelImpl.java:403)
	at java.base/sun.nio.ch.SocketChannelImpl.implRead(SocketChannelImpl.java:419)
	at java.base/sun.nio.ch.SocketChannelImpl.read(SocketChannelImpl.java:493)
	at bg.sofia.uni.fmi.mjt.uno.server.ClientHandler.readMessageFromClient(ClientHandler.java:55)
	at bg.sofia.uni.fmi.mjt.uno.server.ClientHandler.run(ClientHandler.java:30)
	at java.base/java.lang.Thread.run(Thread.java:1575)
===================================================
Timestamp: 2025-01-29T12:26:57.073670900
Client Info: Username: krisi, Address: /127.0.0.1:59883
Log Level: ERROR
Message: Error occurred while handling client: Username: krisi, Address: /127.0.0.1:59883
Stacktrace:
java.net.SocketException: Connection reset
	at java.base/sun.nio.ch.SocketChannelImpl.throwConnectionReset(SocketChannelImpl.java:403)
	at java.base/sun.nio.ch.SocketChannelImpl.implRead(SocketChannelImpl.java:419)
	at java.base/sun.nio.ch.SocketChannelImpl.read(SocketChannelImpl.java:493)
	at bg.sofia.uni.fmi.mjt.uno.server.ClientHandler.readMessageFromClient(ClientHandler.java:55)
	at bg.sofia.uni.fmi.mjt.uno.server.ClientHandler.run(ClientHandler.java:30)
	at java.base/java.lang.Thread.run(Thread.java:1575)
===================================================
Timestamp: 2025-01-29T12:26:57.068250200
Client Info: Username: krisi, Address: /127.0.0.1:59883
Log Level: ERROR
Message: Error occurred while handling client: Username: krisi, Address: /127.0.0.1:59883
Stacktrace:
java.net.SocketException: Connection reset
	at java.base/sun.nio.ch.SocketChannelImpl.throwConnectionReset(SocketChannelImpl.java:403)
	at java.base/sun.nio.ch.SocketChannelImpl.implRead(SocketChannelImpl.java:419)
	at java.base/sun.nio.ch.SocketChannelImpl.read(SocketChannelImpl.java:493)
	at bg.sofia.uni.fmi.mjt.uno.server.ClientHandler.readMessageFromClient(ClientHandler.java:55)
	at bg.sofia.uni.fmi.mjt.uno.server.ClientHandler.run(ClientHandler.java:30)
	at java.base/java.lang.Thread.run(Thread.java:1575)
===================================================
Timestamp: 2025-01-29T12:26:57.031413800
Client Info: Username: krisi, Address: /127.0.0.1:59883
Log Level: ERROR
Message: Error occurred while handling client: Username: krisi, Address: /127.0.0.1:59883
Stacktrace:
java.net.SocketException: Connection reset
	at java.base/sun.nio.ch.SocketChannelImpl.throwConnectionReset(SocketChannelImpl.java:403)
	at java.base/sun.nio.ch.SocketChannelImpl.implRead(SocketChannelImpl.java:419)
	at java.base/sun.nio.ch.SocketChannelImpl.read(SocketChannelImpl.java:493)
	at bg.sofia.uni.fmi.mjt.uno.server.ClientHandler.readMessageFromClient(ClientHandler.java:55)
	at bg.sofia.uni.fmi.mjt.uno.server.ClientHandler.run(ClientHandler.java:30)
	at java.base/java.lang.Thread.run(Thread.java:1575)
===================================================
Timestamp: 2025-01-29T12:26:57.094993200
Client Info: Unknown (error retrieving client info)
Log Level: ERROR
Message: Error occurred while handling client: Unknown (error retrieving client info)
Stacktrace:
java.nio.channels.ClosedChannelException
	at java.base/sun.nio.ch.SocketChannelImpl.ensureOpenAndConnected(SocketChannelImpl.java:224)
	at java.base/sun.nio.ch.SocketChannelImpl.implRead(SocketChannelImpl.java:411)
	at java.base/sun.nio.ch.SocketChannelImpl.read(SocketChannelImpl.java:493)
	at bg.sofia.uni.fmi.mjt.uno.server.ClientHandler.readMessageFromClient(ClientHandler.java:55)
	at bg.sofia.uni.fmi.mjt.uno.server.ClientHandler.run(ClientHandler.java:30)
	at java.base/java.lang.Thread.run(Thread.java:1575)
===================================================
Timestamp: 2025-01-29T12:26:57.094993200
Client Info: Unknown (error retrieving client info)
Log Level: ERROR
Message: Error occurred while handling client: Unknown (error retrieving client info)
Stacktrace:
java.nio.channels.ClosedChannelException
	at java.base/sun.nio.ch.SocketChannelImpl.ensureOpenAndConnected(SocketChannelImpl.java:224)
	at java.base/sun.nio.ch.SocketChannelImpl.implRead(SocketChannelImpl.java:411)
	at java.base/sun.nio.ch.SocketChannelImpl.read(SocketChannelImpl.java:493)
	at bg.sofia.uni.fmi.mjt.uno.server.ClientHandler.readMessageFromClient(ClientHandler.java:55)
	at bg.sofia.uni.fmi.mjt.uno.server.ClientHandler.run(ClientHandler.java:30)
	at java.base/java.lang.Thread.run(Thread.java:1575)
===================================================
Timestamp: 2025-01-29T12:26:57.094993200
Client Info: Unknown (error retrieving client info)
Log Level: ERROR
Message: Error occurred while handling client: Unknown (error retrieving client info)
Stacktrace:
java.nio.channels.ClosedChannelException
	at java.base/sun.nio.ch.SocketChannelImpl.ensureOpenAndConnected(SocketChannelImpl.java:224)
	at java.base/sun.nio.ch.SocketChannelImpl.implRead(SocketChannelImpl.java:411)
	at java.base/sun.nio.ch.SocketChannelImpl.read(SocketChannelImpl.java:493)
	at bg.sofia.uni.fmi.mjt.uno.server.ClientHandler.readMessageFromClient(ClientHandler.java:55)
	at bg.sofia.uni.fmi.mjt.uno.server.ClientHandler.run(ClientHandler.java:30)
	at java.base/java.lang.Thread.run(Thread.java:1575)
===================================================
Timestamp: 2025-01-29T12:26:57.094993200
Client Info: Unknown (error retrieving client info)
Log Level: ERROR
Message: Error occurred while handling client: Unknown (error retrieving client info)
Stacktrace:
java.nio.channels.ClosedChannelException
	at java.base/sun.nio.ch.SocketChannelImpl.ensureOpenAndConnected(SocketChannelImpl.java:224)
	at java.base/sun.nio.ch.SocketChannelImpl.implRead(SocketChannelImpl.java:411)
	at java.base/sun.nio.ch.SocketChannelImpl.read(SocketChannelImpl.java:493)
	at bg.sofia.uni.fmi.mjt.uno.server.ClientHandler.readMessageFromClient(ClientHandler.java:55)
	at bg.sofia.uni.fmi.mjt.uno.server.ClientHandler.run(ClientHandler.java:30)
	at java.base/java.lang.Thread.run(Thread.java:1575)
===================================================
Timestamp: 2025-01-29T12:26:57.094993200
Client Info: Unknown (error retrieving client info)
Log Level: ERROR
Message: Error occurred while handling client: Unknown (error retrieving client info)
Stacktrace:
java.nio.channels.ClosedChannelException
	at java.base/sun.nio.ch.SocketChannelImpl.ensureOpenAndConnected(SocketChannelImpl.java:224)
	at java.base/sun.nio.ch.SocketChannelImpl.implRead(SocketChannelImpl.java:411)
	at java.base/sun.nio.ch.SocketChannelImpl.read(SocketChannelImpl.java:493)
	at bg.sofia.uni.fmi.mjt.uno.server.ClientHandler.readMessageFromClient(ClientHandler.java:55)
	at bg.sofia.uni.fmi.mjt.uno.server.ClientHandler.run(ClientHandler.java:30)
	at java.base/java.lang.Thread.run(Thread.java:1575)
===================================================
Timestamp: 2025-01-29T12:26:57.019632300
Client Info: Username: krisi, Address: /127.0.0.1:59883
Log Level: ERROR
Message: Error occurred while handling client: Username: krisi, Address: /127.0.0.1:59883
Stacktrace:
java.net.SocketException: Connection reset
	at java.base/sun.nio.ch.SocketChannelImpl.throwConnectionReset(SocketChannelImpl.java:403)
	at java.base/sun.nio.ch.SocketChannelImpl.implRead(SocketChannelImpl.java:419)
	at java.base/sun.nio.ch.SocketChannelImpl.read(SocketChannelImpl.java:493)
	at bg.sofia.uni.fmi.mjt.uno.server.ClientHandler.readMessageFromClient(ClientHandler.java:55)
	at bg.sofia.uni.fmi.mjt.uno.server.ClientHandler.run(ClientHandler.java:30)
	at java.base/java.lang.Thread.run(Thread.java:1575)
===================================================
Timestamp: 2025-01-29T12:26:57.034414800
Client Info: Username: krisi, Address: /127.0.0.1:59883
Log Level: ERROR
Message: Error occurred while handling client: Username: krisi, Address: /127.0.0.1:59883
Stacktrace:
java.net.SocketException: Connection reset
	at java.base/sun.nio.ch.SocketChannelImpl.throwConnectionReset(SocketChannelImpl.java:403)
	at java.base/sun.nio.ch.SocketChannelImpl.implRead(SocketChannelImpl.java:419)
	at java.base/sun.nio.ch.SocketChannelImpl.read(SocketChannelImpl.java:493)
	at bg.sofia.uni.fmi.mjt.uno.server.ClientHandler.readMessageFromClient(ClientHandler.java:55)
	at bg.sofia.uni.fmi.mjt.uno.server.ClientHandler.run(ClientHandler.java:30)
	at java.base/java.lang.Thread.run(Thread.java:1575)
===================================================
Timestamp: 2025-01-29T12:26:57.094993200
Client Info: Unknown (error retrieving client info)
Log Level: ERROR
Message: Error occurred while handling client: Unknown (error retrieving client info)
Stacktrace:
java.nio.channels.ClosedChannelException
	at java.base/sun.nio.ch.SocketChannelImpl.ensureOpenAndConnected(SocketChannelImpl.java:224)
	at java.base/sun.nio.ch.SocketChannelImpl.implRead(SocketChannelImpl.java:411)
	at java.base/sun.nio.ch.SocketChannelImpl.read(SocketChannelImpl.java:493)
	at bg.sofia.uni.fmi.mjt.uno.server.ClientHandler.readMessageFromClient(ClientHandler.java:55)
	at bg.sofia.uni.fmi.mjt.uno.server.ClientHandler.run(ClientHandler.java:30)
	at java.base/java.lang.Thread.run(Thread.java:1575)
===================================================
Timestamp: 2025-01-29T12:26:57.079125500
Client Info: Username: krisi, Address: /127.0.0.1:59883
Log Level: ERROR
Message: Error occurred while handling client: Username: krisi, Address: /127.0.0.1:59883
Stacktrace:
java.net.SocketException: Connection reset
	at java.base/sun.nio.ch.SocketChannelImpl.throwConnectionReset(SocketChannelImpl.java:403)
	at java.base/sun.nio.ch.SocketChannelImpl.implRead(SocketChannelImpl.java:419)
	at java.base/sun.nio.ch.SocketChannelImpl.read(SocketChannelImpl.java:493)
	at bg.sofia.uni.fmi.mjt.uno.server.ClientHandler.readMessageFromClient(ClientHandler.java:55)
	at bg.sofia.uni.fmi.mjt.uno.server.ClientHandler.run(ClientHandler.java:30)
	at java.base/java.lang.Thread.run(Thread.java:1575)
===================================================
Timestamp: 2025-01-29T12:26:57.070560900
Client Info: Username: krisi, Address: /127.0.0.1:59883
Log Level: ERROR
Message: Error occurred while handling client: Username: krisi, Address: /127.0.0.1:59883
Stacktrace:
java.net.SocketException: Connection reset
	at java.base/sun.nio.ch.SocketChannelImpl.throwConnectionReset(SocketChannelImpl.java:403)
	at java.base/sun.nio.ch.SocketChannelImpl.implRead(SocketChannelImpl.java:419)
	at java.base/sun.nio.ch.SocketChannelImpl.read(SocketChannelImpl.java:493)
	at bg.sofia.uni.fmi.mjt.uno.server.ClientHandler.readMessageFromClient(ClientHandler.java:55)
	at bg.sofia.uni.fmi.mjt.uno.server.ClientHandler.run(ClientHandler.java:30)
	at java.base/java.lang.Thread.run(Thread.java:1575)
===================================================
Timestamp: 2025-01-29T12:26:57.019632300
Client Info: Username: krisi, Address: /127.0.0.1:59883
Log Level: ERROR
Message: Error occurred while handling client: Username: krisi, Address: /127.0.0.1:59883
Stacktrace:
java.net.SocketException: Connection reset
	at java.base/sun.nio.ch.SocketChannelImpl.throwConnectionReset(SocketChannelImpl.java:403)
	at java.base/sun.nio.ch.SocketChannelImpl.implRead(SocketChannelImpl.java:419)
	at java.base/sun.nio.ch.SocketChannelImpl.read(SocketChannelImpl.java:493)
	at bg.sofia.uni.fmi.mjt.uno.server.ClientHandler.readMessageFromClient(ClientHandler.java:55)
	at bg.sofia.uni.fmi.mjt.uno.server.ClientHandler.run(ClientHandler.java:30)
	at java.base/java.lang.Thread.run(Thread.java:1575)
===================================================
Timestamp: 2025-01-29T12:26:56.973776100
Client Info: Username: krisi, Address: /127.0.0.1:59883
Log Level: ERROR
Message: Error occurred while handling client: Username: krisi, Address: /127.0.0.1:59883
Stacktrace:
java.net.SocketException: Connection reset
	at java.base/sun.nio.ch.SocketChannelImpl.throwConnectionReset(SocketChannelImpl.java:403)
	at java.base/sun.nio.ch.SocketChannelImpl.implRead(SocketChannelImpl.java:419)
	at java.base/sun.nio.ch.SocketChannelImpl.read(SocketChannelImpl.java:493)
	at bg.sofia.uni.fmi.mjt.uno.server.ClientHandler.readMessageFromClient(ClientHandler.java:55)
	at bg.sofia.uni.fmi.mjt.uno.server.ClientHandler.run(ClientHandler.java:30)
	at java.base/java.lang.Thread.run(Thread.java:1575)
===================================================
Timestamp: 2025-01-29T12:26:56.965776100
Client Info: Username: krisi, Address: /127.0.0.1:59883
Log Level: ERROR
Message: Error occurred while handling client: Username: krisi, Address: /127.0.0.1:59883
Stacktrace:
java.net.SocketException: Connection reset
	at java.base/sun.nio.ch.SocketChannelImpl.throwConnectionReset(SocketChannelImpl.java:403)
	at java.base/sun.nio.ch.SocketChannelImpl.implRead(SocketChannelImpl.java:419)
	at java.base/sun.nio.ch.SocketChannelImpl.read(SocketChannelImpl.java:493)
	at bg.sofia.uni.fmi.mjt.uno.server.ClientHandler.readMessageFromClient(ClientHandler.java:55)
	at bg.sofia.uni.fmi.mjt.uno.server.ClientHandler.run(ClientHandler.java:30)
	at java.base/java.lang.Thread.run(Thread.java:1575)
===================================================
Timestamp: 2025-01-29T12:26:57.035414900
Client Info: Username: krisi, Address: /127.0.0.1:59883
Log Level: ERROR
Message: Error occurred while handling client: Username: krisi, Address: /127.0.0.1:59883
Stacktrace:
java.net.SocketException: Connection reset
	at java.base/sun.nio.ch.SocketChannelImpl.throwConnectionReset(SocketChannelImpl.java:403)
	at java.base/sun.nio.ch.SocketChannelImpl.implRead(SocketChannelImpl.java:419)
	at java.base/sun.nio.ch.SocketChannelImpl.read(SocketChannelImpl.java:493)
	at bg.sofia.uni.fmi.mjt.uno.server.ClientHandler.readMessageFromClient(ClientHandler.java:55)
	at bg.sofia.uni.fmi.mjt.uno.server.ClientHandler.run(ClientHandler.java:30)
	at java.base/java.lang.Thread.run(Thread.java:1575)
===================================================
Timestamp: 2025-01-29T12:26:57.067253400
Client Info: Username: krisi, Address: /127.0.0.1:59883
Log Level: ERROR
Message: Error occurred while handling client: Username: krisi, Address: /127.0.0.1:59883
Stacktrace:
java.net.SocketException: Connection reset
	at java.base/sun.nio.ch.SocketChannelImpl.throwConnectionReset(SocketChannelImpl.java:403)
	at java.base/sun.nio.ch.SocketChannelImpl.implRead(SocketChannelImpl.java:419)
	at java.base/sun.nio.ch.SocketChannelImpl.read(SocketChannelImpl.java:493)
	at bg.sofia.uni.fmi.mjt.uno.server.ClientHandler.readMessageFromClient(ClientHandler.java:55)
	at bg.sofia.uni.fmi.mjt.uno.server.ClientHandler.run(ClientHandler.java:30)
	at java.base/java.lang.Thread.run(Thread.java:1575)
===================================================
Timestamp: 2025-01-29T12:26:57.057588500
Client Info: Username: krisi, Address: /127.0.0.1:59883
Log Level: ERROR
Message: Error occurred while handling client: Username: krisi, Address: /127.0.0.1:59883
Stacktrace:
java.net.SocketException: Connection reset
	at java.base/sun.nio.ch.SocketChannelImpl.throwConnectionReset(SocketChannelImpl.java:403)
	at java.base/sun.nio.ch.SocketChannelImpl.implRead(SocketChannelImpl.java:419)
	at java.base/sun.nio.ch.SocketChannelImpl.read(SocketChannelImpl.java:493)
	at bg.sofia.uni.fmi.mjt.uno.server.ClientHandler.readMessageFromClient(ClientHandler.java:55)
	at bg.sofia.uni.fmi.mjt.uno.server.ClientHandler.run(ClientHandler.java:30)
	at java.base/java.lang.Thread.run(Thread.java:1575)
===================================================
Timestamp: 2025-01-29T12:26:57.019632300
Client Info: Username: krisi, Address: /127.0.0.1:59883
Log Level: ERROR
Message: Error occurred while handling client: Username: krisi, Address: /127.0.0.1:59883
Stacktrace:
java.net.SocketException: Connection reset
	at java.base/sun.nio.ch.SocketChannelImpl.throwConnectionReset(SocketChannelImpl.java:403)
	at java.base/sun.nio.ch.SocketChannelImpl.implRead(SocketChannelImpl.java:419)
	at java.base/sun.nio.ch.SocketChannelImpl.read(SocketChannelImpl.java:493)
	at bg.sofia.uni.fmi.mjt.uno.server.ClientHandler.readMessageFromClient(ClientHandler.java:55)
	at bg.sofia.uni.fmi.mjt.uno.server.ClientHandler.run(ClientHandler.java:30)
	at java.base/java.lang.Thread.run(Thread.java:1575)
===================================================
Timestamp: 2025-01-29T12:26:57.032416
Client Info: Username: krisi, Address: /127.0.0.1:59883
Log Level: ERROR
Message: Error occurred while handling client: Username: krisi, Address: /127.0.0.1:59883
Stacktrace:
java.net.SocketException: Connection reset
	at java.base/sun.nio.ch.SocketChannelImpl.throwConnectionReset(SocketChannelImpl.java:403)
	at java.base/sun.nio.ch.SocketChannelImpl.implRead(SocketChannelImpl.java:419)
	at java.base/sun.nio.ch.SocketChannelImpl.read(SocketChannelImpl.java:493)
	at bg.sofia.uni.fmi.mjt.uno.server.ClientHandler.readMessageFromClient(ClientHandler.java:55)
	at bg.sofia.uni.fmi.mjt.uno.server.ClientHandler.run(ClientHandler.java:30)
	at java.base/java.lang.Thread.run(Thread.java:1575)
===================================================
Timestamp: 2025-01-29T12:26:56.965776100
Client Info: Username: krisi, Address: /127.0.0.1:59883
Log Level: ERROR
Message: Error occurred while handling client: Username: krisi, Address: /127.0.0.1:59883
Stacktrace:
java.net.SocketException: Connection reset
	at java.base/sun.nio.ch.SocketChannelImpl.throwConnectionReset(SocketChannelImpl.java:403)
	at java.base/sun.nio.ch.SocketChannelImpl.implRead(SocketChannelImpl.java:419)
	at java.base/sun.nio.ch.SocketChannelImpl.read(SocketChannelImpl.java:493)
	at bg.sofia.uni.fmi.mjt.uno.server.ClientHandler.readMessageFromClient(ClientHandler.java:55)
	at bg.sofia.uni.fmi.mjt.uno.server.ClientHandler.run(ClientHandler.java:30)
	at java.base/java.lang.Thread.run(Thread.java:1575)
===================================================
Timestamp: 2025-01-29T12:26:57.019632300
Client Info: Username: krisi, Address: /127.0.0.1:59883
Log Level: ERROR
Message: Error occurred while handling client: Username: krisi, Address: /127.0.0.1:59883
Stacktrace:
java.net.SocketException: Connection reset
	at java.base/sun.nio.ch.SocketChannelImpl.throwConnectionReset(SocketChannelImpl.java:403)
	at java.base/sun.nio.ch.SocketChannelImpl.implRead(SocketChannelImpl.java:419)
	at java.base/sun.nio.ch.SocketChannelImpl.read(SocketChannelImpl.java:493)
	at bg.sofia.uni.fmi.mjt.uno.server.ClientHandler.readMessageFromClient(ClientHandler.java:55)
	at bg.sofia.uni.fmi.mjt.uno.server.ClientHandler.run(ClientHandler.java:30)
	at java.base/java.lang.Thread.run(Thread.java:1575)
===================================================
Timestamp: 2025-01-29T12:26:57.035414900
Client Info: Username: krisi, Address: /127.0.0.1:59883
Log Level: ERROR
Message: Error occurred while handling client: Username: krisi, Address: /127.0.0.1:59883
Stacktrace:
java.net.SocketException: Connection reset
	at java.base/sun.nio.ch.SocketChannelImpl.throwConnectionReset(SocketChannelImpl.java:403)
	at java.base/sun.nio.ch.SocketChannelImpl.implRead(SocketChannelImpl.java:419)
	at java.base/sun.nio.ch.SocketChannelImpl.read(SocketChannelImpl.java:493)
	at bg.sofia.uni.fmi.mjt.uno.server.ClientHandler.readMessageFromClient(ClientHandler.java:55)
	at bg.sofia.uni.fmi.mjt.uno.server.ClientHandler.run(ClientHandler.java:30)
	at java.base/java.lang.Thread.run(Thread.java:1575)
===================================================
Timestamp: 2025-01-29T12:26:57.034414800
Client Info: Username: krisi, Address: /127.0.0.1:59883
Log Level: ERROR
Message: Error occurred while handling client: Username: krisi, Address: /127.0.0.1:59883
Stacktrace:
java.net.SocketException: Connection reset
	at java.base/sun.nio.ch.SocketChannelImpl.throwConnectionReset(SocketChannelImpl.java:403)
	at java.base/sun.nio.ch.SocketChannelImpl.implRead(SocketChannelImpl.java:419)
	at java.base/sun.nio.ch.SocketChannelImpl.read(SocketChannelImpl.java:493)
	at bg.sofia.uni.fmi.mjt.uno.server.ClientHandler.readMessageFromClient(ClientHandler.java:55)
	at bg.sofia.uni.fmi.mjt.uno.server.ClientHandler.run(ClientHandler.java:30)
	at java.base/java.lang.Thread.run(Thread.java:1575)
===================================================
Timestamp: 2025-01-29T12:26:57.041932400
Client Info: Username: krisi, Address: /127.0.0.1:59883
Log Level: ERROR
Message: Error occurred while handling client: Username: krisi, Address: /127.0.0.1:59883
Stacktrace:
java.net.SocketException: Connection reset
	at java.base/sun.nio.ch.SocketChannelImpl.throwConnectionReset(SocketChannelImpl.java:403)
	at java.base/sun.nio.ch.SocketChannelImpl.implRead(SocketChannelImpl.java:419)
	at java.base/sun.nio.ch.SocketChannelImpl.read(SocketChannelImpl.java:493)
	at bg.sofia.uni.fmi.mjt.uno.server.ClientHandler.readMessageFromClient(ClientHandler.java:55)
	at bg.sofia.uni.fmi.mjt.uno.server.ClientHandler.run(ClientHandler.java:30)
	at java.base/java.lang.Thread.run(Thread.java:1575)
===================================================
Timestamp: 2025-01-29T12:26:57.030416100
Client Info: Username: krisi, Address: /127.0.0.1:59883
Log Level: ERROR
Message: Error occurred while handling client: Username: krisi, Address: /127.0.0.1:59883
Stacktrace:
java.net.SocketException: Connection reset
	at java.base/sun.nio.ch.SocketChannelImpl.throwConnectionReset(SocketChannelImpl.java:403)
	at java.base/sun.nio.ch.SocketChannelImpl.implRead(SocketChannelImpl.java:419)
	at java.base/sun.nio.ch.SocketChannelImpl.read(SocketChannelImpl.java:493)
	at bg.sofia.uni.fmi.mjt.uno.server.ClientHandler.readMessageFromClient(ClientHandler.java:55)
	at bg.sofia.uni.fmi.mjt.uno.server.ClientHandler.run(ClientHandler.java:30)
	at java.base/java.lang.Thread.run(Thread.java:1575)
===================================================
Timestamp: 2025-01-29T12:26:57.034414800
Client Info: Username: krisi, Address: /127.0.0.1:59883
Log Level: ERROR
Message: Error occurred while handling client: Username: krisi, Address: /127.0.0.1:59883
Stacktrace:
java.net.SocketException: Connection reset
	at java.base/sun.nio.ch.SocketChannelImpl.throwConnectionReset(SocketChannelImpl.java:403)
	at java.base/sun.nio.ch.SocketChannelImpl.implRead(SocketChannelImpl.java:419)
	at java.base/sun.nio.ch.SocketChannelImpl.read(SocketChannelImpl.java:493)
	at bg.sofia.uni.fmi.mjt.uno.server.ClientHandler.readMessageFromClient(ClientHandler.java:55)
	at bg.sofia.uni.fmi.mjt.uno.server.ClientHandler.run(ClientHandler.java:30)
	at java.base/java.lang.Thread.run(Thread.java:1575)
===================================================
Timestamp: 2025-01-29T12:26:56.960774600
Client Info: Username: krisi, Address: /127.0.0.1:59883
Log Level: ERROR
Message: Error occurred while handling client: Username: krisi, Address: /127.0.0.1:59883
Stacktrace:
java.net.SocketException: Connection reset
	at java.base/sun.nio.ch.SocketChannelImpl.throwConnectionReset(SocketChannelImpl.java:403)
	at java.base/sun.nio.ch.SocketChannelImpl.implRead(SocketChannelImpl.java:419)
	at java.base/sun.nio.ch.SocketChannelImpl.read(SocketChannelImpl.java:493)
	at bg.sofia.uni.fmi.mjt.uno.server.ClientHandler.readMessageFromClient(ClientHandler.java:55)
	at bg.sofia.uni.fmi.mjt.uno.server.ClientHandler.run(ClientHandler.java:30)
	at java.base/java.lang.Thread.run(Thread.java:1575)
===================================================
Timestamp: 2025-01-29T12:26:57.041932400
Client Info: Username: krisi, Address: /127.0.0.1:59883
Log Level: ERROR
Message: Error occurred while handling client: Username: krisi, Address: /127.0.0.1:59883
Stacktrace:
java.net.SocketException: Connection reset
	at java.base/sun.nio.ch.SocketChannelImpl.throwConnectionReset(SocketChannelImpl.java:403)
	at java.base/sun.nio.ch.SocketChannelImpl.implRead(SocketChannelImpl.java:419)
	at java.base/sun.nio.ch.SocketChannelImpl.read(SocketChannelImpl.java:493)
	at bg.sofia.uni.fmi.mjt.uno.server.ClientHandler.readMessageFromClient(ClientHandler.java:55)
	at bg.sofia.uni.fmi.mjt.uno.server.ClientHandler.run(ClientHandler.java:30)
	at java.base/java.lang.Thread.run(Thread.java:1575)
===================================================
Timestamp: 2025-01-29T12:26:57.019632300
Client Info: Username: krisi, Address: /127.0.0.1:59883
Log Level: ERROR
Message: Error occurred while handling client: Username: krisi, Address: /127.0.0.1:59883
Stacktrace:
java.net.SocketException: Connection reset
	at java.base/sun.nio.ch.SocketChannelImpl.throwConnectionReset(SocketChannelImpl.java:403)
	at java.base/sun.nio.ch.SocketChannelImpl.implRead(SocketChannelImpl.java:419)
	at java.base/sun.nio.ch.SocketChannelImpl.read(SocketChannelImpl.java:493)
	at bg.sofia.uni.fmi.mjt.uno.server.ClientHandler.readMessageFromClient(ClientHandler.java:55)
	at bg.sofia.uni.fmi.mjt.uno.server.ClientHandler.run(ClientHandler.java:30)
	at java.base/java.lang.Thread.run(Thread.java:1575)
===================================================
Timestamp: 2025-01-29T12:26:57.030416100
Client Info: Username: krisi, Address: /127.0.0.1:59883
Log Level: ERROR
Message: Error occurred while handling client: Username: krisi, Address: /127.0.0.1:59883
Stacktrace:
java.net.SocketException: Connection reset
	at java.base/sun.nio.ch.SocketChannelImpl.throwConnectionReset(SocketChannelImpl.java:403)
	at java.base/sun.nio.ch.SocketChannelImpl.implRead(SocketChannelImpl.java:419)
	at java.base/sun.nio.ch.SocketChannelImpl.read(SocketChannelImpl.java:493)
	at bg.sofia.uni.fmi.mjt.uno.server.ClientHandler.readMessageFromClient(ClientHandler.java:55)
	at bg.sofia.uni.fmi.mjt.uno.server.ClientHandler.run(ClientHandler.java:30)
	at java.base/java.lang.Thread.run(Thread.java:1575)
===================================================
Timestamp: 2025-01-29T12:26:57.035414900
Client Info: Username: krisi, Address: /127.0.0.1:59883
Log Level: ERROR
Message: Error occurred while handling client: Username: krisi, Address: /127.0.0.1:59883
Stacktrace:
java.net.SocketException: Connection reset
	at java.base/sun.nio.ch.SocketChannelImpl.throwConnectionReset(SocketChannelImpl.java:403)
	at java.base/sun.nio.ch.SocketChannelImpl.implRead(SocketChannelImpl.java:419)
	at java.base/sun.nio.ch.SocketChannelImpl.read(SocketChannelImpl.java:493)
	at bg.sofia.uni.fmi.mjt.uno.server.ClientHandler.readMessageFromClient(ClientHandler.java:55)
	at bg.sofia.uni.fmi.mjt.uno.server.ClientHandler.run(ClientHandler.java:30)
	at java.base/java.lang.Thread.run(Thread.java:1575)
===================================================
Timestamp: 2025-01-29T12:26:57.033414200
Client Info: Username: krisi, Address: /127.0.0.1:59883
Log Level: ERROR
Message: Error occurred while handling client: Username: krisi, Address: /127.0.0.1:59883
Stacktrace:
java.net.SocketException: Connection reset
	at java.base/sun.nio.ch.SocketChannelImpl.throwConnectionReset(SocketChannelImpl.java:403)
	at java.base/sun.nio.ch.SocketChannelImpl.implRead(SocketChannelImpl.java:419)
	at java.base/sun.nio.ch.SocketChannelImpl.read(SocketChannelImpl.java:493)
	at bg.sofia.uni.fmi.mjt.uno.server.ClientHandler.readMessageFromClient(ClientHandler.java:55)
	at bg.sofia.uni.fmi.mjt.uno.server.ClientHandler.run(ClientHandler.java:30)
	at java.base/java.lang.Thread.run(Thread.java:1575)
===================================================
Timestamp: 2025-01-29T12:26:57.030416100
Client Info: Username: krisi, Address: /127.0.0.1:59883
Log Level: ERROR
Message: Error occurred while handling client: Username: krisi, Address: /127.0.0.1:59883
Stacktrace:
java.net.SocketException: Connection reset
	at java.base/sun.nio.ch.SocketChannelImpl.throwConnectionReset(SocketChannelImpl.java:403)
	at java.base/sun.nio.ch.SocketChannelImpl.implRead(SocketChannelImpl.java:419)
	at java.base/sun.nio.ch.SocketChannelImpl.read(SocketChannelImpl.java:493)
	at bg.sofia.uni.fmi.mjt.uno.server.ClientHandler.readMessageFromClient(ClientHandler.java:55)
	at bg.sofia.uni.fmi.mjt.uno.server.ClientHandler.run(ClientHandler.java:30)
	at java.base/java.lang.Thread.run(Thread.java:1575)
===================================================
Timestamp: 2025-01-29T12:26:57.034414800
Client Info: Username: krisi, Address: /127.0.0.1:59883
Log Level: ERROR
Message: Error occurred while handling client: Username: krisi, Address: /127.0.0.1:59883
Stacktrace:
java.net.SocketException: Connection reset
	at java.base/sun.nio.ch.SocketChannelImpl.throwConnectionReset(SocketChannelImpl.java:403)
	at java.base/sun.nio.ch.SocketChannelImpl.implRead(SocketChannelImpl.java:419)
	at java.base/sun.nio.ch.SocketChannelImpl.read(SocketChannelImpl.java:493)
	at bg.sofia.uni.fmi.mjt.uno.server.ClientHandler.readMessageFromClient(ClientHandler.java:55)
	at bg.sofia.uni.fmi.mjt.uno.server.ClientHandler.run(ClientHandler.java:30)
	at java.base/java.lang.Thread.run(Thread.java:1575)
===================================================
Timestamp: 2025-01-29T12:26:57.035414900
Client Info: Username: krisi, Address: /127.0.0.1:59883
Log Level: ERROR
Message: Error occurred while handling client: Username: krisi, Address: /127.0.0.1:59883
Stacktrace:
java.net.SocketException: Connection reset
	at java.base/sun.nio.ch.SocketChannelImpl.throwConnectionReset(SocketChannelImpl.java:403)
	at java.base/sun.nio.ch.SocketChannelImpl.implRead(SocketChannelImpl.java:419)
	at java.base/sun.nio.ch.SocketChannelImpl.read(SocketChannelImpl.java:493)
	at bg.sofia.uni.fmi.mjt.uno.server.ClientHandler.readMessageFromClient(ClientHandler.java:55)
	at bg.sofia.uni.fmi.mjt.uno.server.ClientHandler.run(ClientHandler.java:30)
	at java.base/java.lang.Thread.run(Thread.java:1575)
===================================================
Timestamp: 2025-01-29T12:26:57.019632300
Client Info: Username: krisi, Address: /127.0.0.1:59883
Log Level: ERROR
Message: Error occurred while handling client: Username: krisi, Address: /127.0.0.1:59883
Stacktrace:
java.net.SocketException: Connection reset
	at java.base/sun.nio.ch.SocketChannelImpl.throwConnectionReset(SocketChannelImpl.java:403)
	at java.base/sun.nio.ch.SocketChannelImpl.implRead(SocketChannelImpl.java:419)
	at java.base/sun.nio.ch.SocketChannelImpl.read(SocketChannelImpl.java:493)
	at bg.sofia.uni.fmi.mjt.uno.server.ClientHandler.readMessageFromClient(ClientHandler.java:55)
	at bg.sofia.uni.fmi.mjt.uno.server.ClientHandler.run(ClientHandler.java:30)
	at java.base/java.lang.Thread.run(Thread.java:1575)
===================================================
Timestamp: 2025-01-29T12:26:57.020632100
Client Info: Username: krisi, Address: /127.0.0.1:59883
Log Level: ERROR
Message: Error occurred while handling client: Username: krisi, Address: /127.0.0.1:59883
Stacktrace:
java.net.SocketException: Connection reset
	at java.base/sun.nio.ch.SocketChannelImpl.throwConnectionReset(SocketChannelImpl.java:403)
	at java.base/sun.nio.ch.SocketChannelImpl.implRead(SocketChannelImpl.java:419)
	at java.base/sun.nio.ch.SocketChannelImpl.read(SocketChannelImpl.java:493)
	at bg.sofia.uni.fmi.mjt.uno.server.ClientHandler.readMessageFromClient(ClientHandler.java:55)
	at bg.sofia.uni.fmi.mjt.uno.server.ClientHandler.run(ClientHandler.java:30)
	at java.base/java.lang.Thread.run(Thread.java:1575)
===================================================
Timestamp: 2025-01-29T12:26:57.036415300
Client Info: Username: krisi, Address: /127.0.0.1:59883
Log Level: ERROR
Message: Error occurred while handling client: Username: krisi, Address: /127.0.0.1:59883
Stacktrace:
java.net.SocketException: Connection reset
	at java.base/sun.nio.ch.SocketChannelImpl.throwConnectionReset(SocketChannelImpl.java:403)
	at java.base/sun.nio.ch.SocketChannelImpl.implRead(SocketChannelImpl.java:419)
	at java.base/sun.nio.ch.SocketChannelImpl.read(SocketChannelImpl.java:493)
	at bg.sofia.uni.fmi.mjt.uno.server.ClientHandler.readMessageFromClient(ClientHandler.java:55)
	at bg.sofia.uni.fmi.mjt.uno.server.ClientHandler.run(ClientHandler.java:30)
	at java.base/java.lang.Thread.run(Thread.java:1575)
===================================================
Timestamp: 2025-01-29T12:26:57.079125500
Client Info: Username: krisi, Address: /127.0.0.1:59883
Log Level: ERROR
Message: Error occurred while handling client: Username: krisi, Address: /127.0.0.1:59883
Stacktrace:
java.net.SocketException: Connection reset
	at java.base/sun.nio.ch.SocketChannelImpl.throwConnectionReset(SocketChannelImpl.java:403)
	at java.base/sun.nio.ch.SocketChannelImpl.implRead(SocketChannelImpl.java:419)
	at java.base/sun.nio.ch.SocketChannelImpl.read(SocketChannelImpl.java:493)
	at bg.sofia.uni.fmi.mjt.uno.server.ClientHandler.readMessageFromClient(ClientHandler.java:55)
	at bg.sofia.uni.fmi.mjt.uno.server.ClientHandler.run(ClientHandler.java:30)
	at java.base/java.lang.Thread.run(Thread.java:1575)
===================================================
Timestamp: 2025-01-29T12:26:57.035414900
Client Info: Username: krisi, Address: /127.0.0.1:59883
Log Level: ERROR
Message: Error occurred while handling client: Username: krisi, Address: /127.0.0.1:59883
Stacktrace:
java.net.SocketException: Connection reset
	at java.base/sun.nio.ch.SocketChannelImpl.throwConnectionReset(SocketChannelImpl.java:403)
	at java.base/sun.nio.ch.SocketChannelImpl.implRead(SocketChannelImpl.java:419)
	at java.base/sun.nio.ch.SocketChannelImpl.read(SocketChannelImpl.java:493)
	at bg.sofia.uni.fmi.mjt.uno.server.ClientHandler.readMessageFromClient(ClientHandler.java:55)
	at bg.sofia.uni.fmi.mjt.uno.server.ClientHandler.run(ClientHandler.java:30)
	at java.base/java.lang.Thread.run(Thread.java:1575)
===================================================
Timestamp: 2025-01-29T12:26:57.032416
Client Info: Username: krisi, Address: /127.0.0.1:59883
Log Level: ERROR
Message: Error occurred while handling client: Username: krisi, Address: /127.0.0.1:59883
Stacktrace:
java.net.SocketException: Connection reset
	at java.base/sun.nio.ch.SocketChannelImpl.throwConnectionReset(SocketChannelImpl.java:403)
	at java.base/sun.nio.ch.SocketChannelImpl.implRead(SocketChannelImpl.java:419)
	at java.base/sun.nio.ch.SocketChannelImpl.read(SocketChannelImpl.java:493)
	at bg.sofia.uni.fmi.mjt.uno.server.ClientHandler.readMessageFromClient(ClientHandler.java:55)
	at bg.sofia.uni.fmi.mjt.uno.server.ClientHandler.run(ClientHandler.java:30)
	at java.base/java.lang.Thread.run(Thread.java:1575)
===================================================
Timestamp: 2025-01-29T12:26:57.020632100
Client Info: Username: krisi, Address: /127.0.0.1:59883
Log Level: ERROR
Message: Error occurred while handling client: Username: krisi, Address: /127.0.0.1:59883
Stacktrace:
java.net.SocketException: Connection reset
	at java.base/sun.nio.ch.SocketChannelImpl.throwConnectionReset(SocketChannelImpl.java:403)
	at java.base/sun.nio.ch.SocketChannelImpl.implRead(SocketChannelImpl.java:419)
	at java.base/sun.nio.ch.SocketChannelImpl.read(SocketChannelImpl.java:493)
	at bg.sofia.uni.fmi.mjt.uno.server.ClientHandler.readMessageFromClient(ClientHandler.java:55)
	at bg.sofia.uni.fmi.mjt.uno.server.ClientHandler.run(ClientHandler.java:30)
	at java.base/java.lang.Thread.run(Thread.java:1575)
===================================================
Timestamp: 2025-01-29T12:26:57.030416100
Client Info: Username: krisi, Address: /127.0.0.1:59883
Log Level: ERROR
Message: Error occurred while handling client: Username: krisi, Address: /127.0.0.1:59883
Stacktrace:
java.net.SocketException: Connection reset
	at java.base/sun.nio.ch.SocketChannelImpl.throwConnectionReset(SocketChannelImpl.java:403)
	at java.base/sun.nio.ch.SocketChannelImpl.implRead(SocketChannelImpl.java:419)
	at java.base/sun.nio.ch.SocketChannelImpl.read(SocketChannelImpl.java:493)
	at bg.sofia.uni.fmi.mjt.uno.server.ClientHandler.readMessageFromClient(ClientHandler.java:55)
	at bg.sofia.uni.fmi.mjt.uno.server.ClientHandler.run(ClientHandler.java:30)
	at java.base/java.lang.Thread.run(Thread.java:1575)
===================================================
Timestamp: 2025-01-29T12:26:56.953774800
Client Info: Username: krisi, Address: /127.0.0.1:59883
Log Level: ERROR
Message: Error occurred while handling client: Username: krisi, Address: /127.0.0.1:59883
Stacktrace:
java.net.SocketException: Connection reset
	at java.base/sun.nio.ch.SocketChannelImpl.throwConnectionReset(SocketChannelImpl.java:403)
	at java.base/sun.nio.ch.SocketChannelImpl.implRead(SocketChannelImpl.java:419)
	at java.base/sun.nio.ch.SocketChannelImpl.read(SocketChannelImpl.java:493)
	at bg.sofia.uni.fmi.mjt.uno.server.ClientHandler.readMessageFromClient(ClientHandler.java:55)
	at bg.sofia.uni.fmi.mjt.uno.server.ClientHandler.run(ClientHandler.java:30)
	at java.base/java.lang.Thread.run(Thread.java:1575)
===================================================
Timestamp: 2025-01-29T12:26:57.020632100
Client Info: Username: krisi, Address: /127.0.0.1:59883
Log Level: ERROR
Message: Error occurred while handling client: Username: krisi, Address: /127.0.0.1:59883
Stacktrace:
java.net.SocketException: Connection reset
	at java.base/sun.nio.ch.SocketChannelImpl.throwConnectionReset(SocketChannelImpl.java:403)
	at java.base/sun.nio.ch.SocketChannelImpl.implRead(SocketChannelImpl.java:419)
	at java.base/sun.nio.ch.SocketChannelImpl.read(SocketChannelImpl.java:493)
	at bg.sofia.uni.fmi.mjt.uno.server.ClientHandler.readMessageFromClient(ClientHandler.java:55)
	at bg.sofia.uni.fmi.mjt.uno.server.ClientHandler.run(ClientHandler.java:30)
	at java.base/java.lang.Thread.run(Thread.java:1575)
===================================================
Timestamp: 2025-01-29T12:26:57.051449100
Client Info: Username: krisi, Address: /127.0.0.1:59883
Log Level: ERROR
Message: Error occurred while handling client: Username: krisi, Address: /127.0.0.1:59883
Stacktrace:
java.net.SocketException: Connection reset
	at java.base/sun.nio.ch.SocketChannelImpl.throwConnectionReset(SocketChannelImpl.java:403)
	at java.base/sun.nio.ch.SocketChannelImpl.implRead(SocketChannelImpl.java:419)
	at java.base/sun.nio.ch.SocketChannelImpl.read(SocketChannelImpl.java:493)
	at bg.sofia.uni.fmi.mjt.uno.server.ClientHandler.readMessageFromClient(ClientHandler.java:55)
	at bg.sofia.uni.fmi.mjt.uno.server.ClientHandler.run(ClientHandler.java:30)
	at java.base/java.lang.Thread.run(Thread.java:1575)
===================================================
Timestamp: 2025-01-29T12:26:57.030416100
Client Info: Username: krisi, Address: /127.0.0.1:59883
Log Level: ERROR
Message: Error occurred while handling client: Username: krisi, Address: /127.0.0.1:59883
Stacktrace:
java.net.SocketException: Connection reset
	at java.base/sun.nio.ch.SocketChannelImpl.throwConnectionReset(SocketChannelImpl.java:403)
	at java.base/sun.nio.ch.SocketChannelImpl.implRead(SocketChannelImpl.java:419)
	at java.base/sun.nio.ch.SocketChannelImpl.read(SocketChannelImpl.java:493)
	at bg.sofia.uni.fmi.mjt.uno.server.ClientHandler.readMessageFromClient(ClientHandler.java:55)
	at bg.sofia.uni.fmi.mjt.uno.server.ClientHandler.run(ClientHandler.java:30)
	at java.base/java.lang.Thread.run(Thread.java:1575)
===================================================
Timestamp: 2025-01-29T12:26:56.970775900
Client Info: Username: krisi, Address: /127.0.0.1:59883
Log Level: ERROR
Message: Error occurred while handling client: Username: krisi, Address: /127.0.0.1:59883
Stacktrace:
java.net.SocketException: Connection reset
	at java.base/sun.nio.ch.SocketChannelImpl.throwConnectionReset(SocketChannelImpl.java:403)
	at java.base/sun.nio.ch.SocketChannelImpl.implRead(SocketChannelImpl.java:419)
	at java.base/sun.nio.ch.SocketChannelImpl.read(SocketChannelImpl.java:493)
	at bg.sofia.uni.fmi.mjt.uno.server.ClientHandler.readMessageFromClient(ClientHandler.java:55)
	at bg.sofia.uni.fmi.mjt.uno.server.ClientHandler.run(ClientHandler.java:30)
	at java.base/java.lang.Thread.run(Thread.java:1575)
===================================================
Timestamp: 2025-01-29T12:26:57.021632400
Client Info: Username: krisi, Address: /127.0.0.1:59883
Log Level: ERROR
Message: Error occurred while handling client: Username: krisi, Address: /127.0.0.1:59883
Stacktrace:
java.net.SocketException: Connection reset
	at java.base/sun.nio.ch.SocketChannelImpl.throwConnectionReset(SocketChannelImpl.java:403)
	at java.base/sun.nio.ch.SocketChannelImpl.implRead(SocketChannelImpl.java:419)
	at java.base/sun.nio.ch.SocketChannelImpl.read(SocketChannelImpl.java:493)
	at bg.sofia.uni.fmi.mjt.uno.server.ClientHandler.readMessageFromClient(ClientHandler.java:55)
	at bg.sofia.uni.fmi.mjt.uno.server.ClientHandler.run(ClientHandler.java:30)
	at java.base/java.lang.Thread.run(Thread.java:1575)
===================================================
Timestamp: 2025-01-29T12:26:56.953774800
Client Info: Username: krisi, Address: /127.0.0.1:59883
Log Level: ERROR
Message: Error occurred while handling client: Username: krisi, Address: /127.0.0.1:59883
Stacktrace:
java.net.SocketException: Connection reset
	at java.base/sun.nio.ch.SocketChannelImpl.throwConnectionReset(SocketChannelImpl.java:403)
	at java.base/sun.nio.ch.SocketChannelImpl.implRead(SocketChannelImpl.java:419)
	at java.base/sun.nio.ch.SocketChannelImpl.read(SocketChannelImpl.java:493)
	at bg.sofia.uni.fmi.mjt.uno.server.ClientHandler.readMessageFromClient(ClientHandler.java:55)
	at bg.sofia.uni.fmi.mjt.uno.server.ClientHandler.run(ClientHandler.java:30)
	at java.base/java.lang.Thread.run(Thread.java:1575)
===================================================
Timestamp: 2025-01-29T12:26:57.068250200
Client Info: Username: krisi, Address: /127.0.0.1:59883
Log Level: ERROR
Message: Error occurred while handling client: Username: krisi, Address: /127.0.0.1:59883
Stacktrace:
java.net.SocketException: Connection reset
	at java.base/sun.nio.ch.SocketChannelImpl.throwConnectionReset(SocketChannelImpl.java:403)
	at java.base/sun.nio.ch.SocketChannelImpl.implRead(SocketChannelImpl.java:419)
	at java.base/sun.nio.ch.SocketChannelImpl.read(SocketChannelImpl.java:493)
	at bg.sofia.uni.fmi.mjt.uno.server.ClientHandler.readMessageFromClient(ClientHandler.java:55)
	at bg.sofia.uni.fmi.mjt.uno.server.ClientHandler.run(ClientHandler.java:30)
	at java.base/java.lang.Thread.run(Thread.java:1575)
===================================================
Timestamp: 2025-01-29T12:26:56.953774800
Client Info: Username: krisi, Address: /127.0.0.1:59883
Log Level: ERROR
Message: Error occurred while handling client: Username: krisi, Address: /127.0.0.1:59883
Stacktrace:
java.net.SocketException: Connection reset
	at java.base/sun.nio.ch.SocketChannelImpl.throwConnectionReset(SocketChannelImpl.java:403)
	at java.base/sun.nio.ch.SocketChannelImpl.implRead(SocketChannelImpl.java:419)
	at java.base/sun.nio.ch.SocketChannelImpl.read(SocketChannelImpl.java:493)
	at bg.sofia.uni.fmi.mjt.uno.server.ClientHandler.readMessageFromClient(ClientHandler.java:55)
	at bg.sofia.uni.fmi.mjt.uno.server.ClientHandler.run(ClientHandler.java:30)
	at java.base/java.lang.Thread.run(Thread.java:1575)
===================================================
Timestamp: 2025-01-29T12:26:57.021632400
Client Info: Username: krisi, Address: /127.0.0.1:59883
Log Level: ERROR
Message: Error occurred while handling client: Username: krisi, Address: /127.0.0.1:59883
Stacktrace:
java.net.SocketException: Connection reset
	at java.base/sun.nio.ch.SocketChannelImpl.throwConnectionReset(SocketChannelImpl.java:403)
	at java.base/sun.nio.ch.SocketChannelImpl.implRead(SocketChannelImpl.java:419)
	at java.base/sun.nio.ch.SocketChannelImpl.read(SocketChannelImpl.java:493)
	at bg.sofia.uni.fmi.mjt.uno.server.ClientHandler.readMessageFromClient(ClientHandler.java:55)
	at bg.sofia.uni.fmi.mjt.uno.server.ClientHandler.run(ClientHandler.java:30)
	at java.base/java.lang.Thread.run(Thread.java:1575)
===================================================
Timestamp: 2025-01-29T12:26:57.030416100
Client Info: Username: krisi, Address: /127.0.0.1:59883
Log Level: ERROR
Message: Error occurred while handling client: Username: krisi, Address: /127.0.0.1:59883
Stacktrace:
java.net.SocketException: Connection reset
	at java.base/sun.nio.ch.SocketChannelImpl.throwConnectionReset(SocketChannelImpl.java:403)
	at java.base/sun.nio.ch.SocketChannelImpl.implRead(SocketChannelImpl.java:419)
	at java.base/sun.nio.ch.SocketChannelImpl.read(SocketChannelImpl.java:493)
	at bg.sofia.uni.fmi.mjt.uno.server.ClientHandler.readMessageFromClient(ClientHandler.java:55)
	at bg.sofia.uni.fmi.mjt.uno.server.ClientHandler.run(ClientHandler.java:30)
	at java.base/java.lang.Thread.run(Thread.java:1575)
===================================================
Timestamp: 2025-01-29T12:26:57.035414900
Client Info: Username: krisi, Address: /127.0.0.1:59883
Log Level: ERROR
Message: Error occurred while handling client: Username: krisi, Address: /127.0.0.1:59883
Stacktrace:
java.net.SocketException: Connection reset
	at java.base/sun.nio.ch.SocketChannelImpl.throwConnectionReset(SocketChannelImpl.java:403)
	at java.base/sun.nio.ch.SocketChannelImpl.implRead(SocketChannelImpl.java:419)
	at java.base/sun.nio.ch.SocketChannelImpl.read(SocketChannelImpl.java:493)
	at bg.sofia.uni.fmi.mjt.uno.server.ClientHandler.readMessageFromClient(ClientHandler.java:55)
	at bg.sofia.uni.fmi.mjt.uno.server.ClientHandler.run(ClientHandler.java:30)
	at java.base/java.lang.Thread.run(Thread.java:1575)
===================================================
Timestamp: 2025-01-29T12:26:57.021632400
Client Info: Username: krisi, Address: /127.0.0.1:59883
Log Level: ERROR
Message: Error occurred while handling client: Username: krisi, Address: /127.0.0.1:59883
Stacktrace:
java.net.SocketException: Connection reset
	at java.base/sun.nio.ch.SocketChannelImpl.throwConnectionReset(SocketChannelImpl.java:403)
	at java.base/sun.nio.ch.SocketChannelImpl.implRead(SocketChannelImpl.java:419)
	at java.base/sun.nio.ch.SocketChannelImpl.read(SocketChannelImpl.java:493)
	at bg.sofia.uni.fmi.mjt.uno.server.ClientHandler.readMessageFromClient(ClientHandler.java:55)
	at bg.sofia.uni.fmi.mjt.uno.server.ClientHandler.run(ClientHandler.java:30)
	at java.base/java.lang.Thread.run(Thread.java:1575)
===================================================
Timestamp: 2025-01-29T12:26:57.058587700
Client Info: Username: krisi, Address: /127.0.0.1:59883
Log Level: ERROR
Message: Error occurred while handling client: Username: krisi, Address: /127.0.0.1:59883
Stacktrace:
java.net.SocketException: Connection reset
	at java.base/sun.nio.ch.SocketChannelImpl.throwConnectionReset(SocketChannelImpl.java:403)
	at java.base/sun.nio.ch.SocketChannelImpl.implRead(SocketChannelImpl.java:419)
	at java.base/sun.nio.ch.SocketChannelImpl.read(SocketChannelImpl.java:493)
	at bg.sofia.uni.fmi.mjt.uno.server.ClientHandler.readMessageFromClient(ClientHandler.java:55)
	at bg.sofia.uni.fmi.mjt.uno.server.ClientHandler.run(ClientHandler.java:30)
	at java.base/java.lang.Thread.run(Thread.java:1575)
===================================================
Timestamp: 2025-01-29T12:26:56.952774200
Client Info: Username: krisi, Address: /127.0.0.1:59883
Log Level: ERROR
Message: Error occurred while handling client: Username: krisi, Address: /127.0.0.1:59883
Stacktrace:
java.net.SocketException: Connection reset
	at java.base/sun.nio.ch.SocketChannelImpl.throwConnectionReset(SocketChannelImpl.java:403)
	at java.base/sun.nio.ch.SocketChannelImpl.implRead(SocketChannelImpl.java:419)
	at java.base/sun.nio.ch.SocketChannelImpl.read(SocketChannelImpl.java:493)
	at bg.sofia.uni.fmi.mjt.uno.server.ClientHandler.readMessageFromClient(ClientHandler.java:55)
	at bg.sofia.uni.fmi.mjt.uno.server.ClientHandler.run(ClientHandler.java:30)
	at java.base/java.lang.Thread.run(Thread.java:1575)
===================================================
Timestamp: 2025-01-29T12:26:56.952774200
Client Info: Username: krisi, Address: /127.0.0.1:59883
Log Level: ERROR
Message: Error occurred while handling client: Username: krisi, Address: /127.0.0.1:59883
Stacktrace:
java.net.SocketException: Connection reset
	at java.base/sun.nio.ch.SocketChannelImpl.throwConnectionReset(SocketChannelImpl.java:403)
	at java.base/sun.nio.ch.SocketChannelImpl.implRead(SocketChannelImpl.java:419)
	at java.base/sun.nio.ch.SocketChannelImpl.read(SocketChannelImpl.java:493)
	at bg.sofia.uni.fmi.mjt.uno.server.ClientHandler.readMessageFromClient(ClientHandler.java:55)
	at bg.sofia.uni.fmi.mjt.uno.server.ClientHandler.run(ClientHandler.java:30)
	at java.base/java.lang.Thread.run(Thread.java:1575)
===================================================
Timestamp: 2025-01-29T12:26:56.984773900
Client Info: Username: krisi, Address: /127.0.0.1:59883
Log Level: ERROR
Message: Error occurred while handling client: Username: krisi, Address: /127.0.0.1:59883
Stacktrace:
java.net.SocketException: Connection reset
	at java.base/sun.nio.ch.SocketChannelImpl.throwConnectionReset(SocketChannelImpl.java:403)
	at java.base/sun.nio.ch.SocketChannelImpl.implRead(SocketChannelImpl.java:419)
	at java.base/sun.nio.ch.SocketChannelImpl.read(SocketChannelImpl.java:493)
	at bg.sofia.uni.fmi.mjt.uno.server.ClientHandler.readMessageFromClient(ClientHandler.java:55)
	at bg.sofia.uni.fmi.mjt.uno.server.ClientHandler.run(ClientHandler.java:30)
	at java.base/java.lang.Thread.run(Thread.java:1575)
===================================================
Timestamp: 2025-01-29T12:26:57.030416100
Client Info: Username: krisi, Address: /127.0.0.1:59883
Log Level: ERROR
Message: Error occurred while handling client: Username: krisi, Address: /127.0.0.1:59883
Stacktrace:
java.net.SocketException: Connection reset
	at java.base/sun.nio.ch.SocketChannelImpl.throwConnectionReset(SocketChannelImpl.java:403)
	at java.base/sun.nio.ch.SocketChannelImpl.implRead(SocketChannelImpl.java:419)
	at java.base/sun.nio.ch.SocketChannelImpl.read(SocketChannelImpl.java:493)
	at bg.sofia.uni.fmi.mjt.uno.server.ClientHandler.readMessageFromClient(ClientHandler.java:55)
	at bg.sofia.uni.fmi.mjt.uno.server.ClientHandler.run(ClientHandler.java:30)
	at java.base/java.lang.Thread.run(Thread.java:1575)
===================================================
Timestamp: 2025-01-29T12:26:56.952774200
Client Info: Username: krisi, Address: /127.0.0.1:59883
Log Level: ERROR
Message: Error occurred while handling client: Username: krisi, Address: /127.0.0.1:59883
Stacktrace:
java.net.SocketException: Connection reset
	at java.base/sun.nio.ch.SocketChannelImpl.throwConnectionReset(SocketChannelImpl.java:403)
	at java.base/sun.nio.ch.SocketChannelImpl.implRead(SocketChannelImpl.java:419)
	at java.base/sun.nio.ch.SocketChannelImpl.read(SocketChannelImpl.java:493)
	at bg.sofia.uni.fmi.mjt.uno.server.ClientHandler.readMessageFromClient(ClientHandler.java:55)
	at bg.sofia.uni.fmi.mjt.uno.server.ClientHandler.run(ClientHandler.java:30)
	at java.base/java.lang.Thread.run(Thread.java:1575)
===================================================
Timestamp: 2025-01-29T12:26:57.021632400
Client Info: Username: krisi, Address: /127.0.0.1:59883
Log Level: ERROR
Message: Error occurred while handling client: Username: krisi, Address: /127.0.0.1:59883
Stacktrace:
java.net.SocketException: Connection reset
	at java.base/sun.nio.ch.SocketChannelImpl.throwConnectionReset(SocketChannelImpl.java:403)
	at java.base/sun.nio.ch.SocketChannelImpl.implRead(SocketChannelImpl.java:419)
	at java.base/sun.nio.ch.SocketChannelImpl.read(SocketChannelImpl.java:493)
	at bg.sofia.uni.fmi.mjt.uno.server.ClientHandler.readMessageFromClient(ClientHandler.java:55)
	at bg.sofia.uni.fmi.mjt.uno.server.ClientHandler.run(ClientHandler.java:30)
	at java.base/java.lang.Thread.run(Thread.java:1575)
===================================================
Timestamp: 2025-01-29T12:26:57.022633
Client Info: Username: krisi, Address: /127.0.0.1:59883
Log Level: ERROR
Message: Error occurred while handling client: Username: krisi, Address: /127.0.0.1:59883
Stacktrace:
java.net.SocketException: Connection reset
	at java.base/sun.nio.ch.SocketChannelImpl.throwConnectionReset(SocketChannelImpl.java:403)
	at java.base/sun.nio.ch.SocketChannelImpl.implRead(SocketChannelImpl.java:419)
	at java.base/sun.nio.ch.SocketChannelImpl.read(SocketChannelImpl.java:493)
	at bg.sofia.uni.fmi.mjt.uno.server.ClientHandler.readMessageFromClient(ClientHandler.java:55)
	at bg.sofia.uni.fmi.mjt.uno.server.ClientHandler.run(ClientHandler.java:30)
	at java.base/java.lang.Thread.run(Thread.java:1575)
===================================================
Timestamp: 2025-01-29T12:26:57.021632400
Client Info: Username: krisi, Address: /127.0.0.1:59883
Log Level: ERROR
Message: Error occurred while handling client: Username: krisi, Address: /127.0.0.1:59883
Stacktrace:
java.net.SocketException: Connection reset
	at java.base/sun.nio.ch.SocketChannelImpl.throwConnectionReset(SocketChannelImpl.java:403)
	at java.base/sun.nio.ch.SocketChannelImpl.implRead(SocketChannelImpl.java:419)
	at java.base/sun.nio.ch.SocketChannelImpl.read(SocketChannelImpl.java:493)
	at bg.sofia.uni.fmi.mjt.uno.server.ClientHandler.readMessageFromClient(ClientHandler.java:55)
	at bg.sofia.uni.fmi.mjt.uno.server.ClientHandler.run(ClientHandler.java:30)
	at java.base/java.lang.Thread.run(Thread.java:1575)
===================================================
Timestamp: 2025-01-29T12:26:57.041932400
Client Info: Username: krisi, Address: /127.0.0.1:59883
Log Level: ERROR
Message: Error occurred while handling client: Username: krisi, Address: /127.0.0.1:59883
Stacktrace:
java.net.SocketException: Connection reset
	at java.base/sun.nio.ch.SocketChannelImpl.throwConnectionReset(SocketChannelImpl.java:403)
	at java.base/sun.nio.ch.SocketChannelImpl.implRead(SocketChannelImpl.java:419)
	at java.base/sun.nio.ch.SocketChannelImpl.read(SocketChannelImpl.java:493)
	at bg.sofia.uni.fmi.mjt.uno.server.ClientHandler.readMessageFromClient(ClientHandler.java:55)
	at bg.sofia.uni.fmi.mjt.uno.server.ClientHandler.run(ClientHandler.java:30)
	at java.base/java.lang.Thread.run(Thread.java:1575)
===================================================
Timestamp: 2025-01-29T12:26:57.032416
Client Info: Username: krisi, Address: /127.0.0.1:59883
Log Level: ERROR
Message: Error occurred while handling client: Username: krisi, Address: /127.0.0.1:59883
Stacktrace:
java.net.SocketException: Connection reset
	at java.base/sun.nio.ch.SocketChannelImpl.throwConnectionReset(SocketChannelImpl.java:403)
	at java.base/sun.nio.ch.SocketChannelImpl.implRead(SocketChannelImpl.java:419)
	at java.base/sun.nio.ch.SocketChannelImpl.read(SocketChannelImpl.java:493)
	at bg.sofia.uni.fmi.mjt.uno.server.ClientHandler.readMessageFromClient(ClientHandler.java:55)
	at bg.sofia.uni.fmi.mjt.uno.server.ClientHandler.run(ClientHandler.java:30)
	at java.base/java.lang.Thread.run(Thread.java:1575)
===================================================
Timestamp: 2025-01-29T12:26:57.059789700
Client Info: Username: krisi, Address: /127.0.0.1:59883
Log Level: ERROR
Message: Error occurred while handling client: Username: krisi, Address: /127.0.0.1:59883
Stacktrace:
java.net.SocketException: Connection reset
	at java.base/sun.nio.ch.SocketChannelImpl.throwConnectionReset(SocketChannelImpl.java:403)
	at java.base/sun.nio.ch.SocketChannelImpl.implRead(SocketChannelImpl.java:419)
	at java.base/sun.nio.ch.SocketChannelImpl.read(SocketChannelImpl.java:493)
	at bg.sofia.uni.fmi.mjt.uno.server.ClientHandler.readMessageFromClient(ClientHandler.java:55)
	at bg.sofia.uni.fmi.mjt.uno.server.ClientHandler.run(ClientHandler.java:30)
	at java.base/java.lang.Thread.run(Thread.java:1575)
===================================================
Timestamp: 2025-01-29T12:26:56.963776800
Client Info: Username: krisi, Address: /127.0.0.1:59883
Log Level: ERROR
Message: Error occurred while handling client: Username: krisi, Address: /127.0.0.1:59883
Stacktrace:
java.net.SocketException: Connection reset
	at java.base/sun.nio.ch.SocketChannelImpl.throwConnectionReset(SocketChannelImpl.java:403)
	at java.base/sun.nio.ch.SocketChannelImpl.implRead(SocketChannelImpl.java:419)
	at java.base/sun.nio.ch.SocketChannelImpl.read(SocketChannelImpl.java:493)
	at bg.sofia.uni.fmi.mjt.uno.server.ClientHandler.readMessageFromClient(ClientHandler.java:55)
	at bg.sofia.uni.fmi.mjt.uno.server.ClientHandler.run(ClientHandler.java:30)
	at java.base/java.lang.Thread.run(Thread.java:1575)
===================================================
Timestamp: 2025-01-29T12:26:57.022633
Client Info: Username: krisi, Address: /127.0.0.1:59883
Log Level: ERROR
Message: Error occurred while handling client: Username: krisi, Address: /127.0.0.1:59883
Stacktrace:
java.net.SocketException: Connection reset
	at java.base/sun.nio.ch.SocketChannelImpl.throwConnectionReset(SocketChannelImpl.java:403)
	at java.base/sun.nio.ch.SocketChannelImpl.implRead(SocketChannelImpl.java:419)
	at java.base/sun.nio.ch.SocketChannelImpl.read(SocketChannelImpl.java:493)
	at bg.sofia.uni.fmi.mjt.uno.server.ClientHandler.readMessageFromClient(ClientHandler.java:55)
	at bg.sofia.uni.fmi.mjt.uno.server.ClientHandler.run(ClientHandler.java:30)
	at java.base/java.lang.Thread.run(Thread.java:1575)
===================================================
Timestamp: 2025-01-29T12:26:57.041932400
Client Info: Username: krisi, Address: /127.0.0.1:59883
Log Level: ERROR
Message: Error occurred while handling client: Username: krisi, Address: /127.0.0.1:59883
Stacktrace:
java.net.SocketException: Connection reset
	at java.base/sun.nio.ch.SocketChannelImpl.throwConnectionReset(SocketChannelImpl.java:403)
	at java.base/sun.nio.ch.SocketChannelImpl.implRead(SocketChannelImpl.java:419)
	at java.base/sun.nio.ch.SocketChannelImpl.read(SocketChannelImpl.java:493)
	at bg.sofia.uni.fmi.mjt.uno.server.ClientHandler.readMessageFromClient(ClientHandler.java:55)
	at bg.sofia.uni.fmi.mjt.uno.server.ClientHandler.run(ClientHandler.java:30)
	at java.base/java.lang.Thread.run(Thread.java:1575)
===================================================
Timestamp: 2025-01-29T12:26:57.041932400
Client Info: Username: krisi, Address: /127.0.0.1:59883
Log Level: ERROR
Message: Error occurred while handling client: Username: krisi, Address: /127.0.0.1:59883
Stacktrace:
java.net.SocketException: Connection reset
	at java.base/sun.nio.ch.SocketChannelImpl.throwConnectionReset(SocketChannelImpl.java:403)
	at java.base/sun.nio.ch.SocketChannelImpl.implRead(SocketChannelImpl.java:419)
	at java.base/sun.nio.ch.SocketChannelImpl.read(SocketChannelImpl.java:493)
	at bg.sofia.uni.fmi.mjt.uno.server.ClientHandler.readMessageFromClient(ClientHandler.java:55)
	at bg.sofia.uni.fmi.mjt.uno.server.ClientHandler.run(ClientHandler.java:30)
	at java.base/java.lang.Thread.run(Thread.java:1575)
===================================================
Timestamp: 2025-01-29T12:26:56.960774600
Client Info: Username: krisi, Address: /127.0.0.1:59883
Log Level: ERROR
Message: Error occurred while handling client: Username: krisi, Address: /127.0.0.1:59883
Stacktrace:
java.net.SocketException: Connection reset
	at java.base/sun.nio.ch.SocketChannelImpl.throwConnectionReset(SocketChannelImpl.java:403)
	at java.base/sun.nio.ch.SocketChannelImpl.implRead(SocketChannelImpl.java:419)
	at java.base/sun.nio.ch.SocketChannelImpl.read(SocketChannelImpl.java:493)
	at bg.sofia.uni.fmi.mjt.uno.server.ClientHandler.readMessageFromClient(ClientHandler.java:55)
	at bg.sofia.uni.fmi.mjt.uno.server.ClientHandler.run(ClientHandler.java:30)
	at java.base/java.lang.Thread.run(Thread.java:1575)
===================================================
Timestamp: 2025-01-29T12:26:57.022633
Client Info: Username: krisi, Address: /127.0.0.1:59883
Log Level: ERROR
Message: Error occurred while handling client: Username: krisi, Address: /127.0.0.1:59883
Stacktrace:
java.net.SocketException: Connection reset
	at java.base/sun.nio.ch.SocketChannelImpl.throwConnectionReset(SocketChannelImpl.java:403)
	at java.base/sun.nio.ch.SocketChannelImpl.implRead(SocketChannelImpl.java:419)
	at java.base/sun.nio.ch.SocketChannelImpl.read(SocketChannelImpl.java:493)
	at bg.sofia.uni.fmi.mjt.uno.server.ClientHandler.readMessageFromClient(ClientHandler.java:55)
	at bg.sofia.uni.fmi.mjt.uno.server.ClientHandler.run(ClientHandler.java:30)
	at java.base/java.lang.Thread.run(Thread.java:1575)
===================================================
Timestamp: 2025-01-29T12:26:57.067253400
Client Info: Username: krisi, Address: /127.0.0.1:59883
Log Level: ERROR
Message: Error occurred while handling client: Username: krisi, Address: /127.0.0.1:59883
Stacktrace:
java.net.SocketException: Connection reset
	at java.base/sun.nio.ch.SocketChannelImpl.throwConnectionReset(SocketChannelImpl.java:403)
	at java.base/sun.nio.ch.SocketChannelImpl.implRead(SocketChannelImpl.java:419)
	at java.base/sun.nio.ch.SocketChannelImpl.read(SocketChannelImpl.java:493)
	at bg.sofia.uni.fmi.mjt.uno.server.ClientHandler.readMessageFromClient(ClientHandler.java:55)
	at bg.sofia.uni.fmi.mjt.uno.server.ClientHandler.run(ClientHandler.java:30)
	at java.base/java.lang.Thread.run(Thread.java:1575)
===================================================
Timestamp: 2025-01-29T12:26:56.972776500
Client Info: Username: krisi, Address: /127.0.0.1:59883
Log Level: ERROR
Message: Error occurred while handling client: Username: krisi, Address: /127.0.0.1:59883
Stacktrace:
java.net.SocketException: Connection reset
	at java.base/sun.nio.ch.SocketChannelImpl.throwConnectionReset(SocketChannelImpl.java:403)
	at java.base/sun.nio.ch.SocketChannelImpl.implRead(SocketChannelImpl.java:419)
	at java.base/sun.nio.ch.SocketChannelImpl.read(SocketChannelImpl.java:493)
	at bg.sofia.uni.fmi.mjt.uno.server.ClientHandler.readMessageFromClient(ClientHandler.java:55)
	at bg.sofia.uni.fmi.mjt.uno.server.ClientHandler.run(ClientHandler.java:30)
	at java.base/java.lang.Thread.run(Thread.java:1575)
===================================================
Timestamp: 2025-01-29T12:26:57.022633
Client Info: Username: krisi, Address: /127.0.0.1:59883
Log Level: ERROR
Message: Error occurred while handling client: Username: krisi, Address: /127.0.0.1:59883
Stacktrace:
java.net.SocketException: Connection reset
	at java.base/sun.nio.ch.SocketChannelImpl.throwConnectionReset(SocketChannelImpl.java:403)
	at java.base/sun.nio.ch.SocketChannelImpl.implRead(SocketChannelImpl.java:419)
	at java.base/sun.nio.ch.SocketChannelImpl.read(SocketChannelImpl.java:493)
	at bg.sofia.uni.fmi.mjt.uno.server.ClientHandler.readMessageFromClient(ClientHandler.java:55)
	at bg.sofia.uni.fmi.mjt.uno.server.ClientHandler.run(ClientHandler.java:30)
	at java.base/java.lang.Thread.run(Thread.java:1575)
===================================================
Timestamp: 2025-01-29T12:26:57.022633
Client Info: Username: krisi, Address: /127.0.0.1:59883
Log Level: ERROR
Message: Error occurred while handling client: Username: krisi, Address: /127.0.0.1:59883
Stacktrace:
java.net.SocketException: Connection reset
	at java.base/sun.nio.ch.SocketChannelImpl.throwConnectionReset(SocketChannelImpl.java:403)
	at java.base/sun.nio.ch.SocketChannelImpl.implRead(SocketChannelImpl.java:419)
	at java.base/sun.nio.ch.SocketChannelImpl.read(SocketChannelImpl.java:493)
	at bg.sofia.uni.fmi.mjt.uno.server.ClientHandler.readMessageFromClient(ClientHandler.java:55)
	at bg.sofia.uni.fmi.mjt.uno.server.ClientHandler.run(ClientHandler.java:30)
	at java.base/java.lang.Thread.run(Thread.java:1575)
===================================================
Timestamp: 2025-01-29T12:26:57.022633
Client Info: Username: krisi, Address: /127.0.0.1:59883
Log Level: ERROR
Message: Error occurred while handling client: Username: krisi, Address: /127.0.0.1:59883
Stacktrace:
java.net.SocketException: Connection reset
	at java.base/sun.nio.ch.SocketChannelImpl.throwConnectionReset(SocketChannelImpl.java:403)
	at java.base/sun.nio.ch.SocketChannelImpl.implRead(SocketChannelImpl.java:419)
	at java.base/sun.nio.ch.SocketChannelImpl.read(SocketChannelImpl.java:493)
	at bg.sofia.uni.fmi.mjt.uno.server.ClientHandler.readMessageFromClient(ClientHandler.java:55)
	at bg.sofia.uni.fmi.mjt.uno.server.ClientHandler.run(ClientHandler.java:30)
	at java.base/java.lang.Thread.run(Thread.java:1575)
===================================================
Timestamp: 2025-01-29T12:26:56.974776100
Client Info: Username: krisi, Address: /127.0.0.1:59883
Log Level: ERROR
Message: Error occurred while handling client: Username: krisi, Address: /127.0.0.1:59883
Stacktrace:
java.net.SocketException: Connection reset
	at java.base/sun.nio.ch.SocketChannelImpl.throwConnectionReset(SocketChannelImpl.java:403)
	at java.base/sun.nio.ch.SocketChannelImpl.implRead(SocketChannelImpl.java:419)
	at java.base/sun.nio.ch.SocketChannelImpl.read(SocketChannelImpl.java:493)
	at bg.sofia.uni.fmi.mjt.uno.server.ClientHandler.readMessageFromClient(ClientHandler.java:55)
	at bg.sofia.uni.fmi.mjt.uno.server.ClientHandler.run(ClientHandler.java:30)
	at java.base/java.lang.Thread.run(Thread.java:1575)
===================================================
Timestamp: 2025-01-29T12:26:56.975776200
Client Info: Username: krisi, Address: /127.0.0.1:59883
Log Level: ERROR
Message: Error occurred while handling client: Username: krisi, Address: /127.0.0.1:59883
Stacktrace:
java.net.SocketException: Connection reset
	at java.base/sun.nio.ch.SocketChannelImpl.throwConnectionReset(SocketChannelImpl.java:403)
	at java.base/sun.nio.ch.SocketChannelImpl.implRead(SocketChannelImpl.java:419)
	at java.base/sun.nio.ch.SocketChannelImpl.read(SocketChannelImpl.java:493)
	at bg.sofia.uni.fmi.mjt.uno.server.ClientHandler.readMessageFromClient(ClientHandler.java:55)
	at bg.sofia.uni.fmi.mjt.uno.server.ClientHandler.run(ClientHandler.java:30)
	at java.base/java.lang.Thread.run(Thread.java:1575)
===================================================
Timestamp: 2025-01-29T12:26:57.023631300
Client Info: Username: krisi, Address: /127.0.0.1:59883
Log Level: ERROR
Message: Error occurred while handling client: Username: krisi, Address: /127.0.0.1:59883
Stacktrace:
java.net.SocketException: Connection reset
	at java.base/sun.nio.ch.SocketChannelImpl.throwConnectionReset(SocketChannelImpl.java:403)
	at java.base/sun.nio.ch.SocketChannelImpl.implRead(SocketChannelImpl.java:419)
	at java.base/sun.nio.ch.SocketChannelImpl.read(SocketChannelImpl.java:493)
	at bg.sofia.uni.fmi.mjt.uno.server.ClientHandler.readMessageFromClient(ClientHandler.java:55)
	at bg.sofia.uni.fmi.mjt.uno.server.ClientHandler.run(ClientHandler.java:30)
	at java.base/java.lang.Thread.run(Thread.java:1575)
===================================================
Timestamp: 2025-01-29T12:26:56.980514800
Client Info: Username: krisi, Address: /127.0.0.1:59883
Log Level: ERROR
Message: Error occurred while handling client: Username: krisi, Address: /127.0.0.1:59883
Stacktrace:
java.net.SocketException: Connection reset
	at java.base/sun.nio.ch.SocketChannelImpl.throwConnectionReset(SocketChannelImpl.java:403)
	at java.base/sun.nio.ch.SocketChannelImpl.implRead(SocketChannelImpl.java:419)
	at java.base/sun.nio.ch.SocketChannelImpl.read(SocketChannelImpl.java:493)
	at bg.sofia.uni.fmi.mjt.uno.server.ClientHandler.readMessageFromClient(ClientHandler.java:55)
	at bg.sofia.uni.fmi.mjt.uno.server.ClientHandler.run(ClientHandler.java:30)
	at java.base/java.lang.Thread.run(Thread.java:1575)
===================================================
Timestamp: 2025-01-29T12:26:57.023631300
Client Info: Username: krisi, Address: /127.0.0.1:59883
Log Level: ERROR
Message: Error occurred while handling client: Username: krisi, Address: /127.0.0.1:59883
Stacktrace:
java.net.SocketException: Connection reset
	at java.base/sun.nio.ch.SocketChannelImpl.throwConnectionReset(SocketChannelImpl.java:403)
	at java.base/sun.nio.ch.SocketChannelImpl.implRead(SocketChannelImpl.java:419)
	at java.base/sun.nio.ch.SocketChannelImpl.read(SocketChannelImpl.java:493)
	at bg.sofia.uni.fmi.mjt.uno.server.ClientHandler.readMessageFromClient(ClientHandler.java:55)
	at bg.sofia.uni.fmi.mjt.uno.server.ClientHandler.run(ClientHandler.java:30)
	at java.base/java.lang.Thread.run(Thread.java:1575)
===================================================
Timestamp: 2025-01-29T12:26:56.964776200
Client Info: Username: krisi, Address: /127.0.0.1:59883
Log Level: ERROR
Message: Error occurred while handling client: Username: krisi, Address: /127.0.0.1:59883
Stacktrace:
java.net.SocketException: Connection reset
	at java.base/sun.nio.ch.SocketChannelImpl.throwConnectionReset(SocketChannelImpl.java:403)
	at java.base/sun.nio.ch.SocketChannelImpl.implRead(SocketChannelImpl.java:419)
	at java.base/sun.nio.ch.SocketChannelImpl.read(SocketChannelImpl.java:493)
	at bg.sofia.uni.fmi.mjt.uno.server.ClientHandler.readMessageFromClient(ClientHandler.java:55)
	at bg.sofia.uni.fmi.mjt.uno.server.ClientHandler.run(ClientHandler.java:30)
	at java.base/java.lang.Thread.run(Thread.java:1575)
===================================================
Timestamp: 2025-01-29T12:26:56.977776500
Client Info: Username: krisi, Address: /127.0.0.1:59883
Log Level: ERROR
Message: Error occurred while handling client: Username: krisi, Address: /127.0.0.1:59883
Stacktrace:
java.net.SocketException: Connection reset
	at java.base/sun.nio.ch.SocketChannelImpl.throwConnectionReset(SocketChannelImpl.java:403)
	at java.base/sun.nio.ch.SocketChannelImpl.implRead(SocketChannelImpl.java:419)
	at java.base/sun.nio.ch.SocketChannelImpl.read(SocketChannelImpl.java:493)
	at bg.sofia.uni.fmi.mjt.uno.server.ClientHandler.readMessageFromClient(ClientHandler.java:55)
	at bg.sofia.uni.fmi.mjt.uno.server.ClientHandler.run(ClientHandler.java:30)
	at java.base/java.lang.Thread.run(Thread.java:1575)
===================================================
Timestamp: 2025-01-29T12:26:57.024631800
Client Info: Username: krisi, Address: /127.0.0.1:59883
Log Level: ERROR
Message: Error occurred while handling client: Username: krisi, Address: /127.0.0.1:59883
Stacktrace:
java.net.SocketException: Connection reset
	at java.base/sun.nio.ch.SocketChannelImpl.throwConnectionReset(SocketChannelImpl.java:403)
	at java.base/sun.nio.ch.SocketChannelImpl.implRead(SocketChannelImpl.java:419)
	at java.base/sun.nio.ch.SocketChannelImpl.read(SocketChannelImpl.java:493)
	at bg.sofia.uni.fmi.mjt.uno.server.ClientHandler.readMessageFromClient(ClientHandler.java:55)
	at bg.sofia.uni.fmi.mjt.uno.server.ClientHandler.run(ClientHandler.java:30)
	at java.base/java.lang.Thread.run(Thread.java:1575)
===================================================
Timestamp: 2025-01-29T12:26:56.953774800
Client Info: Username: krisi, Address: /127.0.0.1:59883
Log Level: ERROR
Message: Error occurred while handling client: Username: krisi, Address: /127.0.0.1:59883
Stacktrace:
java.net.SocketException: Connection reset
	at java.base/sun.nio.ch.SocketChannelImpl.throwConnectionReset(SocketChannelImpl.java:403)
	at java.base/sun.nio.ch.SocketChannelImpl.implRead(SocketChannelImpl.java:419)
	at java.base/sun.nio.ch.SocketChannelImpl.read(SocketChannelImpl.java:493)
	at bg.sofia.uni.fmi.mjt.uno.server.ClientHandler.readMessageFromClient(ClientHandler.java:55)
	at bg.sofia.uni.fmi.mjt.uno.server.ClientHandler.run(ClientHandler.java:30)
	at java.base/java.lang.Thread.run(Thread.java:1575)
===================================================
Timestamp: 2025-01-29T12:26:56.966776100
Client Info: Username: krisi, Address: /127.0.0.1:59883
Log Level: ERROR
Message: Error occurred while handling client: Username: krisi, Address: /127.0.0.1:59883
Stacktrace:
java.net.SocketException: Connection reset
	at java.base/sun.nio.ch.SocketChannelImpl.throwConnectionReset(SocketChannelImpl.java:403)
	at java.base/sun.nio.ch.SocketChannelImpl.implRead(SocketChannelImpl.java:419)
	at java.base/sun.nio.ch.SocketChannelImpl.read(SocketChannelImpl.java:493)
	at bg.sofia.uni.fmi.mjt.uno.server.ClientHandler.readMessageFromClient(ClientHandler.java:55)
	at bg.sofia.uni.fmi.mjt.uno.server.ClientHandler.run(ClientHandler.java:30)
	at java.base/java.lang.Thread.run(Thread.java:1575)
===================================================
Timestamp: 2025-01-29T12:26:57.024631800
Client Info: Username: krisi, Address: /127.0.0.1:59883
Log Level: ERROR
Message: Error occurred while handling client: Username: krisi, Address: /127.0.0.1:59883
Stacktrace:
java.net.SocketException: Connection reset
	at java.base/sun.nio.ch.SocketChannelImpl.throwConnectionReset(SocketChannelImpl.java:403)
	at java.base/sun.nio.ch.SocketChannelImpl.implRead(SocketChannelImpl.java:419)
	at java.base/sun.nio.ch.SocketChannelImpl.read(SocketChannelImpl.java:493)
	at bg.sofia.uni.fmi.mjt.uno.server.ClientHandler.readMessageFromClient(ClientHandler.java:55)
	at bg.sofia.uni.fmi.mjt.uno.server.ClientHandler.run(ClientHandler.java:30)
	at java.base/java.lang.Thread.run(Thread.java:1575)
===================================================
Timestamp: 2025-01-29T12:26:56.960774600
Client Info: Username: krisi, Address: /127.0.0.1:59883
Log Level: ERROR
Message: Error occurred while handling client: Username: krisi, Address: /127.0.0.1:59883
Stacktrace:
java.net.SocketException: Connection reset
	at java.base/sun.nio.ch.SocketChannelImpl.throwConnectionReset(SocketChannelImpl.java:403)
	at java.base/sun.nio.ch.SocketChannelImpl.implRead(SocketChannelImpl.java:419)
	at java.base/sun.nio.ch.SocketChannelImpl.read(SocketChannelImpl.java:493)
	at bg.sofia.uni.fmi.mjt.uno.server.ClientHandler.readMessageFromClient(ClientHandler.java:55)
	at bg.sofia.uni.fmi.mjt.uno.server.ClientHandler.run(ClientHandler.java:30)
	at java.base/java.lang.Thread.run(Thread.java:1575)
===================================================
Timestamp: 2025-01-29T12:26:57.024631800
Client Info: Username: krisi, Address: /127.0.0.1:59883
Log Level: ERROR
Message: Error occurred while handling client: Username: krisi, Address: /127.0.0.1:59883
Stacktrace:
java.net.SocketException: Connection reset
	at java.base/sun.nio.ch.SocketChannelImpl.throwConnectionReset(SocketChannelImpl.java:403)
	at java.base/sun.nio.ch.SocketChannelImpl.implRead(SocketChannelImpl.java:419)
	at java.base/sun.nio.ch.SocketChannelImpl.read(SocketChannelImpl.java:493)
	at bg.sofia.uni.fmi.mjt.uno.server.ClientHandler.readMessageFromClient(ClientHandler.java:55)
	at bg.sofia.uni.fmi.mjt.uno.server.ClientHandler.run(ClientHandler.java:30)
	at java.base/java.lang.Thread.run(Thread.java:1575)
===================================================
Timestamp: 2025-01-29T12:26:57.024631800
Client Info: Username: krisi, Address: /127.0.0.1:59883
Log Level: ERROR
Message: Error occurred while handling client: Username: krisi, Address: /127.0.0.1:59883
Stacktrace:
java.net.SocketException: Connection reset
	at java.base/sun.nio.ch.SocketChannelImpl.throwConnectionReset(SocketChannelImpl.java:403)
	at java.base/sun.nio.ch.SocketChannelImpl.implRead(SocketChannelImpl.java:419)
	at java.base/sun.nio.ch.SocketChannelImpl.read(SocketChannelImpl.java:493)
	at bg.sofia.uni.fmi.mjt.uno.server.ClientHandler.readMessageFromClient(ClientHandler.java:55)
	at bg.sofia.uni.fmi.mjt.uno.server.ClientHandler.run(ClientHandler.java:30)
	at java.base/java.lang.Thread.run(Thread.java:1575)
===================================================
Timestamp: 2025-01-29T12:26:57.024631800
Client Info: Username: krisi, Address: /127.0.0.1:59883
Log Level: ERROR
Message: Error occurred while handling client: Username: krisi, Address: /127.0.0.1:59883
Stacktrace:
java.net.SocketException: Connection reset
	at java.base/sun.nio.ch.SocketChannelImpl.throwConnectionReset(SocketChannelImpl.java:403)
	at java.base/sun.nio.ch.SocketChannelImpl.implRead(SocketChannelImpl.java:419)
	at java.base/sun.nio.ch.SocketChannelImpl.read(SocketChannelImpl.java:493)
	at bg.sofia.uni.fmi.mjt.uno.server.ClientHandler.readMessageFromClient(ClientHandler.java:55)
	at bg.sofia.uni.fmi.mjt.uno.server.ClientHandler.run(ClientHandler.java:30)
	at java.base/java.lang.Thread.run(Thread.java:1575)
===================================================
Timestamp: 2025-01-29T12:26:56.960774600
Client Info: Username: krisi, Address: /127.0.0.1:59883
Log Level: ERROR
Message: Error occurred while handling client: Username: krisi, Address: /127.0.0.1:59883
Stacktrace:
java.net.SocketException: Connection reset
	at java.base/sun.nio.ch.SocketChannelImpl.throwConnectionReset(SocketChannelImpl.java:403)
	at java.base/sun.nio.ch.SocketChannelImpl.implRead(SocketChannelImpl.java:419)
	at java.base/sun.nio.ch.SocketChannelImpl.read(SocketChannelImpl.java:493)
	at bg.sofia.uni.fmi.mjt.uno.server.ClientHandler.readMessageFromClient(ClientHandler.java:55)
	at bg.sofia.uni.fmi.mjt.uno.server.ClientHandler.run(ClientHandler.java:30)
	at java.base/java.lang.Thread.run(Thread.java:1575)
===================================================
Timestamp: 2025-01-29T12:26:56.974776100
Client Info: Username: krisi, Address: /127.0.0.1:59883
Log Level: ERROR
Message: Error occurred while handling client: Username: krisi, Address: /127.0.0.1:59883
Stacktrace:
java.net.SocketException: Connection reset
	at java.base/sun.nio.ch.SocketChannelImpl.throwConnectionReset(SocketChannelImpl.java:403)
	at java.base/sun.nio.ch.SocketChannelImpl.implRead(SocketChannelImpl.java:419)
	at java.base/sun.nio.ch.SocketChannelImpl.read(SocketChannelImpl.java:493)
	at bg.sofia.uni.fmi.mjt.uno.server.ClientHandler.readMessageFromClient(ClientHandler.java:55)
	at bg.sofia.uni.fmi.mjt.uno.server.ClientHandler.run(ClientHandler.java:30)
	at java.base/java.lang.Thread.run(Thread.java:1575)
===================================================
Timestamp: 2025-01-29T12:26:57.046449500
Client Info: Username: krisi, Address: /127.0.0.1:59883
Log Level: ERROR
Message: Error occurred while handling client: Username: krisi, Address: /127.0.0.1:59883
Stacktrace:
java.net.SocketException: Connection reset
	at java.base/sun.nio.ch.SocketChannelImpl.throwConnectionReset(SocketChannelImpl.java:403)
	at java.base/sun.nio.ch.SocketChannelImpl.implRead(SocketChannelImpl.java:419)
	at java.base/sun.nio.ch.SocketChannelImpl.read(SocketChannelImpl.java:493)
	at bg.sofia.uni.fmi.mjt.uno.server.ClientHandler.readMessageFromClient(ClientHandler.java:55)
	at bg.sofia.uni.fmi.mjt.uno.server.ClientHandler.run(ClientHandler.java:30)
	at java.base/java.lang.Thread.run(Thread.java:1575)
===================================================
Timestamp: 2025-01-29T12:26:56.960774600
Client Info: Username: krisi, Address: /127.0.0.1:59883
Log Level: ERROR
Message: Error occurred while handling client: Username: krisi, Address: /127.0.0.1:59883
Stacktrace:
java.net.SocketException: Connection reset
	at java.base/sun.nio.ch.SocketChannelImpl.throwConnectionReset(SocketChannelImpl.java:403)
	at java.base/sun.nio.ch.SocketChannelImpl.implRead(SocketChannelImpl.java:419)
	at java.base/sun.nio.ch.SocketChannelImpl.read(SocketChannelImpl.java:493)
	at bg.sofia.uni.fmi.mjt.uno.server.ClientHandler.readMessageFromClient(ClientHandler.java:55)
	at bg.sofia.uni.fmi.mjt.uno.server.ClientHandler.run(ClientHandler.java:30)
	at java.base/java.lang.Thread.run(Thread.java:1575)
===================================================
Timestamp: 2025-01-29T12:26:57.038932400
Client Info: Username: krisi, Address: /127.0.0.1:59883
Log Level: ERROR
Message: Error occurred while handling client: Username: krisi, Address: /127.0.0.1:59883
Stacktrace:
java.net.SocketException: Connection reset
	at java.base/sun.nio.ch.SocketChannelImpl.throwConnectionReset(SocketChannelImpl.java:403)
	at java.base/sun.nio.ch.SocketChannelImpl.implRead(SocketChannelImpl.java:419)
	at java.base/sun.nio.ch.SocketChannelImpl.read(SocketChannelImpl.java:493)
	at bg.sofia.uni.fmi.mjt.uno.server.ClientHandler.readMessageFromClient(ClientHandler.java:55)
	at bg.sofia.uni.fmi.mjt.uno.server.ClientHandler.run(ClientHandler.java:30)
	at java.base/java.lang.Thread.run(Thread.java:1575)
===================================================
Timestamp: 2025-01-29T12:26:57.024631800
Client Info: Username: krisi, Address: /127.0.0.1:59883
Log Level: ERROR
Message: Error occurred while handling client: Username: krisi, Address: /127.0.0.1:59883
Stacktrace:
java.net.SocketException: Connection reset
	at java.base/sun.nio.ch.SocketChannelImpl.throwConnectionReset(SocketChannelImpl.java:403)
	at java.base/sun.nio.ch.SocketChannelImpl.implRead(SocketChannelImpl.java:419)
	at java.base/sun.nio.ch.SocketChannelImpl.read(SocketChannelImpl.java:493)
	at bg.sofia.uni.fmi.mjt.uno.server.ClientHandler.readMessageFromClient(ClientHandler.java:55)
	at bg.sofia.uni.fmi.mjt.uno.server.ClientHandler.run(ClientHandler.java:30)
	at java.base/java.lang.Thread.run(Thread.java:1575)
===================================================
Timestamp: 2025-01-29T12:26:56.961774700
Client Info: Username: krisi, Address: /127.0.0.1:59883
Log Level: ERROR
Message: Error occurred while handling client: Username: krisi, Address: /127.0.0.1:59883
Stacktrace:
java.net.SocketException: Connection reset
	at java.base/sun.nio.ch.SocketChannelImpl.throwConnectionReset(SocketChannelImpl.java:403)
	at java.base/sun.nio.ch.SocketChannelImpl.implRead(SocketChannelImpl.java:419)
	at java.base/sun.nio.ch.SocketChannelImpl.read(SocketChannelImpl.java:493)
	at bg.sofia.uni.fmi.mjt.uno.server.ClientHandler.readMessageFromClient(ClientHandler.java:55)
	at bg.sofia.uni.fmi.mjt.uno.server.ClientHandler.run(ClientHandler.java:30)
	at java.base/java.lang.Thread.run(Thread.java:1575)
===================================================
Timestamp: 2025-01-29T12:26:56.961774700
Client Info: Username: krisi, Address: /127.0.0.1:59883
Log Level: ERROR
Message: Error occurred while handling client: Username: krisi, Address: /127.0.0.1:59883
Stacktrace:
java.net.SocketException: Connection reset
	at java.base/sun.nio.ch.SocketChannelImpl.throwConnectionReset(SocketChannelImpl.java:403)
	at java.base/sun.nio.ch.SocketChannelImpl.implRead(SocketChannelImpl.java:419)
	at java.base/sun.nio.ch.SocketChannelImpl.read(SocketChannelImpl.java:493)
	at bg.sofia.uni.fmi.mjt.uno.server.ClientHandler.readMessageFromClient(ClientHandler.java:55)
	at bg.sofia.uni.fmi.mjt.uno.server.ClientHandler.run(ClientHandler.java:30)
	at java.base/java.lang.Thread.run(Thread.java:1575)
===================================================
Timestamp: 2025-01-29T12:26:57.025631300
Client Info: Username: krisi, Address: /127.0.0.1:59883
Log Level: ERROR
Message: Error occurred while handling client: Username: krisi, Address: /127.0.0.1:59883
Stacktrace:
java.net.SocketException: Connection reset
	at java.base/sun.nio.ch.SocketChannelImpl.throwConnectionReset(SocketChannelImpl.java:403)
	at java.base/sun.nio.ch.SocketChannelImpl.implRead(SocketChannelImpl.java:419)
	at java.base/sun.nio.ch.SocketChannelImpl.read(SocketChannelImpl.java:493)
	at bg.sofia.uni.fmi.mjt.uno.server.ClientHandler.readMessageFromClient(ClientHandler.java:55)
	at bg.sofia.uni.fmi.mjt.uno.server.ClientHandler.run(ClientHandler.java:30)
	at java.base/java.lang.Thread.run(Thread.java:1575)
===================================================
Timestamp: 2025-01-29T12:26:56.962775
Client Info: Username: krisi, Address: /127.0.0.1:59883
Log Level: ERROR
Message: Error occurred while handling client: Username: krisi, Address: /127.0.0.1:59883
Stacktrace:
java.net.SocketException: Connection reset
	at java.base/sun.nio.ch.SocketChannelImpl.throwConnectionReset(SocketChannelImpl.java:403)
	at java.base/sun.nio.ch.SocketChannelImpl.implRead(SocketChannelImpl.java:419)
	at java.base/sun.nio.ch.SocketChannelImpl.read(SocketChannelImpl.java:493)
	at bg.sofia.uni.fmi.mjt.uno.server.ClientHandler.readMessageFromClient(ClientHandler.java:55)
	at bg.sofia.uni.fmi.mjt.uno.server.ClientHandler.run(ClientHandler.java:30)
	at java.base/java.lang.Thread.run(Thread.java:1575)
===================================================
Timestamp: 2025-01-29T12:26:56.960774600
Client Info: Username: krisi, Address: /127.0.0.1:59883
Log Level: ERROR
Message: Error occurred while handling client: Username: krisi, Address: /127.0.0.1:59883
Stacktrace:
java.net.SocketException: Connection reset
	at java.base/sun.nio.ch.SocketChannelImpl.throwConnectionReset(SocketChannelImpl.java:403)
	at java.base/sun.nio.ch.SocketChannelImpl.implRead(SocketChannelImpl.java:419)
	at java.base/sun.nio.ch.SocketChannelImpl.read(SocketChannelImpl.java:493)
	at bg.sofia.uni.fmi.mjt.uno.server.ClientHandler.readMessageFromClient(ClientHandler.java:55)
	at bg.sofia.uni.fmi.mjt.uno.server.ClientHandler.run(ClientHandler.java:30)
	at java.base/java.lang.Thread.run(Thread.java:1575)
===================================================
Timestamp: 2025-01-29T12:26:56.961774700
Client Info: Username: krisi, Address: /127.0.0.1:59883
Log Level: ERROR
Message: Error occurred while handling client: Username: krisi, Address: /127.0.0.1:59883
Stacktrace:
java.net.SocketException: Connection reset
	at java.base/sun.nio.ch.SocketChannelImpl.throwConnectionReset(SocketChannelImpl.java:403)
	at java.base/sun.nio.ch.SocketChannelImpl.implRead(SocketChannelImpl.java:419)
	at java.base/sun.nio.ch.SocketChannelImpl.read(SocketChannelImpl.java:493)
	at bg.sofia.uni.fmi.mjt.uno.server.ClientHandler.readMessageFromClient(ClientHandler.java:55)
	at bg.sofia.uni.fmi.mjt.uno.server.ClientHandler.run(ClientHandler.java:30)
	at java.base/java.lang.Thread.run(Thread.java:1575)
===================================================
Timestamp: 2025-01-29T12:26:57.030416100
Client Info: Username: krisi, Address: /127.0.0.1:59883
Log Level: ERROR
Message: Error occurred while handling client: Username: krisi, Address: /127.0.0.1:59883
Stacktrace:
java.net.SocketException: Connection reset
	at java.base/sun.nio.ch.SocketChannelImpl.throwConnectionReset(SocketChannelImpl.java:403)
	at java.base/sun.nio.ch.SocketChannelImpl.implRead(SocketChannelImpl.java:419)
	at java.base/sun.nio.ch.SocketChannelImpl.read(SocketChannelImpl.java:493)
	at bg.sofia.uni.fmi.mjt.uno.server.ClientHandler.readMessageFromClient(ClientHandler.java:55)
	at bg.sofia.uni.fmi.mjt.uno.server.ClientHandler.run(ClientHandler.java:30)
	at java.base/java.lang.Thread.run(Thread.java:1575)
===================================================
Timestamp: 2025-01-29T12:26:57.025631300
Client Info: Username: krisi, Address: /127.0.0.1:59883
Log Level: ERROR
Message: Error occurred while handling client: Username: krisi, Address: /127.0.0.1:59883
Stacktrace:
java.net.SocketException: Connection reset
	at java.base/sun.nio.ch.SocketChannelImpl.throwConnectionReset(SocketChannelImpl.java:403)
	at java.base/sun.nio.ch.SocketChannelImpl.implRead(SocketChannelImpl.java:419)
	at java.base/sun.nio.ch.SocketChannelImpl.read(SocketChannelImpl.java:493)
	at bg.sofia.uni.fmi.mjt.uno.server.ClientHandler.readMessageFromClient(ClientHandler.java:55)
	at bg.sofia.uni.fmi.mjt.uno.server.ClientHandler.run(ClientHandler.java:30)
	at java.base/java.lang.Thread.run(Thread.java:1575)
===================================================
Timestamp: 2025-01-29T12:26:57.029415800
Client Info: Username: krisi, Address: /127.0.0.1:59883
Log Level: ERROR
Message: Error occurred while handling client: Username: krisi, Address: /127.0.0.1:59883
Stacktrace:
java.net.SocketException: Connection reset
	at java.base/sun.nio.ch.SocketChannelImpl.throwConnectionReset(SocketChannelImpl.java:403)
	at java.base/sun.nio.ch.SocketChannelImpl.implRead(SocketChannelImpl.java:419)
	at java.base/sun.nio.ch.SocketChannelImpl.read(SocketChannelImpl.java:493)
	at bg.sofia.uni.fmi.mjt.uno.server.ClientHandler.readMessageFromClient(ClientHandler.java:55)
	at bg.sofia.uni.fmi.mjt.uno.server.ClientHandler.run(ClientHandler.java:30)
	at java.base/java.lang.Thread.run(Thread.java:1575)
===================================================
Timestamp: 2025-01-29T12:26:57.025631300
Client Info: Username: krisi, Address: /127.0.0.1:59883
Log Level: ERROR
Message: Error occurred while handling client: Username: krisi, Address: /127.0.0.1:59883
Stacktrace:
java.net.SocketException: Connection reset
	at java.base/sun.nio.ch.SocketChannelImpl.throwConnectionReset(SocketChannelImpl.java:403)
	at java.base/sun.nio.ch.SocketChannelImpl.implRead(SocketChannelImpl.java:419)
	at java.base/sun.nio.ch.SocketChannelImpl.read(SocketChannelImpl.java:493)
	at bg.sofia.uni.fmi.mjt.uno.server.ClientHandler.readMessageFromClient(ClientHandler.java:55)
	at bg.sofia.uni.fmi.mjt.uno.server.ClientHandler.run(ClientHandler.java:30)
	at java.base/java.lang.Thread.run(Thread.java:1575)
===================================================
Timestamp: 2025-01-29T12:26:56.962775
Client Info: Username: krisi, Address: /127.0.0.1:59883
Log Level: ERROR
Message: Error occurred while handling client: Username: krisi, Address: /127.0.0.1:59883
Stacktrace:
java.net.SocketException: Connection reset
	at java.base/sun.nio.ch.SocketChannelImpl.throwConnectionReset(SocketChannelImpl.java:403)
	at java.base/sun.nio.ch.SocketChannelImpl.implRead(SocketChannelImpl.java:419)
	at java.base/sun.nio.ch.SocketChannelImpl.read(SocketChannelImpl.java:493)
	at bg.sofia.uni.fmi.mjt.uno.server.ClientHandler.readMessageFromClient(ClientHandler.java:55)
	at bg.sofia.uni.fmi.mjt.uno.server.ClientHandler.run(ClientHandler.java:30)
	at java.base/java.lang.Thread.run(Thread.java:1575)
===================================================
Timestamp: 2025-01-29T12:26:56.960774600
Client Info: Username: krisi, Address: /127.0.0.1:59883
Log Level: ERROR
Message: Error occurred while handling client: Username: krisi, Address: /127.0.0.1:59883
Stacktrace:
java.net.SocketException: Connection reset
	at java.base/sun.nio.ch.SocketChannelImpl.throwConnectionReset(SocketChannelImpl.java:403)
	at java.base/sun.nio.ch.SocketChannelImpl.implRead(SocketChannelImpl.java:419)
	at java.base/sun.nio.ch.SocketChannelImpl.read(SocketChannelImpl.java:493)
	at bg.sofia.uni.fmi.mjt.uno.server.ClientHandler.readMessageFromClient(ClientHandler.java:55)
	at bg.sofia.uni.fmi.mjt.uno.server.ClientHandler.run(ClientHandler.java:30)
	at java.base/java.lang.Thread.run(Thread.java:1575)
===================================================
Timestamp: 2025-01-29T12:26:57.025631300
Client Info: Username: krisi, Address: /127.0.0.1:59883
Log Level: ERROR
Message: Error occurred while handling client: Username: krisi, Address: /127.0.0.1:59883
Stacktrace:
java.net.SocketException: Connection reset
	at java.base/sun.nio.ch.SocketChannelImpl.throwConnectionReset(SocketChannelImpl.java:403)
	at java.base/sun.nio.ch.SocketChannelImpl.implRead(SocketChannelImpl.java:419)
	at java.base/sun.nio.ch.SocketChannelImpl.read(SocketChannelImpl.java:493)
	at bg.sofia.uni.fmi.mjt.uno.server.ClientHandler.readMessageFromClient(ClientHandler.java:55)
	at bg.sofia.uni.fmi.mjt.uno.server.ClientHandler.run(ClientHandler.java:30)
	at java.base/java.lang.Thread.run(Thread.java:1575)
===================================================
Timestamp: 2025-01-29T12:26:57.025631300
Client Info: Username: krisi, Address: /127.0.0.1:59883
Log Level: ERROR
Message: Error occurred while handling client: Username: krisi, Address: /127.0.0.1:59883
Stacktrace:
java.net.SocketException: Connection reset
	at java.base/sun.nio.ch.SocketChannelImpl.throwConnectionReset(SocketChannelImpl.java:403)
	at java.base/sun.nio.ch.SocketChannelImpl.implRead(SocketChannelImpl.java:419)
	at java.base/sun.nio.ch.SocketChannelImpl.read(SocketChannelImpl.java:493)
	at bg.sofia.uni.fmi.mjt.uno.server.ClientHandler.readMessageFromClient(ClientHandler.java:55)
	at bg.sofia.uni.fmi.mjt.uno.server.ClientHandler.run(ClientHandler.java:30)
	at java.base/java.lang.Thread.run(Thread.java:1575)
===================================================
Timestamp: 2025-01-29T12:26:56.953774800
Client Info: Username: krisi, Address: /127.0.0.1:59883
Log Level: ERROR
Message: Error occurred while handling client: Username: krisi, Address: /127.0.0.1:59883
Stacktrace:
java.net.SocketException: Connection reset
	at java.base/sun.nio.ch.SocketChannelImpl.throwConnectionReset(SocketChannelImpl.java:403)
	at java.base/sun.nio.ch.SocketChannelImpl.implRead(SocketChannelImpl.java:419)
	at java.base/sun.nio.ch.SocketChannelImpl.read(SocketChannelImpl.java:493)
	at bg.sofia.uni.fmi.mjt.uno.server.ClientHandler.readMessageFromClient(ClientHandler.java:55)
	at bg.sofia.uni.fmi.mjt.uno.server.ClientHandler.run(ClientHandler.java:30)
	at java.base/java.lang.Thread.run(Thread.java:1575)
===================================================
Timestamp: 2025-01-29T12:26:56.961774700
Client Info: Username: krisi, Address: /127.0.0.1:59883
Log Level: ERROR
Message: Error occurred while handling client: Username: krisi, Address: /127.0.0.1:59883
Stacktrace:
java.net.SocketException: Connection reset
	at java.base/sun.nio.ch.SocketChannelImpl.throwConnectionReset(SocketChannelImpl.java:403)
	at java.base/sun.nio.ch.SocketChannelImpl.implRead(SocketChannelImpl.java:419)
	at java.base/sun.nio.ch.SocketChannelImpl.read(SocketChannelImpl.java:493)
	at bg.sofia.uni.fmi.mjt.uno.server.ClientHandler.readMessageFromClient(ClientHandler.java:55)
	at bg.sofia.uni.fmi.mjt.uno.server.ClientHandler.run(ClientHandler.java:30)
	at java.base/java.lang.Thread.run(Thread.java:1575)
===================================================
Timestamp: 2025-01-29T12:26:57.025631300
Client Info: Username: krisi, Address: /127.0.0.1:59883
Log Level: ERROR
Message: Error occurred while handling client: Username: krisi, Address: /127.0.0.1:59883
Stacktrace:
java.net.SocketException: Connection reset
	at java.base/sun.nio.ch.SocketChannelImpl.throwConnectionReset(SocketChannelImpl.java:403)
	at java.base/sun.nio.ch.SocketChannelImpl.implRead(SocketChannelImpl.java:419)
	at java.base/sun.nio.ch.SocketChannelImpl.read(SocketChannelImpl.java:493)
	at bg.sofia.uni.fmi.mjt.uno.server.ClientHandler.readMessageFromClient(ClientHandler.java:55)
	at bg.sofia.uni.fmi.mjt.uno.server.ClientHandler.run(ClientHandler.java:30)
	at java.base/java.lang.Thread.run(Thread.java:1575)
===================================================
Timestamp: 2025-01-29T12:26:56.962775
Client Info: Username: krisi, Address: /127.0.0.1:59883
Log Level: ERROR
Message: Error occurred while handling client: Username: krisi, Address: /127.0.0.1:59883
Stacktrace:
java.net.SocketException: Connection reset
	at java.base/sun.nio.ch.SocketChannelImpl.throwConnectionReset(SocketChannelImpl.java:403)
	at java.base/sun.nio.ch.SocketChannelImpl.implRead(SocketChannelImpl.java:419)
	at java.base/sun.nio.ch.SocketChannelImpl.read(SocketChannelImpl.java:493)
	at bg.sofia.uni.fmi.mjt.uno.server.ClientHandler.readMessageFromClient(ClientHandler.java:55)
	at bg.sofia.uni.fmi.mjt.uno.server.ClientHandler.run(ClientHandler.java:30)
	at java.base/java.lang.Thread.run(Thread.java:1575)
===================================================
Timestamp: 2025-01-29T12:26:56.953774800
Client Info: Username: krisi, Address: /127.0.0.1:59883
Log Level: ERROR
Message: Error occurred while handling client: Username: krisi, Address: /127.0.0.1:59883
Stacktrace:
java.net.SocketException: Connection reset
	at java.base/sun.nio.ch.SocketChannelImpl.throwConnectionReset(SocketChannelImpl.java:403)
	at java.base/sun.nio.ch.SocketChannelImpl.implRead(SocketChannelImpl.java:419)
	at java.base/sun.nio.ch.SocketChannelImpl.read(SocketChannelImpl.java:493)
	at bg.sofia.uni.fmi.mjt.uno.server.ClientHandler.readMessageFromClient(ClientHandler.java:55)
	at bg.sofia.uni.fmi.mjt.uno.server.ClientHandler.run(ClientHandler.java:30)
	at java.base/java.lang.Thread.run(Thread.java:1575)
===================================================
Timestamp: 2025-01-29T12:26:57.029415800
Client Info: Username: krisi, Address: /127.0.0.1:59883
Log Level: ERROR
Message: Error occurred while handling client: Username: krisi, Address: /127.0.0.1:59883
Stacktrace:
java.net.SocketException: Connection reset
	at java.base/sun.nio.ch.SocketChannelImpl.throwConnectionReset(SocketChannelImpl.java:403)
	at java.base/sun.nio.ch.SocketChannelImpl.implRead(SocketChannelImpl.java:419)
	at java.base/sun.nio.ch.SocketChannelImpl.read(SocketChannelImpl.java:493)
	at bg.sofia.uni.fmi.mjt.uno.server.ClientHandler.readMessageFromClient(ClientHandler.java:55)
	at bg.sofia.uni.fmi.mjt.uno.server.ClientHandler.run(ClientHandler.java:30)
	at java.base/java.lang.Thread.run(Thread.java:1575)
===================================================
Timestamp: 2025-01-29T12:26:57.041932400
Client Info: Username: krisi, Address: /127.0.0.1:59883
Log Level: ERROR
Message: Error occurred while handling client: Username: krisi, Address: /127.0.0.1:59883
Stacktrace:
java.net.SocketException: Connection reset
	at java.base/sun.nio.ch.SocketChannelImpl.throwConnectionReset(SocketChannelImpl.java:403)
	at java.base/sun.nio.ch.SocketChannelImpl.implRead(SocketChannelImpl.java:419)
	at java.base/sun.nio.ch.SocketChannelImpl.read(SocketChannelImpl.java:493)
	at bg.sofia.uni.fmi.mjt.uno.server.ClientHandler.readMessageFromClient(ClientHandler.java:55)
	at bg.sofia.uni.fmi.mjt.uno.server.ClientHandler.run(ClientHandler.java:30)
	at java.base/java.lang.Thread.run(Thread.java:1575)
===================================================
Timestamp: 2025-01-29T12:26:56.953774800
Client Info: Username: krisi, Address: /127.0.0.1:59883
Log Level: ERROR
Message: Error occurred while handling client: Username: krisi, Address: /127.0.0.1:59883
Stacktrace:
java.net.SocketException: Connection reset
	at java.base/sun.nio.ch.SocketChannelImpl.throwConnectionReset(SocketChannelImpl.java:403)
	at java.base/sun.nio.ch.SocketChannelImpl.implRead(SocketChannelImpl.java:419)
	at java.base/sun.nio.ch.SocketChannelImpl.read(SocketChannelImpl.java:493)
	at bg.sofia.uni.fmi.mjt.uno.server.ClientHandler.readMessageFromClient(ClientHandler.java:55)
	at bg.sofia.uni.fmi.mjt.uno.server.ClientHandler.run(ClientHandler.java:30)
	at java.base/java.lang.Thread.run(Thread.java:1575)
===================================================
Timestamp: 2025-01-29T12:26:57.041932400
Client Info: Username: krisi, Address: /127.0.0.1:59883
Log Level: ERROR
Message: Error occurred while handling client: Username: krisi, Address: /127.0.0.1:59883
Stacktrace:
java.net.SocketException: Connection reset
	at java.base/sun.nio.ch.SocketChannelImpl.throwConnectionReset(SocketChannelImpl.java:403)
	at java.base/sun.nio.ch.SocketChannelImpl.implRead(SocketChannelImpl.java:419)
	at java.base/sun.nio.ch.SocketChannelImpl.read(SocketChannelImpl.java:493)
	at bg.sofia.uni.fmi.mjt.uno.server.ClientHandler.readMessageFromClient(ClientHandler.java:55)
	at bg.sofia.uni.fmi.mjt.uno.server.ClientHandler.run(ClientHandler.java:30)
	at java.base/java.lang.Thread.run(Thread.java:1575)
===================================================
Timestamp: 2025-01-29T12:26:56.967776300
Client Info: Username: krisi, Address: /127.0.0.1:59883
Log Level: ERROR
Message: Error occurred while handling client: Username: krisi, Address: /127.0.0.1:59883
Stacktrace:
java.net.SocketException: Connection reset
	at java.base/sun.nio.ch.SocketChannelImpl.throwConnectionReset(SocketChannelImpl.java:403)
	at java.base/sun.nio.ch.SocketChannelImpl.implRead(SocketChannelImpl.java:419)
	at java.base/sun.nio.ch.SocketChannelImpl.read(SocketChannelImpl.java:493)
	at bg.sofia.uni.fmi.mjt.uno.server.ClientHandler.readMessageFromClient(ClientHandler.java:55)
	at bg.sofia.uni.fmi.mjt.uno.server.ClientHandler.run(ClientHandler.java:30)
	at java.base/java.lang.Thread.run(Thread.java:1575)
===================================================
Timestamp: 2025-01-29T12:26:57.025631300
Client Info: Username: krisi, Address: /127.0.0.1:59883
Log Level: ERROR
Message: Error occurred while handling client: Username: krisi, Address: /127.0.0.1:59883
Stacktrace:
java.net.SocketException: Connection reset
	at java.base/sun.nio.ch.SocketChannelImpl.throwConnectionReset(SocketChannelImpl.java:403)
	at java.base/sun.nio.ch.SocketChannelImpl.implRead(SocketChannelImpl.java:419)
	at java.base/sun.nio.ch.SocketChannelImpl.read(SocketChannelImpl.java:493)
	at bg.sofia.uni.fmi.mjt.uno.server.ClientHandler.readMessageFromClient(ClientHandler.java:55)
	at bg.sofia.uni.fmi.mjt.uno.server.ClientHandler.run(ClientHandler.java:30)
	at java.base/java.lang.Thread.run(Thread.java:1575)
===================================================
Timestamp: 2025-01-29T12:26:56.953774800
Client Info: Username: krisi, Address: /127.0.0.1:59883
Log Level: ERROR
Message: Error occurred while handling client: Username: krisi, Address: /127.0.0.1:59883
Stacktrace:
java.net.SocketException: Connection reset
	at java.base/sun.nio.ch.SocketChannelImpl.throwConnectionReset(SocketChannelImpl.java:403)
	at java.base/sun.nio.ch.SocketChannelImpl.implRead(SocketChannelImpl.java:419)
	at java.base/sun.nio.ch.SocketChannelImpl.read(SocketChannelImpl.java:493)
	at bg.sofia.uni.fmi.mjt.uno.server.ClientHandler.readMessageFromClient(ClientHandler.java:55)
	at bg.sofia.uni.fmi.mjt.uno.server.ClientHandler.run(ClientHandler.java:30)
	at java.base/java.lang.Thread.run(Thread.java:1575)
===================================================
Timestamp: 2025-01-29T12:26:56.968775900
Client Info: Username: krisi, Address: /127.0.0.1:59883
Log Level: ERROR
Message: Error occurred while handling client: Username: krisi, Address: /127.0.0.1:59883
Stacktrace:
java.net.SocketException: Connection reset
	at java.base/sun.nio.ch.SocketChannelImpl.throwConnectionReset(SocketChannelImpl.java:403)
	at java.base/sun.nio.ch.SocketChannelImpl.implRead(SocketChannelImpl.java:419)
	at java.base/sun.nio.ch.SocketChannelImpl.read(SocketChannelImpl.java:493)
	at bg.sofia.uni.fmi.mjt.uno.server.ClientHandler.readMessageFromClient(ClientHandler.java:55)
	at bg.sofia.uni.fmi.mjt.uno.server.ClientHandler.run(ClientHandler.java:30)
	at java.base/java.lang.Thread.run(Thread.java:1575)
===================================================
Timestamp: 2025-01-29T12:26:57.100993400
Client Info: Username: krisi, Address: /127.0.0.1:59883
Log Level: ERROR
Message: Error occurred while handling client: Username: krisi, Address: /127.0.0.1:59883
Stacktrace:
java.net.SocketException: Connection reset
	at java.base/sun.nio.ch.SocketChannelImpl.throwConnectionReset(SocketChannelImpl.java:403)
	at java.base/sun.nio.ch.SocketChannelImpl.implRead(SocketChannelImpl.java:419)
	at java.base/sun.nio.ch.SocketChannelImpl.read(SocketChannelImpl.java:493)
	at bg.sofia.uni.fmi.mjt.uno.server.ClientHandler.readMessageFromClient(ClientHandler.java:55)
	at bg.sofia.uni.fmi.mjt.uno.server.ClientHandler.run(ClientHandler.java:30)
	at java.base/java.lang.Thread.run(Thread.java:1575)
===================================================
Timestamp: 2025-01-29T12:26:57.026631500
Client Info: Username: krisi, Address: /127.0.0.1:59883
Log Level: ERROR
Message: Error occurred while handling client: Username: krisi, Address: /127.0.0.1:59883
Stacktrace:
java.net.SocketException: Connection reset
	at java.base/sun.nio.ch.SocketChannelImpl.throwConnectionReset(SocketChannelImpl.java:403)
	at java.base/sun.nio.ch.SocketChannelImpl.implRead(SocketChannelImpl.java:419)
	at java.base/sun.nio.ch.SocketChannelImpl.read(SocketChannelImpl.java:493)
	at bg.sofia.uni.fmi.mjt.uno.server.ClientHandler.readMessageFromClient(ClientHandler.java:55)
	at bg.sofia.uni.fmi.mjt.uno.server.ClientHandler.run(ClientHandler.java:30)
	at java.base/java.lang.Thread.run(Thread.java:1575)
===================================================
Timestamp: 2025-01-29T12:26:56.963776800
Client Info: Username: krisi, Address: /127.0.0.1:59883
Log Level: ERROR
Message: Error occurred while handling client: Username: krisi, Address: /127.0.0.1:59883
Stacktrace:
java.net.SocketException: Connection reset
	at java.base/sun.nio.ch.SocketChannelImpl.throwConnectionReset(SocketChannelImpl.java:403)
	at java.base/sun.nio.ch.SocketChannelImpl.implRead(SocketChannelImpl.java:419)
	at java.base/sun.nio.ch.SocketChannelImpl.read(SocketChannelImpl.java:493)
	at bg.sofia.uni.fmi.mjt.uno.server.ClientHandler.readMessageFromClient(ClientHandler.java:55)
	at bg.sofia.uni.fmi.mjt.uno.server.ClientHandler.run(ClientHandler.java:30)
	at java.base/java.lang.Thread.run(Thread.java:1575)
===================================================
Timestamp: 2025-01-29T12:26:57.026631500
Client Info: Username: krisi, Address: /127.0.0.1:59883
Log Level: ERROR
Message: Error occurred while handling client: Username: krisi, Address: /127.0.0.1:59883
Stacktrace:
java.net.SocketException: Connection reset
	at java.base/sun.nio.ch.SocketChannelImpl.throwConnectionReset(SocketChannelImpl.java:403)
	at java.base/sun.nio.ch.SocketChannelImpl.implRead(SocketChannelImpl.java:419)
	at java.base/sun.nio.ch.SocketChannelImpl.read(SocketChannelImpl.java:493)
	at bg.sofia.uni.fmi.mjt.uno.server.ClientHandler.readMessageFromClient(ClientHandler.java:55)
	at bg.sofia.uni.fmi.mjt.uno.server.ClientHandler.run(ClientHandler.java:30)
	at java.base/java.lang.Thread.run(Thread.java:1575)
===================================================
Timestamp: 2025-01-29T12:26:56.963776800
Client Info: Username: krisi, Address: /127.0.0.1:59883
Log Level: ERROR
Message: Error occurred while handling client: Username: krisi, Address: /127.0.0.1:59883
Stacktrace:
java.net.SocketException: Connection reset
	at java.base/sun.nio.ch.SocketChannelImpl.throwConnectionReset(SocketChannelImpl.java:403)
	at java.base/sun.nio.ch.SocketChannelImpl.implRead(SocketChannelImpl.java:419)
	at java.base/sun.nio.ch.SocketChannelImpl.read(SocketChannelImpl.java:493)
	at bg.sofia.uni.fmi.mjt.uno.server.ClientHandler.readMessageFromClient(ClientHandler.java:55)
	at bg.sofia.uni.fmi.mjt.uno.server.ClientHandler.run(ClientHandler.java:30)
	at java.base/java.lang.Thread.run(Thread.java:1575)
===================================================
Timestamp: 2025-01-29T12:26:56.965776100
Client Info: Username: krisi, Address: /127.0.0.1:59883
Log Level: ERROR
Message: Error occurred while handling client: Username: krisi, Address: /127.0.0.1:59883
Stacktrace:
java.net.SocketException: Connection reset
	at java.base/sun.nio.ch.SocketChannelImpl.throwConnectionReset(SocketChannelImpl.java:403)
	at java.base/sun.nio.ch.SocketChannelImpl.implRead(SocketChannelImpl.java:419)
	at java.base/sun.nio.ch.SocketChannelImpl.read(SocketChannelImpl.java:493)
	at bg.sofia.uni.fmi.mjt.uno.server.ClientHandler.readMessageFromClient(ClientHandler.java:55)
	at bg.sofia.uni.fmi.mjt.uno.server.ClientHandler.run(ClientHandler.java:30)
	at java.base/java.lang.Thread.run(Thread.java:1575)
===================================================
Timestamp: 2025-01-29T12:26:57.026631500
Client Info: Username: krisi, Address: /127.0.0.1:59883
Log Level: ERROR
Message: Error occurred while handling client: Username: krisi, Address: /127.0.0.1:59883
Stacktrace:
java.net.SocketException: Connection reset
	at java.base/sun.nio.ch.SocketChannelImpl.throwConnectionReset(SocketChannelImpl.java:403)
	at java.base/sun.nio.ch.SocketChannelImpl.implRead(SocketChannelImpl.java:419)
	at java.base/sun.nio.ch.SocketChannelImpl.read(SocketChannelImpl.java:493)
	at bg.sofia.uni.fmi.mjt.uno.server.ClientHandler.readMessageFromClient(ClientHandler.java:55)
	at bg.sofia.uni.fmi.mjt.uno.server.ClientHandler.run(ClientHandler.java:30)
	at java.base/java.lang.Thread.run(Thread.java:1575)
===================================================
Timestamp: 2025-01-29T12:26:56.967776300
Client Info: Username: krisi, Address: /127.0.0.1:59883
Log Level: ERROR
Message: Error occurred while handling client: Username: krisi, Address: /127.0.0.1:59883
Stacktrace:
java.net.SocketException: Connection reset
	at java.base/sun.nio.ch.SocketChannelImpl.throwConnectionReset(SocketChannelImpl.java:403)
	at java.base/sun.nio.ch.SocketChannelImpl.implRead(SocketChannelImpl.java:419)
	at java.base/sun.nio.ch.SocketChannelImpl.read(SocketChannelImpl.java:493)
	at bg.sofia.uni.fmi.mjt.uno.server.ClientHandler.readMessageFromClient(ClientHandler.java:55)
	at bg.sofia.uni.fmi.mjt.uno.server.ClientHandler.run(ClientHandler.java:30)
	at java.base/java.lang.Thread.run(Thread.java:1575)
===================================================
Timestamp: 2025-01-29T12:26:56.951774700
Client Info: Username: krisi, Address: /127.0.0.1:59883
Log Level: ERROR
Message: Error occurred while handling client: Username: krisi, Address: /127.0.0.1:59883
Stacktrace:
java.net.SocketException: Connection reset
	at java.base/sun.nio.ch.SocketChannelImpl.throwConnectionReset(SocketChannelImpl.java:403)
	at java.base/sun.nio.ch.SocketChannelImpl.implRead(SocketChannelImpl.java:419)
	at java.base/sun.nio.ch.SocketChannelImpl.read(SocketChannelImpl.java:493)
	at bg.sofia.uni.fmi.mjt.uno.server.ClientHandler.readMessageFromClient(ClientHandler.java:55)
	at bg.sofia.uni.fmi.mjt.uno.server.ClientHandler.run(ClientHandler.java:30)
	at java.base/java.lang.Thread.run(Thread.java:1575)
===================================================
Timestamp: 2025-01-29T12:26:56.980514800
Client Info: Username: krisi, Address: /127.0.0.1:59883
Log Level: ERROR
Message: Error occurred while handling client: Username: krisi, Address: /127.0.0.1:59883
Stacktrace:
java.net.SocketException: Connection reset
	at java.base/sun.nio.ch.SocketChannelImpl.throwConnectionReset(SocketChannelImpl.java:403)
	at java.base/sun.nio.ch.SocketChannelImpl.implRead(SocketChannelImpl.java:419)
	at java.base/sun.nio.ch.SocketChannelImpl.read(SocketChannelImpl.java:493)
	at bg.sofia.uni.fmi.mjt.uno.server.ClientHandler.readMessageFromClient(ClientHandler.java:55)
	at bg.sofia.uni.fmi.mjt.uno.server.ClientHandler.run(ClientHandler.java:30)
	at java.base/java.lang.Thread.run(Thread.java:1575)
===================================================
Timestamp: 2025-01-29T12:26:56.962775
Client Info: Username: krisi, Address: /127.0.0.1:59883
Log Level: ERROR
Message: Error occurred while handling client: Username: krisi, Address: /127.0.0.1:59883
Stacktrace:
java.net.SocketException: Connection reset
	at java.base/sun.nio.ch.SocketChannelImpl.throwConnectionReset(SocketChannelImpl.java:403)
	at java.base/sun.nio.ch.SocketChannelImpl.implRead(SocketChannelImpl.java:419)
	at java.base/sun.nio.ch.SocketChannelImpl.read(SocketChannelImpl.java:493)
	at bg.sofia.uni.fmi.mjt.uno.server.ClientHandler.readMessageFromClient(ClientHandler.java:55)
	at bg.sofia.uni.fmi.mjt.uno.server.ClientHandler.run(ClientHandler.java:30)
	at java.base/java.lang.Thread.run(Thread.java:1575)
===================================================
Timestamp: 2025-01-29T12:26:56.950774400
Client Info: Username: krisi, Address: /127.0.0.1:59883
Log Level: ERROR
Message: Error occurred while handling client: Username: krisi, Address: /127.0.0.1:59883
Stacktrace:
java.net.SocketException: Connection reset
	at java.base/sun.nio.ch.SocketChannelImpl.throwConnectionReset(SocketChannelImpl.java:403)
	at java.base/sun.nio.ch.SocketChannelImpl.implRead(SocketChannelImpl.java:419)
	at java.base/sun.nio.ch.SocketChannelImpl.read(SocketChannelImpl.java:493)
	at bg.sofia.uni.fmi.mjt.uno.server.ClientHandler.readMessageFromClient(ClientHandler.java:55)
	at bg.sofia.uni.fmi.mjt.uno.server.ClientHandler.run(ClientHandler.java:30)
	at java.base/java.lang.Thread.run(Thread.java:1575)
===================================================
Timestamp: 2025-01-29T12:26:56.959774200
Client Info: Username: krisi, Address: /127.0.0.1:59883
Log Level: ERROR
Message: Error occurred while handling client: Username: krisi, Address: /127.0.0.1:59883
Stacktrace:
java.net.SocketException: Connection reset
	at java.base/sun.nio.ch.SocketChannelImpl.throwConnectionReset(SocketChannelImpl.java:403)
	at java.base/sun.nio.ch.SocketChannelImpl.implRead(SocketChannelImpl.java:419)
	at java.base/sun.nio.ch.SocketChannelImpl.read(SocketChannelImpl.java:493)
	at bg.sofia.uni.fmi.mjt.uno.server.ClientHandler.readMessageFromClient(ClientHandler.java:55)
	at bg.sofia.uni.fmi.mjt.uno.server.ClientHandler.run(ClientHandler.java:30)
	at java.base/java.lang.Thread.run(Thread.java:1575)
===================================================
Timestamp: 2025-01-29T12:26:56.959774200
Client Info: Username: krisi, Address: /127.0.0.1:59883
Log Level: ERROR
Message: Error occurred while handling client: Username: krisi, Address: /127.0.0.1:59883
Stacktrace:
java.net.SocketException: Connection reset
	at java.base/sun.nio.ch.SocketChannelImpl.throwConnectionReset(SocketChannelImpl.java:403)
	at java.base/sun.nio.ch.SocketChannelImpl.implRead(SocketChannelImpl.java:419)
	at java.base/sun.nio.ch.SocketChannelImpl.read(SocketChannelImpl.java:493)
	at bg.sofia.uni.fmi.mjt.uno.server.ClientHandler.readMessageFromClient(ClientHandler.java:55)
	at bg.sofia.uni.fmi.mjt.uno.server.ClientHandler.run(ClientHandler.java:30)
	at java.base/java.lang.Thread.run(Thread.java:1575)
===================================================
Timestamp: 2025-01-29T12:26:57.026631500
Client Info: Username: krisi, Address: /127.0.0.1:59883
Log Level: ERROR
Message: Error occurred while handling client: Username: krisi, Address: /127.0.0.1:59883
Stacktrace:
java.net.SocketException: Connection reset
	at java.base/sun.nio.ch.SocketChannelImpl.throwConnectionReset(SocketChannelImpl.java:403)
	at java.base/sun.nio.ch.SocketChannelImpl.implRead(SocketChannelImpl.java:419)
	at java.base/sun.nio.ch.SocketChannelImpl.read(SocketChannelImpl.java:493)
	at bg.sofia.uni.fmi.mjt.uno.server.ClientHandler.readMessageFromClient(ClientHandler.java:55)
	at bg.sofia.uni.fmi.mjt.uno.server.ClientHandler.run(ClientHandler.java:30)
	at java.base/java.lang.Thread.run(Thread.java:1575)
===================================================
Timestamp: 2025-01-29T12:26:56.975776200
Client Info: Username: krisi, Address: /127.0.0.1:59883
Log Level: ERROR
Message: Error occurred while handling client: Username: krisi, Address: /127.0.0.1:59883
Stacktrace:
java.net.SocketException: Connection reset
	at java.base/sun.nio.ch.SocketChannelImpl.throwConnectionReset(SocketChannelImpl.java:403)
	at java.base/sun.nio.ch.SocketChannelImpl.implRead(SocketChannelImpl.java:419)
	at java.base/sun.nio.ch.SocketChannelImpl.read(SocketChannelImpl.java:493)
	at bg.sofia.uni.fmi.mjt.uno.server.ClientHandler.readMessageFromClient(ClientHandler.java:55)
	at bg.sofia.uni.fmi.mjt.uno.server.ClientHandler.run(ClientHandler.java:30)
	at java.base/java.lang.Thread.run(Thread.java:1575)
===================================================
Timestamp: 2025-01-29T12:26:56.981774
Client Info: Username: krisi, Address: /127.0.0.1:59883
Log Level: ERROR
Message: Error occurred while handling client: Username: krisi, Address: /127.0.0.1:59883
Stacktrace:
java.net.SocketException: Connection reset
	at java.base/sun.nio.ch.SocketChannelImpl.throwConnectionReset(SocketChannelImpl.java:403)
	at java.base/sun.nio.ch.SocketChannelImpl.implRead(SocketChannelImpl.java:419)
	at java.base/sun.nio.ch.SocketChannelImpl.read(SocketChannelImpl.java:493)
	at bg.sofia.uni.fmi.mjt.uno.server.ClientHandler.readMessageFromClient(ClientHandler.java:55)
	at bg.sofia.uni.fmi.mjt.uno.server.ClientHandler.run(ClientHandler.java:30)
	at java.base/java.lang.Thread.run(Thread.java:1575)
===================================================
Timestamp: 2025-01-29T12:26:56.960774600
Client Info: Username: krisi, Address: /127.0.0.1:59883
Log Level: ERROR
Message: Error occurred while handling client: Username: krisi, Address: /127.0.0.1:59883
Stacktrace:
java.net.SocketException: Connection reset
	at java.base/sun.nio.ch.SocketChannelImpl.throwConnectionReset(SocketChannelImpl.java:403)
	at java.base/sun.nio.ch.SocketChannelImpl.implRead(SocketChannelImpl.java:419)
	at java.base/sun.nio.ch.SocketChannelImpl.read(SocketChannelImpl.java:493)
	at bg.sofia.uni.fmi.mjt.uno.server.ClientHandler.readMessageFromClient(ClientHandler.java:55)
	at bg.sofia.uni.fmi.mjt.uno.server.ClientHandler.run(ClientHandler.java:30)
	at java.base/java.lang.Thread.run(Thread.java:1575)
===================================================
Timestamp: 2025-01-29T12:26:56.977776500
Client Info: Username: krisi, Address: /127.0.0.1:59883
Log Level: ERROR
Message: Error occurred while handling client: Username: krisi, Address: /127.0.0.1:59883
Stacktrace:
java.net.SocketException: Connection reset
	at java.base/sun.nio.ch.SocketChannelImpl.throwConnectionReset(SocketChannelImpl.java:403)
	at java.base/sun.nio.ch.SocketChannelImpl.implRead(SocketChannelImpl.java:419)
	at java.base/sun.nio.ch.SocketChannelImpl.read(SocketChannelImpl.java:493)
	at bg.sofia.uni.fmi.mjt.uno.server.ClientHandler.readMessageFromClient(ClientHandler.java:55)
	at bg.sofia.uni.fmi.mjt.uno.server.ClientHandler.run(ClientHandler.java:30)
	at java.base/java.lang.Thread.run(Thread.java:1575)
===================================================
Timestamp: 2025-01-29T12:26:56.975776200
Client Info: Username: krisi, Address: /127.0.0.1:59883
Log Level: ERROR
Message: Error occurred while handling client: Username: krisi, Address: /127.0.0.1:59883
Stacktrace:
java.net.SocketException: Connection reset
	at java.base/sun.nio.ch.SocketChannelImpl.throwConnectionReset(SocketChannelImpl.java:403)
	at java.base/sun.nio.ch.SocketChannelImpl.implRead(SocketChannelImpl.java:419)
	at java.base/sun.nio.ch.SocketChannelImpl.read(SocketChannelImpl.java:493)
	at bg.sofia.uni.fmi.mjt.uno.server.ClientHandler.readMessageFromClient(ClientHandler.java:55)
	at bg.sofia.uni.fmi.mjt.uno.server.ClientHandler.run(ClientHandler.java:30)
	at java.base/java.lang.Thread.run(Thread.java:1575)
===================================================
Timestamp: 2025-01-29T12:26:57.026631500
Client Info: Username: krisi, Address: /127.0.0.1:59883
Log Level: ERROR
Message: Error occurred while handling client: Username: krisi, Address: /127.0.0.1:59883
Stacktrace:
java.net.SocketException: Connection reset
	at java.base/sun.nio.ch.SocketChannelImpl.throwConnectionReset(SocketChannelImpl.java:403)
	at java.base/sun.nio.ch.SocketChannelImpl.implRead(SocketChannelImpl.java:419)
	at java.base/sun.nio.ch.SocketChannelImpl.read(SocketChannelImpl.java:493)
	at bg.sofia.uni.fmi.mjt.uno.server.ClientHandler.readMessageFromClient(ClientHandler.java:55)
	at bg.sofia.uni.fmi.mjt.uno.server.ClientHandler.run(ClientHandler.java:30)
	at java.base/java.lang.Thread.run(Thread.java:1575)
===================================================
Timestamp: 2025-01-29T12:26:56.959774200
Client Info: Username: krisi, Address: /127.0.0.1:59883
Log Level: ERROR
Message: Error occurred while handling client: Username: krisi, Address: /127.0.0.1:59883
Stacktrace:
java.net.SocketException: Connection reset
	at java.base/sun.nio.ch.SocketChannelImpl.throwConnectionReset(SocketChannelImpl.java:403)
	at java.base/sun.nio.ch.SocketChannelImpl.implRead(SocketChannelImpl.java:419)
	at java.base/sun.nio.ch.SocketChannelImpl.read(SocketChannelImpl.java:493)
	at bg.sofia.uni.fmi.mjt.uno.server.ClientHandler.readMessageFromClient(ClientHandler.java:55)
	at bg.sofia.uni.fmi.mjt.uno.server.ClientHandler.run(ClientHandler.java:30)
	at java.base/java.lang.Thread.run(Thread.java:1575)
===================================================
Timestamp: 2025-01-29T12:26:57.026631500
Client Info: Username: krisi, Address: /127.0.0.1:59883
Log Level: ERROR
Message: Error occurred while handling client: Username: krisi, Address: /127.0.0.1:59883
Stacktrace:
java.net.SocketException: Connection reset
	at java.base/sun.nio.ch.SocketChannelImpl.throwConnectionReset(SocketChannelImpl.java:403)
	at java.base/sun.nio.ch.SocketChannelImpl.implRead(SocketChannelImpl.java:419)
	at java.base/sun.nio.ch.SocketChannelImpl.read(SocketChannelImpl.java:493)
	at bg.sofia.uni.fmi.mjt.uno.server.ClientHandler.readMessageFromClient(ClientHandler.java:55)
	at bg.sofia.uni.fmi.mjt.uno.server.ClientHandler.run(ClientHandler.java:30)
	at java.base/java.lang.Thread.run(Thread.java:1575)
===================================================
Timestamp: 2025-01-29T12:26:56.953774800
Client Info: Username: krisi, Address: /127.0.0.1:59883
Log Level: ERROR
Message: Error occurred while handling client: Username: krisi, Address: /127.0.0.1:59883
Stacktrace:
java.net.SocketException: Connection reset
	at java.base/sun.nio.ch.SocketChannelImpl.throwConnectionReset(SocketChannelImpl.java:403)
	at java.base/sun.nio.ch.SocketChannelImpl.implRead(SocketChannelImpl.java:419)
	at java.base/sun.nio.ch.SocketChannelImpl.read(SocketChannelImpl.java:493)
	at bg.sofia.uni.fmi.mjt.uno.server.ClientHandler.readMessageFromClient(ClientHandler.java:55)
	at bg.sofia.uni.fmi.mjt.uno.server.ClientHandler.run(ClientHandler.java:30)
	at java.base/java.lang.Thread.run(Thread.java:1575)
===================================================
Timestamp: 2025-01-29T12:26:57.026631500
Client Info: Username: krisi, Address: /127.0.0.1:59883
Log Level: ERROR
Message: Error occurred while handling client: Username: krisi, Address: /127.0.0.1:59883
Stacktrace:
java.net.SocketException: Connection reset
	at java.base/sun.nio.ch.SocketChannelImpl.throwConnectionReset(SocketChannelImpl.java:403)
	at java.base/sun.nio.ch.SocketChannelImpl.implRead(SocketChannelImpl.java:419)
	at java.base/sun.nio.ch.SocketChannelImpl.read(SocketChannelImpl.java:493)
	at bg.sofia.uni.fmi.mjt.uno.server.ClientHandler.readMessageFromClient(ClientHandler.java:55)
	at bg.sofia.uni.fmi.mjt.uno.server.ClientHandler.run(ClientHandler.java:30)
	at java.base/java.lang.Thread.run(Thread.java:1575)
===================================================
Timestamp: 2025-01-29T12:26:57.026631500
Client Info: Username: krisi, Address: /127.0.0.1:59883
Log Level: ERROR
Message: Error occurred while handling client: Username: krisi, Address: /127.0.0.1:59883
Stacktrace:
java.net.SocketException: Connection reset
	at java.base/sun.nio.ch.SocketChannelImpl.throwConnectionReset(SocketChannelImpl.java:403)
	at java.base/sun.nio.ch.SocketChannelImpl.implRead(SocketChannelImpl.java:419)
	at java.base/sun.nio.ch.SocketChannelImpl.read(SocketChannelImpl.java:493)
	at bg.sofia.uni.fmi.mjt.uno.server.ClientHandler.readMessageFromClient(ClientHandler.java:55)
	at bg.sofia.uni.fmi.mjt.uno.server.ClientHandler.run(ClientHandler.java:30)
	at java.base/java.lang.Thread.run(Thread.java:1575)
===================================================
Timestamp: 2025-01-29T12:26:57.029415800
Client Info: Username: krisi, Address: /127.0.0.1:59883
Log Level: ERROR
Message: Error occurred while handling client: Username: krisi, Address: /127.0.0.1:59883
Stacktrace:
java.net.SocketException: Connection reset
	at java.base/sun.nio.ch.SocketChannelImpl.throwConnectionReset(SocketChannelImpl.java:403)
	at java.base/sun.nio.ch.SocketChannelImpl.implRead(SocketChannelImpl.java:419)
	at java.base/sun.nio.ch.SocketChannelImpl.read(SocketChannelImpl.java:493)
	at bg.sofia.uni.fmi.mjt.uno.server.ClientHandler.readMessageFromClient(ClientHandler.java:55)
	at bg.sofia.uni.fmi.mjt.uno.server.ClientHandler.run(ClientHandler.java:30)
	at java.base/java.lang.Thread.run(Thread.java:1575)
===================================================
Timestamp: 2025-01-29T12:26:56.969776
Client Info: Username: krisi, Address: /127.0.0.1:59883
Log Level: ERROR
Message: Error occurred while handling client: Username: krisi, Address: /127.0.0.1:59883
Stacktrace:
java.net.SocketException: Connection reset
	at java.base/sun.nio.ch.SocketChannelImpl.throwConnectionReset(SocketChannelImpl.java:403)
	at java.base/sun.nio.ch.SocketChannelImpl.implRead(SocketChannelImpl.java:419)
	at java.base/sun.nio.ch.SocketChannelImpl.read(SocketChannelImpl.java:493)
	at bg.sofia.uni.fmi.mjt.uno.server.ClientHandler.readMessageFromClient(ClientHandler.java:55)
	at bg.sofia.uni.fmi.mjt.uno.server.ClientHandler.run(ClientHandler.java:30)
	at java.base/java.lang.Thread.run(Thread.java:1575)
===================================================
Timestamp: 2025-01-29T12:26:56.952774200
Client Info: Username: krisi, Address: /127.0.0.1:59883
Log Level: ERROR
Message: Error occurred while handling client: Username: krisi, Address: /127.0.0.1:59883
Stacktrace:
java.net.SocketException: Connection reset
	at java.base/sun.nio.ch.SocketChannelImpl.throwConnectionReset(SocketChannelImpl.java:403)
	at java.base/sun.nio.ch.SocketChannelImpl.implRead(SocketChannelImpl.java:419)
	at java.base/sun.nio.ch.SocketChannelImpl.read(SocketChannelImpl.java:493)
	at bg.sofia.uni.fmi.mjt.uno.server.ClientHandler.readMessageFromClient(ClientHandler.java:55)
	at bg.sofia.uni.fmi.mjt.uno.server.ClientHandler.run(ClientHandler.java:30)
	at java.base/java.lang.Thread.run(Thread.java:1575)
===================================================
Timestamp: 2025-01-29T12:26:56.964776200
Client Info: Username: krisi, Address: /127.0.0.1:59883
Log Level: ERROR
Message: Error occurred while handling client: Username: krisi, Address: /127.0.0.1:59883
Stacktrace:
java.net.SocketException: Connection reset
	at java.base/sun.nio.ch.SocketChannelImpl.throwConnectionReset(SocketChannelImpl.java:403)
	at java.base/sun.nio.ch.SocketChannelImpl.implRead(SocketChannelImpl.java:419)
	at java.base/sun.nio.ch.SocketChannelImpl.read(SocketChannelImpl.java:493)
	at bg.sofia.uni.fmi.mjt.uno.server.ClientHandler.readMessageFromClient(ClientHandler.java:55)
	at bg.sofia.uni.fmi.mjt.uno.server.ClientHandler.run(ClientHandler.java:30)
	at java.base/java.lang.Thread.run(Thread.java:1575)
===================================================
Timestamp: 2025-01-29T12:26:57.026631500
Client Info: Username: krisi, Address: /127.0.0.1:59883
Log Level: ERROR
Message: Error occurred while handling client: Username: krisi, Address: /127.0.0.1:59883
Stacktrace:
java.net.SocketException: Connection reset
	at java.base/sun.nio.ch.SocketChannelImpl.throwConnectionReset(SocketChannelImpl.java:403)
	at java.base/sun.nio.ch.SocketChannelImpl.implRead(SocketChannelImpl.java:419)
	at java.base/sun.nio.ch.SocketChannelImpl.read(SocketChannelImpl.java:493)
	at bg.sofia.uni.fmi.mjt.uno.server.ClientHandler.readMessageFromClient(ClientHandler.java:55)
	at bg.sofia.uni.fmi.mjt.uno.server.ClientHandler.run(ClientHandler.java:30)
	at java.base/java.lang.Thread.run(Thread.java:1575)
===================================================
Timestamp: 2025-01-29T12:26:56.951774700
Client Info: Username: krisi, Address: /127.0.0.1:59883
Log Level: ERROR
Message: Error occurred while handling client: Username: krisi, Address: /127.0.0.1:59883
Stacktrace:
java.net.SocketException: Connection reset
	at java.base/sun.nio.ch.SocketChannelImpl.throwConnectionReset(SocketChannelImpl.java:403)
	at java.base/sun.nio.ch.SocketChannelImpl.implRead(SocketChannelImpl.java:419)
	at java.base/sun.nio.ch.SocketChannelImpl.read(SocketChannelImpl.java:493)
	at bg.sofia.uni.fmi.mjt.uno.server.ClientHandler.readMessageFromClient(ClientHandler.java:55)
	at bg.sofia.uni.fmi.mjt.uno.server.ClientHandler.run(ClientHandler.java:30)
	at java.base/java.lang.Thread.run(Thread.java:1575)
===================================================
Timestamp: 2025-01-29T12:26:57.029415800
Client Info: Username: krisi, Address: /127.0.0.1:59883
Log Level: ERROR
Message: Error occurred while handling client: Username: krisi, Address: /127.0.0.1:59883
Stacktrace:
java.net.SocketException: Connection reset
	at java.base/sun.nio.ch.SocketChannelImpl.throwConnectionReset(SocketChannelImpl.java:403)
	at java.base/sun.nio.ch.SocketChannelImpl.implRead(SocketChannelImpl.java:419)
	at java.base/sun.nio.ch.SocketChannelImpl.read(SocketChannelImpl.java:493)
	at bg.sofia.uni.fmi.mjt.uno.server.ClientHandler.readMessageFromClient(ClientHandler.java:55)
	at bg.sofia.uni.fmi.mjt.uno.server.ClientHandler.run(ClientHandler.java:30)
	at java.base/java.lang.Thread.run(Thread.java:1575)
===================================================
Timestamp: 2025-01-29T12:26:56.953774800
Client Info: Username: krisi, Address: /127.0.0.1:59883
Log Level: ERROR
Message: Error occurred while handling client: Username: krisi, Address: /127.0.0.1:59883
Stacktrace:
java.net.SocketException: Connection reset
	at java.base/sun.nio.ch.SocketChannelImpl.throwConnectionReset(SocketChannelImpl.java:403)
	at java.base/sun.nio.ch.SocketChannelImpl.implRead(SocketChannelImpl.java:435)
	at java.base/sun.nio.ch.SocketChannelImpl.read(SocketChannelImpl.java:493)
	at bg.sofia.uni.fmi.mjt.uno.server.ClientHandler.readMessageFromClient(ClientHandler.java:55)
	at bg.sofia.uni.fmi.mjt.uno.server.ClientHandler.run(ClientHandler.java:30)
	at java.base/java.lang.Thread.run(Thread.java:1575)
===================================================
Timestamp: 2025-01-29T12:26:56.982773800
Client Info: Username: krisi, Address: /127.0.0.1:59883
Log Level: ERROR
Message: Error occurred while handling client: Username: krisi, Address: /127.0.0.1:59883
Stacktrace:
java.net.SocketException: Connection reset
	at java.base/sun.nio.ch.SocketChannelImpl.throwConnectionReset(SocketChannelImpl.java:403)
	at java.base/sun.nio.ch.SocketChannelImpl.implRead(SocketChannelImpl.java:419)
	at java.base/sun.nio.ch.SocketChannelImpl.read(SocketChannelImpl.java:493)
	at bg.sofia.uni.fmi.mjt.uno.server.ClientHandler.readMessageFromClient(ClientHandler.java:55)
	at bg.sofia.uni.fmi.mjt.uno.server.ClientHandler.run(ClientHandler.java:30)
	at java.base/java.lang.Thread.run(Thread.java:1575)
===================================================
Timestamp: 2025-01-29T12:26:57.029415800
Client Info: Username: krisi, Address: /127.0.0.1:59883
Log Level: ERROR
Message: Error occurred while handling client: Username: krisi, Address: /127.0.0.1:59883
Stacktrace:
java.net.SocketException: Connection reset
	at java.base/sun.nio.ch.SocketChannelImpl.throwConnectionReset(SocketChannelImpl.java:403)
	at java.base/sun.nio.ch.SocketChannelImpl.implRead(SocketChannelImpl.java:419)
	at java.base/sun.nio.ch.SocketChannelImpl.read(SocketChannelImpl.java:493)
	at bg.sofia.uni.fmi.mjt.uno.server.ClientHandler.readMessageFromClient(ClientHandler.java:55)
	at bg.sofia.uni.fmi.mjt.uno.server.ClientHandler.run(ClientHandler.java:30)
	at java.base/java.lang.Thread.run(Thread.java:1575)
===================================================
Timestamp: 2025-01-29T12:26:56.964776200
Client Info: Username: krisi, Address: /127.0.0.1:59883
Log Level: ERROR
Message: Error occurred while handling client: Username: krisi, Address: /127.0.0.1:59883
Stacktrace:
java.net.SocketException: Connection reset
	at java.base/sun.nio.ch.SocketChannelImpl.throwConnectionReset(SocketChannelImpl.java:403)
	at java.base/sun.nio.ch.SocketChannelImpl.implRead(SocketChannelImpl.java:419)
	at java.base/sun.nio.ch.SocketChannelImpl.read(SocketChannelImpl.java:493)
	at bg.sofia.uni.fmi.mjt.uno.server.ClientHandler.readMessageFromClient(ClientHandler.java:55)
	at bg.sofia.uni.fmi.mjt.uno.server.ClientHandler.run(ClientHandler.java:30)
	at java.base/java.lang.Thread.run(Thread.java:1575)
===================================================
Timestamp: 2025-01-29T12:26:57.026631500
Client Info: Username: krisi, Address: /127.0.0.1:59883
Log Level: ERROR
Message: Error occurred while handling client: Username: krisi, Address: /127.0.0.1:59883
Stacktrace:
java.net.SocketException: Connection reset
	at java.base/sun.nio.ch.SocketChannelImpl.throwConnectionReset(SocketChannelImpl.java:403)
	at java.base/sun.nio.ch.SocketChannelImpl.implRead(SocketChannelImpl.java:419)
	at java.base/sun.nio.ch.SocketChannelImpl.read(SocketChannelImpl.java:493)
	at bg.sofia.uni.fmi.mjt.uno.server.ClientHandler.readMessageFromClient(ClientHandler.java:55)
	at bg.sofia.uni.fmi.mjt.uno.server.ClientHandler.run(ClientHandler.java:30)
	at java.base/java.lang.Thread.run(Thread.java:1575)
===================================================
Timestamp: 2025-01-29T12:26:56.964776200
Client Info: Username: krisi, Address: /127.0.0.1:59883
Log Level: ERROR
Message: Error occurred while handling client: Username: krisi, Address: /127.0.0.1:59883
Stacktrace:
java.net.SocketException: Connection reset
	at java.base/sun.nio.ch.SocketChannelImpl.throwConnectionReset(SocketChannelImpl.java:403)
	at java.base/sun.nio.ch.SocketChannelImpl.implRead(SocketChannelImpl.java:419)
	at java.base/sun.nio.ch.SocketChannelImpl.read(SocketChannelImpl.java:493)
	at bg.sofia.uni.fmi.mjt.uno.server.ClientHandler.readMessageFromClient(ClientHandler.java:55)
	at bg.sofia.uni.fmi.mjt.uno.server.ClientHandler.run(ClientHandler.java:30)
	at java.base/java.lang.Thread.run(Thread.java:1575)
===================================================
Timestamp: 2025-01-29T12:26:57.029415800
Client Info: Username: krisi, Address: /127.0.0.1:59883
Log Level: ERROR
Message: Error occurred while handling client: Username: krisi, Address: /127.0.0.1:59883
Stacktrace:
java.net.SocketException: Connection reset
	at java.base/sun.nio.ch.SocketChannelImpl.throwConnectionReset(SocketChannelImpl.java:403)
	at java.base/sun.nio.ch.SocketChannelImpl.implRead(SocketChannelImpl.java:419)
	at java.base/sun.nio.ch.SocketChannelImpl.read(SocketChannelImpl.java:493)
	at bg.sofia.uni.fmi.mjt.uno.server.ClientHandler.readMessageFromClient(ClientHandler.java:55)
	at bg.sofia.uni.fmi.mjt.uno.server.ClientHandler.run(ClientHandler.java:30)
	at java.base/java.lang.Thread.run(Thread.java:1575)
===================================================
Timestamp: 2025-01-29T12:26:56.977776500
Client Info: Username: krisi, Address: /127.0.0.1:59883
Log Level: ERROR
Message: Error occurred while handling client: Username: krisi, Address: /127.0.0.1:59883
Stacktrace:
java.net.SocketException: Connection reset
	at java.base/sun.nio.ch.SocketChannelImpl.throwConnectionReset(SocketChannelImpl.java:403)
	at java.base/sun.nio.ch.SocketChannelImpl.implRead(SocketChannelImpl.java:419)
	at java.base/sun.nio.ch.SocketChannelImpl.read(SocketChannelImpl.java:493)
	at bg.sofia.uni.fmi.mjt.uno.server.ClientHandler.readMessageFromClient(ClientHandler.java:55)
	at bg.sofia.uni.fmi.mjt.uno.server.ClientHandler.run(ClientHandler.java:30)
	at java.base/java.lang.Thread.run(Thread.java:1575)
===================================================
Timestamp: 2025-01-29T12:26:57.027407100
Client Info: Username: krisi, Address: /127.0.0.1:59883
Log Level: ERROR
Message: Error occurred while handling client: Username: krisi, Address: /127.0.0.1:59883
Stacktrace:
java.net.SocketException: Connection reset
	at java.base/sun.nio.ch.SocketChannelImpl.throwConnectionReset(SocketChannelImpl.java:403)
	at java.base/sun.nio.ch.SocketChannelImpl.implRead(SocketChannelImpl.java:419)
	at java.base/sun.nio.ch.SocketChannelImpl.read(SocketChannelImpl.java:493)
	at bg.sofia.uni.fmi.mjt.uno.server.ClientHandler.readMessageFromClient(ClientHandler.java:55)
	at bg.sofia.uni.fmi.mjt.uno.server.ClientHandler.run(ClientHandler.java:30)
	at java.base/java.lang.Thread.run(Thread.java:1575)
===================================================
Timestamp: 2025-01-29T12:26:56.965776100
Client Info: Username: krisi, Address: /127.0.0.1:59883
Log Level: ERROR
Message: Error occurred while handling client: Username: krisi, Address: /127.0.0.1:59883
Stacktrace:
java.net.SocketException: Connection reset
	at java.base/sun.nio.ch.SocketChannelImpl.throwConnectionReset(SocketChannelImpl.java:403)
	at java.base/sun.nio.ch.SocketChannelImpl.implRead(SocketChannelImpl.java:419)
	at java.base/sun.nio.ch.SocketChannelImpl.read(SocketChannelImpl.java:493)
	at bg.sofia.uni.fmi.mjt.uno.server.ClientHandler.readMessageFromClient(ClientHandler.java:55)
	at bg.sofia.uni.fmi.mjt.uno.server.ClientHandler.run(ClientHandler.java:30)
	at java.base/java.lang.Thread.run(Thread.java:1575)
===================================================
Timestamp: 2025-01-29T12:26:56.952774200
Client Info: Username: krisi, Address: /127.0.0.1:59883
Log Level: ERROR
Message: Error occurred while handling client: Username: krisi, Address: /127.0.0.1:59883
Stacktrace:
java.net.SocketException: Connection reset
	at java.base/sun.nio.ch.SocketChannelImpl.throwConnectionReset(SocketChannelImpl.java:403)
	at java.base/sun.nio.ch.SocketChannelImpl.implRead(SocketChannelImpl.java:419)
	at java.base/sun.nio.ch.SocketChannelImpl.read(SocketChannelImpl.java:493)
	at bg.sofia.uni.fmi.mjt.uno.server.ClientHandler.readMessageFromClient(ClientHandler.java:55)
	at bg.sofia.uni.fmi.mjt.uno.server.ClientHandler.run(ClientHandler.java:30)
	at java.base/java.lang.Thread.run(Thread.java:1575)
===================================================
Timestamp: 2025-01-29T12:26:56.952774200
Client Info: Username: krisi, Address: /127.0.0.1:59883
Log Level: ERROR
Message: Error occurred while handling client: Username: krisi, Address: /127.0.0.1:59883
Stacktrace:
java.net.SocketException: Connection reset
	at java.base/sun.nio.ch.SocketChannelImpl.throwConnectionReset(SocketChannelImpl.java:403)
	at java.base/sun.nio.ch.SocketChannelImpl.implRead(SocketChannelImpl.java:419)
	at java.base/sun.nio.ch.SocketChannelImpl.read(SocketChannelImpl.java:493)
	at bg.sofia.uni.fmi.mjt.uno.server.ClientHandler.readMessageFromClient(ClientHandler.java:55)
	at bg.sofia.uni.fmi.mjt.uno.server.ClientHandler.run(ClientHandler.java:30)
	at java.base/java.lang.Thread.run(Thread.java:1575)
===================================================
Timestamp: 2025-01-29T12:26:57.027407100
Client Info: Username: krisi, Address: /127.0.0.1:59883
Log Level: ERROR
Message: Error occurred while handling client: Username: krisi, Address: /127.0.0.1:59883
Stacktrace:
java.net.SocketException: Connection reset
	at java.base/sun.nio.ch.SocketChannelImpl.throwConnectionReset(SocketChannelImpl.java:403)
	at java.base/sun.nio.ch.SocketChannelImpl.implRead(SocketChannelImpl.java:419)
	at java.base/sun.nio.ch.SocketChannelImpl.read(SocketChannelImpl.java:493)
	at bg.sofia.uni.fmi.mjt.uno.server.ClientHandler.readMessageFromClient(ClientHandler.java:55)
	at bg.sofia.uni.fmi.mjt.uno.server.ClientHandler.run(ClientHandler.java:30)
	at java.base/java.lang.Thread.run(Thread.java:1575)
===================================================
Timestamp: 2025-01-29T12:26:57.045450
Client Info: Username: krisi, Address: /127.0.0.1:59883
Log Level: ERROR
Message: Error occurred while handling client: Username: krisi, Address: /127.0.0.1:59883
Stacktrace:
java.net.SocketException: Connection reset
	at java.base/sun.nio.ch.SocketChannelImpl.throwConnectionReset(SocketChannelImpl.java:403)
	at java.base/sun.nio.ch.SocketChannelImpl.implRead(SocketChannelImpl.java:419)
	at java.base/sun.nio.ch.SocketChannelImpl.read(SocketChannelImpl.java:493)
	at bg.sofia.uni.fmi.mjt.uno.server.ClientHandler.readMessageFromClient(ClientHandler.java:55)
	at bg.sofia.uni.fmi.mjt.uno.server.ClientHandler.run(ClientHandler.java:30)
	at java.base/java.lang.Thread.run(Thread.java:1575)
===================================================
Timestamp: 2025-01-29T12:26:57.027407100
Client Info: Username: krisi, Address: /127.0.0.1:59883
Log Level: ERROR
Message: Error occurred while handling client: Username: krisi, Address: /127.0.0.1:59883
Stacktrace:
java.net.SocketException: Connection reset
	at java.base/sun.nio.ch.SocketChannelImpl.throwConnectionReset(SocketChannelImpl.java:403)
	at java.base/sun.nio.ch.SocketChannelImpl.implRead(SocketChannelImpl.java:419)
	at java.base/sun.nio.ch.SocketChannelImpl.read(SocketChannelImpl.java:493)
	at bg.sofia.uni.fmi.mjt.uno.server.ClientHandler.readMessageFromClient(ClientHandler.java:55)
	at bg.sofia.uni.fmi.mjt.uno.server.ClientHandler.run(ClientHandler.java:30)
	at java.base/java.lang.Thread.run(Thread.java:1575)
===================================================
Timestamp: 2025-01-29T12:26:57.029415800
Client Info: Username: krisi, Address: /127.0.0.1:59883
Log Level: ERROR
Message: Error occurred while handling client: Username: krisi, Address: /127.0.0.1:59883
Stacktrace:
java.net.SocketException: Connection reset
	at java.base/sun.nio.ch.SocketChannelImpl.throwConnectionReset(SocketChannelImpl.java:403)
	at java.base/sun.nio.ch.SocketChannelImpl.implRead(SocketChannelImpl.java:419)
	at java.base/sun.nio.ch.SocketChannelImpl.read(SocketChannelImpl.java:493)
	at bg.sofia.uni.fmi.mjt.uno.server.ClientHandler.readMessageFromClient(ClientHandler.java:55)
	at bg.sofia.uni.fmi.mjt.uno.server.ClientHandler.run(ClientHandler.java:30)
	at java.base/java.lang.Thread.run(Thread.java:1575)
===================================================
Timestamp: 2025-01-29T12:26:57.045450
Client Info: Username: krisi, Address: /127.0.0.1:59883
Log Level: ERROR
Message: Error occurred while handling client: Username: krisi, Address: /127.0.0.1:59883
Stacktrace:
java.net.SocketException: Connection reset
	at java.base/sun.nio.ch.SocketChannelImpl.throwConnectionReset(SocketChannelImpl.java:403)
	at java.base/sun.nio.ch.SocketChannelImpl.implRead(SocketChannelImpl.java:419)
	at java.base/sun.nio.ch.SocketChannelImpl.read(SocketChannelImpl.java:493)
	at bg.sofia.uni.fmi.mjt.uno.server.ClientHandler.readMessageFromClient(ClientHandler.java:55)
	at bg.sofia.uni.fmi.mjt.uno.server.ClientHandler.run(ClientHandler.java:30)
	at java.base/java.lang.Thread.run(Thread.java:1575)
===================================================
Timestamp: 2025-01-29T12:26:56.953774800
Client Info: Username: krisi, Address: /127.0.0.1:59883
Log Level: ERROR
Message: Error occurred while handling client: Username: krisi, Address: /127.0.0.1:59883
Stacktrace:
java.net.SocketException: Connection reset
	at java.base/sun.nio.ch.SocketChannelImpl.throwConnectionReset(SocketChannelImpl.java:403)
	at java.base/sun.nio.ch.SocketChannelImpl.implRead(SocketChannelImpl.java:419)
	at java.base/sun.nio.ch.SocketChannelImpl.read(SocketChannelImpl.java:493)
	at bg.sofia.uni.fmi.mjt.uno.server.ClientHandler.readMessageFromClient(ClientHandler.java:55)
	at bg.sofia.uni.fmi.mjt.uno.server.ClientHandler.run(ClientHandler.java:30)
	at java.base/java.lang.Thread.run(Thread.java:1575)
===================================================
Timestamp: 2025-01-29T12:26:56.975776200
Client Info: Username: krisi, Address: /127.0.0.1:59883
Log Level: ERROR
Message: Error occurred while handling client: Username: krisi, Address: /127.0.0.1:59883
Stacktrace:
java.net.SocketException: Connection reset
	at java.base/sun.nio.ch.SocketChannelImpl.throwConnectionReset(SocketChannelImpl.java:403)
	at java.base/sun.nio.ch.SocketChannelImpl.implRead(SocketChannelImpl.java:419)
	at java.base/sun.nio.ch.SocketChannelImpl.read(SocketChannelImpl.java:493)
	at bg.sofia.uni.fmi.mjt.uno.server.ClientHandler.readMessageFromClient(ClientHandler.java:55)
	at bg.sofia.uni.fmi.mjt.uno.server.ClientHandler.run(ClientHandler.java:30)
	at java.base/java.lang.Thread.run(Thread.java:1575)
===================================================
Timestamp: 2025-01-29T12:26:57.027407100
Client Info: Username: krisi, Address: /127.0.0.1:59883
Log Level: ERROR
Message: Error occurred while handling client: Username: krisi, Address: /127.0.0.1:59883
Stacktrace:
java.net.SocketException: Connection reset
	at java.base/sun.nio.ch.SocketChannelImpl.throwConnectionReset(SocketChannelImpl.java:403)
	at java.base/sun.nio.ch.SocketChannelImpl.implRead(SocketChannelImpl.java:419)
	at java.base/sun.nio.ch.SocketChannelImpl.read(SocketChannelImpl.java:493)
	at bg.sofia.uni.fmi.mjt.uno.server.ClientHandler.readMessageFromClient(ClientHandler.java:55)
	at bg.sofia.uni.fmi.mjt.uno.server.ClientHandler.run(ClientHandler.java:30)
	at java.base/java.lang.Thread.run(Thread.java:1575)
===================================================
Timestamp: 2025-01-29T12:26:57.045450
Client Info: Username: krisi, Address: /127.0.0.1:59883
Log Level: ERROR
Message: Error occurred while handling client: Username: krisi, Address: /127.0.0.1:59883
Stacktrace:
java.net.SocketException: Connection reset
	at java.base/sun.nio.ch.SocketChannelImpl.throwConnectionReset(SocketChannelImpl.java:403)
	at java.base/sun.nio.ch.SocketChannelImpl.implRead(SocketChannelImpl.java:419)
	at java.base/sun.nio.ch.SocketChannelImpl.read(SocketChannelImpl.java:493)
	at bg.sofia.uni.fmi.mjt.uno.server.ClientHandler.readMessageFromClient(ClientHandler.java:55)
	at bg.sofia.uni.fmi.mjt.uno.server.ClientHandler.run(ClientHandler.java:30)
	at java.base/java.lang.Thread.run(Thread.java:1575)
===================================================
Timestamp: 2025-01-29T12:26:57.028414700
Client Info: Username: krisi, Address: /127.0.0.1:59883
Log Level: ERROR
Message: Error occurred while handling client: Username: krisi, Address: /127.0.0.1:59883
Stacktrace:
java.net.SocketException: Connection reset
	at java.base/sun.nio.ch.SocketChannelImpl.throwConnectionReset(SocketChannelImpl.java:403)
	at java.base/sun.nio.ch.SocketChannelImpl.implRead(SocketChannelImpl.java:419)
	at java.base/sun.nio.ch.SocketChannelImpl.read(SocketChannelImpl.java:493)
	at bg.sofia.uni.fmi.mjt.uno.server.ClientHandler.readMessageFromClient(ClientHandler.java:55)
	at bg.sofia.uni.fmi.mjt.uno.server.ClientHandler.run(ClientHandler.java:30)
	at java.base/java.lang.Thread.run(Thread.java:1575)
===================================================
Timestamp: 2025-01-29T12:26:57.027407100
Client Info: Username: krisi, Address: /127.0.0.1:59883
Log Level: ERROR
Message: Error occurred while handling client: Username: krisi, Address: /127.0.0.1:59883
Stacktrace:
java.net.SocketException: Connection reset
	at java.base/sun.nio.ch.SocketChannelImpl.throwConnectionReset(SocketChannelImpl.java:403)
	at java.base/sun.nio.ch.SocketChannelImpl.implRead(SocketChannelImpl.java:419)
	at java.base/sun.nio.ch.SocketChannelImpl.read(SocketChannelImpl.java:493)
	at bg.sofia.uni.fmi.mjt.uno.server.ClientHandler.readMessageFromClient(ClientHandler.java:55)
	at bg.sofia.uni.fmi.mjt.uno.server.ClientHandler.run(ClientHandler.java:30)
	at java.base/java.lang.Thread.run(Thread.java:1575)
===================================================
Timestamp: 2025-01-29T12:26:56.953774800
Client Info: Username: krisi, Address: /127.0.0.1:59883
Log Level: ERROR
Message: Error occurred while handling client: Username: krisi, Address: /127.0.0.1:59883
Stacktrace:
java.net.SocketException: Connection reset
	at java.base/sun.nio.ch.SocketChannelImpl.throwConnectionReset(SocketChannelImpl.java:403)
	at java.base/sun.nio.ch.SocketChannelImpl.implRead(SocketChannelImpl.java:419)
	at java.base/sun.nio.ch.SocketChannelImpl.read(SocketChannelImpl.java:493)
	at bg.sofia.uni.fmi.mjt.uno.server.ClientHandler.readMessageFromClient(ClientHandler.java:55)
	at bg.sofia.uni.fmi.mjt.uno.server.ClientHandler.run(ClientHandler.java:30)
	at java.base/java.lang.Thread.run(Thread.java:1575)
===================================================
Timestamp: 2025-01-29T12:26:57.040932800
Client Info: Username: krisi, Address: /127.0.0.1:59883
Log Level: ERROR
Message: Error occurred while handling client: Username: krisi, Address: /127.0.0.1:59883
Stacktrace:
java.net.SocketException: Connection reset
	at java.base/sun.nio.ch.SocketChannelImpl.throwConnectionReset(SocketChannelImpl.java:403)
	at java.base/sun.nio.ch.SocketChannelImpl.implRead(SocketChannelImpl.java:419)
	at java.base/sun.nio.ch.SocketChannelImpl.read(SocketChannelImpl.java:493)
	at bg.sofia.uni.fmi.mjt.uno.server.ClientHandler.readMessageFromClient(ClientHandler.java:55)
	at bg.sofia.uni.fmi.mjt.uno.server.ClientHandler.run(ClientHandler.java:30)
	at java.base/java.lang.Thread.run(Thread.java:1575)
===================================================
Timestamp: 2025-01-29T12:26:56.983774
Client Info: Username: krisi, Address: /127.0.0.1:59883
Log Level: ERROR
Message: Error occurred while handling client: Username: krisi, Address: /127.0.0.1:59883
Stacktrace:
java.net.SocketException: Connection reset
	at java.base/sun.nio.ch.SocketChannelImpl.throwConnectionReset(SocketChannelImpl.java:403)
	at java.base/sun.nio.ch.SocketChannelImpl.implRead(SocketChannelImpl.java:419)
	at java.base/sun.nio.ch.SocketChannelImpl.read(SocketChannelImpl.java:493)
	at bg.sofia.uni.fmi.mjt.uno.server.ClientHandler.readMessageFromClient(ClientHandler.java:55)
	at bg.sofia.uni.fmi.mjt.uno.server.ClientHandler.run(ClientHandler.java:30)
	at java.base/java.lang.Thread.run(Thread.java:1575)
===================================================
Timestamp: 2025-01-29T12:26:56.953774800
Client Info: Username: krisi, Address: /127.0.0.1:59883
Log Level: ERROR
Message: Error occurred while handling client: Username: krisi, Address: /127.0.0.1:59883
Stacktrace:
java.net.SocketException: Connection reset
	at java.base/sun.nio.ch.SocketChannelImpl.throwConnectionReset(SocketChannelImpl.java:403)
	at java.base/sun.nio.ch.SocketChannelImpl.implRead(SocketChannelImpl.java:419)
	at java.base/sun.nio.ch.SocketChannelImpl.read(SocketChannelImpl.java:493)
	at bg.sofia.uni.fmi.mjt.uno.server.ClientHandler.readMessageFromClient(ClientHandler.java:55)
	at bg.sofia.uni.fmi.mjt.uno.server.ClientHandler.run(ClientHandler.java:30)
	at java.base/java.lang.Thread.run(Thread.java:1575)
===================================================
Timestamp: 2025-01-29T12:26:57.037414900
Client Info: Username: krisi, Address: /127.0.0.1:59883
Log Level: ERROR
Message: Error occurred while handling client: Username: krisi, Address: /127.0.0.1:59883
Stacktrace:
java.net.SocketException: Connection reset
	at java.base/sun.nio.ch.SocketChannelImpl.throwConnectionReset(SocketChannelImpl.java:403)
	at java.base/sun.nio.ch.SocketChannelImpl.implRead(SocketChannelImpl.java:419)
	at java.base/sun.nio.ch.SocketChannelImpl.read(SocketChannelImpl.java:493)
	at bg.sofia.uni.fmi.mjt.uno.server.ClientHandler.readMessageFromClient(ClientHandler.java:55)
	at bg.sofia.uni.fmi.mjt.uno.server.ClientHandler.run(ClientHandler.java:30)
	at java.base/java.lang.Thread.run(Thread.java:1575)
===================================================
Timestamp: 2025-01-29T12:26:56.959774200
Client Info: Username: krisi, Address: /127.0.0.1:59883
Log Level: ERROR
Message: Error occurred while handling client: Username: krisi, Address: /127.0.0.1:59883
Stacktrace:
java.net.SocketException: Connection reset
	at java.base/sun.nio.ch.SocketChannelImpl.throwConnectionReset(SocketChannelImpl.java:403)
	at java.base/sun.nio.ch.SocketChannelImpl.implRead(SocketChannelImpl.java:419)
	at java.base/sun.nio.ch.SocketChannelImpl.read(SocketChannelImpl.java:493)
	at bg.sofia.uni.fmi.mjt.uno.server.ClientHandler.readMessageFromClient(ClientHandler.java:55)
	at bg.sofia.uni.fmi.mjt.uno.server.ClientHandler.run(ClientHandler.java:30)
	at java.base/java.lang.Thread.run(Thread.java:1575)
===================================================
Timestamp: 2025-01-29T12:26:56.952774200
Client Info: Username: krisi, Address: /127.0.0.1:59883
Log Level: ERROR
Message: Error occurred while handling client: Username: krisi, Address: /127.0.0.1:59883
Stacktrace:
java.net.SocketException: Connection reset
	at java.base/sun.nio.ch.SocketChannelImpl.throwConnectionReset(SocketChannelImpl.java:403)
	at java.base/sun.nio.ch.SocketChannelImpl.implRead(SocketChannelImpl.java:419)
	at java.base/sun.nio.ch.SocketChannelImpl.read(SocketChannelImpl.java:493)
	at bg.sofia.uni.fmi.mjt.uno.server.ClientHandler.readMessageFromClient(ClientHandler.java:55)
	at bg.sofia.uni.fmi.mjt.uno.server.ClientHandler.run(ClientHandler.java:30)
	at java.base/java.lang.Thread.run(Thread.java:1575)
===================================================
Timestamp: 2025-01-29T12:26:57.027407100
Client Info: Username: krisi, Address: /127.0.0.1:59883
Log Level: ERROR
Message: Error occurred while handling client: Username: krisi, Address: /127.0.0.1:59883
Stacktrace:
java.net.SocketException: Connection reset
	at java.base/sun.nio.ch.SocketChannelImpl.throwConnectionReset(SocketChannelImpl.java:403)
	at java.base/sun.nio.ch.SocketChannelImpl.implRead(SocketChannelImpl.java:419)
	at java.base/sun.nio.ch.SocketChannelImpl.read(SocketChannelImpl.java:493)
	at bg.sofia.uni.fmi.mjt.uno.server.ClientHandler.readMessageFromClient(ClientHandler.java:55)
	at bg.sofia.uni.fmi.mjt.uno.server.ClientHandler.run(ClientHandler.java:30)
	at java.base/java.lang.Thread.run(Thread.java:1575)
===================================================
Timestamp: 2025-01-29T12:26:56.959774200
Client Info: Username: krisi, Address: /127.0.0.1:59883
Log Level: ERROR
Message: Error occurred while handling client: Username: krisi, Address: /127.0.0.1:59883
Stacktrace:
java.net.SocketException: Connection reset
	at java.base/sun.nio.ch.SocketChannelImpl.throwConnectionReset(SocketChannelImpl.java:403)
	at java.base/sun.nio.ch.SocketChannelImpl.implRead(SocketChannelImpl.java:419)
	at java.base/sun.nio.ch.SocketChannelImpl.read(SocketChannelImpl.java:493)
	at bg.sofia.uni.fmi.mjt.uno.server.ClientHandler.readMessageFromClient(ClientHandler.java:55)
	at bg.sofia.uni.fmi.mjt.uno.server.ClientHandler.run(ClientHandler.java:30)
	at java.base/java.lang.Thread.run(Thread.java:1575)
===================================================
Timestamp: 2025-01-29T12:26:57.027407100
Client Info: Username: krisi, Address: /127.0.0.1:59883
Log Level: ERROR
Message: Error occurred while handling client: Username: krisi, Address: /127.0.0.1:59883
Stacktrace:
java.net.SocketException: Connection reset
	at java.base/sun.nio.ch.SocketChannelImpl.throwConnectionReset(SocketChannelImpl.java:403)
	at java.base/sun.nio.ch.SocketChannelImpl.implRead(SocketChannelImpl.java:419)
	at java.base/sun.nio.ch.SocketChannelImpl.read(SocketChannelImpl.java:493)
	at bg.sofia.uni.fmi.mjt.uno.server.ClientHandler.readMessageFromClient(ClientHandler.java:55)
	at bg.sofia.uni.fmi.mjt.uno.server.ClientHandler.run(ClientHandler.java:30)
	at java.base/java.lang.Thread.run(Thread.java:1575)
===================================================
Timestamp: 2025-01-29T12:26:56.972776500
Client Info: Username: krisi, Address: /127.0.0.1:59883
Log Level: ERROR
Message: Error occurred while handling client: Username: krisi, Address: /127.0.0.1:59883
Stacktrace:
java.net.SocketException: Connection reset
	at java.base/sun.nio.ch.SocketChannelImpl.throwConnectionReset(SocketChannelImpl.java:403)
	at java.base/sun.nio.ch.SocketChannelImpl.implRead(SocketChannelImpl.java:419)
	at java.base/sun.nio.ch.SocketChannelImpl.read(SocketChannelImpl.java:493)
	at bg.sofia.uni.fmi.mjt.uno.server.ClientHandler.readMessageFromClient(ClientHandler.java:55)
	at bg.sofia.uni.fmi.mjt.uno.server.ClientHandler.run(ClientHandler.java:30)
	at java.base/java.lang.Thread.run(Thread.java:1575)
===================================================
Timestamp: 2025-01-29T12:26:57.045450
Client Info: Username: krisi, Address: /127.0.0.1:59883
Log Level: ERROR
Message: Error occurred while handling client: Username: krisi, Address: /127.0.0.1:59883
Stacktrace:
java.net.SocketException: Connection reset
	at java.base/sun.nio.ch.SocketChannelImpl.throwConnectionReset(SocketChannelImpl.java:403)
	at java.base/sun.nio.ch.SocketChannelImpl.implRead(SocketChannelImpl.java:419)
	at java.base/sun.nio.ch.SocketChannelImpl.read(SocketChannelImpl.java:493)
	at bg.sofia.uni.fmi.mjt.uno.server.ClientHandler.readMessageFromClient(ClientHandler.java:55)
	at bg.sofia.uni.fmi.mjt.uno.server.ClientHandler.run(ClientHandler.java:30)
	at java.base/java.lang.Thread.run(Thread.java:1575)
===================================================
Timestamp: 2025-01-29T12:26:57.031413800
Client Info: Username: krisi, Address: /127.0.0.1:59883
Log Level: ERROR
Message: Error occurred while handling client: Username: krisi, Address: /127.0.0.1:59883
Stacktrace:
java.net.SocketException: Connection reset
	at java.base/sun.nio.ch.SocketChannelImpl.throwConnectionReset(SocketChannelImpl.java:403)
	at java.base/sun.nio.ch.SocketChannelImpl.implRead(SocketChannelImpl.java:419)
	at java.base/sun.nio.ch.SocketChannelImpl.read(SocketChannelImpl.java:493)
	at bg.sofia.uni.fmi.mjt.uno.server.ClientHandler.readMessageFromClient(ClientHandler.java:55)
	at bg.sofia.uni.fmi.mjt.uno.server.ClientHandler.run(ClientHandler.java:30)
	at java.base/java.lang.Thread.run(Thread.java:1575)
===================================================
Timestamp: 2025-01-29T12:26:56.971775900
Client Info: Username: krisi, Address: /127.0.0.1:59883
Log Level: ERROR
Message: Error occurred while handling client: Username: krisi, Address: /127.0.0.1:59883
Stacktrace:
java.net.SocketException: Connection reset
	at java.base/sun.nio.ch.SocketChannelImpl.throwConnectionReset(SocketChannelImpl.java:403)
	at java.base/sun.nio.ch.SocketChannelImpl.implRead(SocketChannelImpl.java:419)
	at java.base/sun.nio.ch.SocketChannelImpl.read(SocketChannelImpl.java:493)
	at bg.sofia.uni.fmi.mjt.uno.server.ClientHandler.readMessageFromClient(ClientHandler.java:55)
	at bg.sofia.uni.fmi.mjt.uno.server.ClientHandler.run(ClientHandler.java:30)
	at java.base/java.lang.Thread.run(Thread.java:1575)
===================================================
Timestamp: 2025-01-29T12:26:57.028414700
Client Info: Username: krisi, Address: /127.0.0.1:59883
Log Level: ERROR
Message: Error occurred while handling client: Username: krisi, Address: /127.0.0.1:59883
Stacktrace:
java.net.SocketException: Connection reset
	at java.base/sun.nio.ch.SocketChannelImpl.throwConnectionReset(SocketChannelImpl.java:403)
	at java.base/sun.nio.ch.SocketChannelImpl.implRead(SocketChannelImpl.java:419)
	at java.base/sun.nio.ch.SocketChannelImpl.read(SocketChannelImpl.java:493)
	at bg.sofia.uni.fmi.mjt.uno.server.ClientHandler.readMessageFromClient(ClientHandler.java:55)
	at bg.sofia.uni.fmi.mjt.uno.server.ClientHandler.run(ClientHandler.java:30)
	at java.base/java.lang.Thread.run(Thread.java:1575)
===================================================
Timestamp: 2025-01-29T12:26:57.040932800
Client Info: Username: krisi, Address: /127.0.0.1:59883
Log Level: ERROR
Message: Error occurred while handling client: Username: krisi, Address: /127.0.0.1:59883
Stacktrace:
java.net.SocketException: Connection reset
	at java.base/sun.nio.ch.SocketChannelImpl.throwConnectionReset(SocketChannelImpl.java:403)
	at java.base/sun.nio.ch.SocketChannelImpl.implRead(SocketChannelImpl.java:419)
	at java.base/sun.nio.ch.SocketChannelImpl.read(SocketChannelImpl.java:493)
	at bg.sofia.uni.fmi.mjt.uno.server.ClientHandler.readMessageFromClient(ClientHandler.java:55)
	at bg.sofia.uni.fmi.mjt.uno.server.ClientHandler.run(ClientHandler.java:30)
	at java.base/java.lang.Thread.run(Thread.java:1575)
===================================================
Timestamp: 2025-01-29T12:26:57.027407100
Client Info: Username: krisi, Address: /127.0.0.1:59883
Log Level: ERROR
Message: Error occurred while handling client: Username: krisi, Address: /127.0.0.1:59883
Stacktrace:
java.net.SocketException: Connection reset
	at java.base/sun.nio.ch.SocketChannelImpl.throwConnectionReset(SocketChannelImpl.java:403)
	at java.base/sun.nio.ch.SocketChannelImpl.implRead(SocketChannelImpl.java:419)
	at java.base/sun.nio.ch.SocketChannelImpl.read(SocketChannelImpl.java:493)
	at bg.sofia.uni.fmi.mjt.uno.server.ClientHandler.readMessageFromClient(ClientHandler.java:55)
	at bg.sofia.uni.fmi.mjt.uno.server.ClientHandler.run(ClientHandler.java:30)
	at java.base/java.lang.Thread.run(Thread.java:1575)
===================================================
Timestamp: 2025-01-29T12:26:57.027407100
Client Info: Username: krisi, Address: /127.0.0.1:59883
Log Level: ERROR
Message: Error occurred while handling client: Username: krisi, Address: /127.0.0.1:59883
Stacktrace:
java.net.SocketException: Connection reset
	at java.base/sun.nio.ch.SocketChannelImpl.throwConnectionReset(SocketChannelImpl.java:403)
	at java.base/sun.nio.ch.SocketChannelImpl.implRead(SocketChannelImpl.java:419)
	at java.base/sun.nio.ch.SocketChannelImpl.read(SocketChannelImpl.java:493)
	at bg.sofia.uni.fmi.mjt.uno.server.ClientHandler.readMessageFromClient(ClientHandler.java:55)
	at bg.sofia.uni.fmi.mjt.uno.server.ClientHandler.run(ClientHandler.java:30)
	at java.base/java.lang.Thread.run(Thread.java:1575)
===================================================
Timestamp: 2025-01-29T12:26:56.982773800
Client Info: Username: krisi, Address: /127.0.0.1:59883
Log Level: ERROR
Message: Error occurred while handling client: Username: krisi, Address: /127.0.0.1:59883
Stacktrace:
java.net.SocketException: Connection reset
	at java.base/sun.nio.ch.SocketChannelImpl.throwConnectionReset(SocketChannelImpl.java:403)
	at java.base/sun.nio.ch.SocketChannelImpl.implRead(SocketChannelImpl.java:419)
	at java.base/sun.nio.ch.SocketChannelImpl.read(SocketChannelImpl.java:493)
	at bg.sofia.uni.fmi.mjt.uno.server.ClientHandler.readMessageFromClient(ClientHandler.java:55)
	at bg.sofia.uni.fmi.mjt.uno.server.ClientHandler.run(ClientHandler.java:30)
	at java.base/java.lang.Thread.run(Thread.java:1575)
===================================================
Timestamp: 2025-01-29T12:26:57.027407100
Client Info: Username: krisi, Address: /127.0.0.1:59883
Log Level: ERROR
Message: Error occurred while handling client: Username: krisi, Address: /127.0.0.1:59883
Stacktrace:
java.net.SocketException: Connection reset
	at java.base/sun.nio.ch.SocketChannelImpl.throwConnectionReset(SocketChannelImpl.java:403)
	at java.base/sun.nio.ch.SocketChannelImpl.implRead(SocketChannelImpl.java:419)
	at java.base/sun.nio.ch.SocketChannelImpl.read(SocketChannelImpl.java:493)
	at bg.sofia.uni.fmi.mjt.uno.server.ClientHandler.readMessageFromClient(ClientHandler.java:55)
	at bg.sofia.uni.fmi.mjt.uno.server.ClientHandler.run(ClientHandler.java:30)
	at java.base/java.lang.Thread.run(Thread.java:1575)
===================================================
Timestamp: 2025-01-29T12:26:57.037922900
Client Info: Username: krisi, Address: /127.0.0.1:59883
Log Level: ERROR
Message: Error occurred while handling client: Username: krisi, Address: /127.0.0.1:59883
Stacktrace:
java.net.SocketException: Connection reset
	at java.base/sun.nio.ch.SocketChannelImpl.throwConnectionReset(SocketChannelImpl.java:403)
	at java.base/sun.nio.ch.SocketChannelImpl.implRead(SocketChannelImpl.java:419)
	at java.base/sun.nio.ch.SocketChannelImpl.read(SocketChannelImpl.java:493)
	at bg.sofia.uni.fmi.mjt.uno.server.ClientHandler.readMessageFromClient(ClientHandler.java:55)
	at bg.sofia.uni.fmi.mjt.uno.server.ClientHandler.run(ClientHandler.java:30)
	at java.base/java.lang.Thread.run(Thread.java:1575)
===================================================
Timestamp: 2025-01-29T12:26:57.043439700
Client Info: Username: krisi, Address: /127.0.0.1:59883
Log Level: ERROR
Message: Error occurred while handling client: Username: krisi, Address: /127.0.0.1:59883
Stacktrace:
java.net.SocketException: Connection reset
	at java.base/sun.nio.ch.SocketChannelImpl.throwConnectionReset(SocketChannelImpl.java:403)
	at java.base/sun.nio.ch.SocketChannelImpl.implRead(SocketChannelImpl.java:419)
	at java.base/sun.nio.ch.SocketChannelImpl.read(SocketChannelImpl.java:493)
	at bg.sofia.uni.fmi.mjt.uno.server.ClientHandler.readMessageFromClient(ClientHandler.java:55)
	at bg.sofia.uni.fmi.mjt.uno.server.ClientHandler.run(ClientHandler.java:30)
	at java.base/java.lang.Thread.run(Thread.java:1575)
===================================================
Timestamp: 2025-01-29T12:26:57.045450
Client Info: Username: krisi, Address: /127.0.0.1:59883
Log Level: ERROR
Message: Error occurred while handling client: Username: krisi, Address: /127.0.0.1:59883
Stacktrace:
java.net.SocketException: Connection reset
	at java.base/sun.nio.ch.SocketChannelImpl.throwConnectionReset(SocketChannelImpl.java:403)
	at java.base/sun.nio.ch.SocketChannelImpl.implRead(SocketChannelImpl.java:419)
	at java.base/sun.nio.ch.SocketChannelImpl.read(SocketChannelImpl.java:493)
	at bg.sofia.uni.fmi.mjt.uno.server.ClientHandler.readMessageFromClient(ClientHandler.java:55)
	at bg.sofia.uni.fmi.mjt.uno.server.ClientHandler.run(ClientHandler.java:30)
	at java.base/java.lang.Thread.run(Thread.java:1575)
===================================================
Timestamp: 2025-01-29T12:26:57.027407100
Client Info: Username: krisi, Address: /127.0.0.1:59883
Log Level: ERROR
Message: Error occurred while handling client: Username: krisi, Address: /127.0.0.1:59883
Stacktrace:
java.net.SocketException: Connection reset
	at java.base/sun.nio.ch.SocketChannelImpl.throwConnectionReset(SocketChannelImpl.java:403)
	at java.base/sun.nio.ch.SocketChannelImpl.implRead(SocketChannelImpl.java:419)
	at java.base/sun.nio.ch.SocketChannelImpl.read(SocketChannelImpl.java:493)
	at bg.sofia.uni.fmi.mjt.uno.server.ClientHandler.readMessageFromClient(ClientHandler.java:55)
	at bg.sofia.uni.fmi.mjt.uno.server.ClientHandler.run(ClientHandler.java:30)
	at java.base/java.lang.Thread.run(Thread.java:1575)
===================================================
Timestamp: 2025-01-29T12:26:56.983774
Client Info: Username: krisi, Address: /127.0.0.1:59883
Log Level: ERROR
Message: Error occurred while handling client: Username: krisi, Address: /127.0.0.1:59883
Stacktrace:
java.net.SocketException: Connection reset
	at java.base/sun.nio.ch.SocketChannelImpl.throwConnectionReset(SocketChannelImpl.java:403)
	at java.base/sun.nio.ch.SocketChannelImpl.implRead(SocketChannelImpl.java:419)
	at java.base/sun.nio.ch.SocketChannelImpl.read(SocketChannelImpl.java:493)
	at bg.sofia.uni.fmi.mjt.uno.server.ClientHandler.readMessageFromClient(ClientHandler.java:55)
	at bg.sofia.uni.fmi.mjt.uno.server.ClientHandler.run(ClientHandler.java:30)
	at java.base/java.lang.Thread.run(Thread.java:1575)
===================================================
Timestamp: 2025-01-29T12:26:56.963776800
Client Info: Username: krisi, Address: /127.0.0.1:59883
Log Level: ERROR
Message: Error occurred while handling client: Username: krisi, Address: /127.0.0.1:59883
Stacktrace:
java.net.SocketException: Connection reset
	at java.base/sun.nio.ch.SocketChannelImpl.throwConnectionReset(SocketChannelImpl.java:403)
	at java.base/sun.nio.ch.SocketChannelImpl.implRead(SocketChannelImpl.java:419)
	at java.base/sun.nio.ch.SocketChannelImpl.read(SocketChannelImpl.java:493)
	at bg.sofia.uni.fmi.mjt.uno.server.ClientHandler.readMessageFromClient(ClientHandler.java:55)
	at bg.sofia.uni.fmi.mjt.uno.server.ClientHandler.run(ClientHandler.java:30)
	at java.base/java.lang.Thread.run(Thread.java:1575)
===================================================
Timestamp: 2025-01-29T12:26:56.972776500
Client Info: Username: krisi, Address: /127.0.0.1:59883
Log Level: ERROR
Message: Error occurred while handling client: Username: krisi, Address: /127.0.0.1:59883
Stacktrace:
java.net.SocketException: Connection reset
	at java.base/sun.nio.ch.SocketChannelImpl.throwConnectionReset(SocketChannelImpl.java:403)
	at java.base/sun.nio.ch.SocketChannelImpl.implRead(SocketChannelImpl.java:419)
	at java.base/sun.nio.ch.SocketChannelImpl.read(SocketChannelImpl.java:493)
	at bg.sofia.uni.fmi.mjt.uno.server.ClientHandler.readMessageFromClient(ClientHandler.java:55)
	at bg.sofia.uni.fmi.mjt.uno.server.ClientHandler.run(ClientHandler.java:30)
	at java.base/java.lang.Thread.run(Thread.java:1575)
===================================================
Timestamp: 2025-01-29T12:26:56.971775900
Client Info: Username: krisi, Address: /127.0.0.1:59883
Log Level: ERROR
Message: Error occurred while handling client: Username: krisi, Address: /127.0.0.1:59883
Stacktrace:
java.net.SocketException: Connection reset
	at java.base/sun.nio.ch.SocketChannelImpl.throwConnectionReset(SocketChannelImpl.java:403)
	at java.base/sun.nio.ch.SocketChannelImpl.implRead(SocketChannelImpl.java:419)
	at java.base/sun.nio.ch.SocketChannelImpl.read(SocketChannelImpl.java:493)
	at bg.sofia.uni.fmi.mjt.uno.server.ClientHandler.readMessageFromClient(ClientHandler.java:55)
	at bg.sofia.uni.fmi.mjt.uno.server.ClientHandler.run(ClientHandler.java:30)
	at java.base/java.lang.Thread.run(Thread.java:1575)
===================================================
Timestamp: 2025-01-29T12:26:57.044450500
Client Info: Username: krisi, Address: /127.0.0.1:59883
Log Level: ERROR
Message: Error occurred while handling client: Username: krisi, Address: /127.0.0.1:59883
Stacktrace:
java.net.SocketException: Connection reset
	at java.base/sun.nio.ch.SocketChannelImpl.throwConnectionReset(SocketChannelImpl.java:403)
	at java.base/sun.nio.ch.SocketChannelImpl.implRead(SocketChannelImpl.java:419)
	at java.base/sun.nio.ch.SocketChannelImpl.read(SocketChannelImpl.java:493)
	at bg.sofia.uni.fmi.mjt.uno.server.ClientHandler.readMessageFromClient(ClientHandler.java:55)
	at bg.sofia.uni.fmi.mjt.uno.server.ClientHandler.run(ClientHandler.java:30)
	at java.base/java.lang.Thread.run(Thread.java:1575)
===================================================
Timestamp: 2025-01-29T12:26:57.043439700
Client Info: Username: krisi, Address: /127.0.0.1:59883
Log Level: ERROR
Message: Error occurred while handling client: Username: krisi, Address: /127.0.0.1:59883
Stacktrace:
java.net.SocketException: Connection reset
	at java.base/sun.nio.ch.SocketChannelImpl.throwConnectionReset(SocketChannelImpl.java:403)
	at java.base/sun.nio.ch.SocketChannelImpl.implRead(SocketChannelImpl.java:419)
	at java.base/sun.nio.ch.SocketChannelImpl.read(SocketChannelImpl.java:493)
	at bg.sofia.uni.fmi.mjt.uno.server.ClientHandler.readMessageFromClient(ClientHandler.java:55)
	at bg.sofia.uni.fmi.mjt.uno.server.ClientHandler.run(ClientHandler.java:30)
	at java.base/java.lang.Thread.run(Thread.java:1575)
===================================================
Timestamp: 2025-01-29T12:26:57.043439700
Client Info: Username: krisi, Address: /127.0.0.1:59883
Log Level: ERROR
Message: Error occurred while handling client: Username: krisi, Address: /127.0.0.1:59883
Stacktrace:
java.net.SocketException: Connection reset
	at java.base/sun.nio.ch.SocketChannelImpl.throwConnectionReset(SocketChannelImpl.java:403)
	at java.base/sun.nio.ch.SocketChannelImpl.implRead(SocketChannelImpl.java:419)
	at java.base/sun.nio.ch.SocketChannelImpl.read(SocketChannelImpl.java:493)
	at bg.sofia.uni.fmi.mjt.uno.server.ClientHandler.readMessageFromClient(ClientHandler.java:55)
	at bg.sofia.uni.fmi.mjt.uno.server.ClientHandler.run(ClientHandler.java:30)
	at java.base/java.lang.Thread.run(Thread.java:1575)
===================================================
Timestamp: 2025-01-29T12:26:57.027407100
Client Info: Username: krisi, Address: /127.0.0.1:59883
Log Level: ERROR
Message: Error occurred while handling client: Username: krisi, Address: /127.0.0.1:59883
Stacktrace:
java.net.SocketException: Connection reset
	at java.base/sun.nio.ch.SocketChannelImpl.throwConnectionReset(SocketChannelImpl.java:403)
	at java.base/sun.nio.ch.SocketChannelImpl.implRead(SocketChannelImpl.java:419)
	at java.base/sun.nio.ch.SocketChannelImpl.read(SocketChannelImpl.java:493)
	at bg.sofia.uni.fmi.mjt.uno.server.ClientHandler.readMessageFromClient(ClientHandler.java:55)
	at bg.sofia.uni.fmi.mjt.uno.server.ClientHandler.run(ClientHandler.java:30)
	at java.base/java.lang.Thread.run(Thread.java:1575)
===================================================
Timestamp: 2025-01-29T12:26:57.044450500
Client Info: Username: krisi, Address: /127.0.0.1:59883
Log Level: ERROR
Message: Error occurred while handling client: Username: krisi, Address: /127.0.0.1:59883
Stacktrace:
java.net.SocketException: Connection reset
	at java.base/sun.nio.ch.SocketChannelImpl.throwConnectionReset(SocketChannelImpl.java:403)
	at java.base/sun.nio.ch.SocketChannelImpl.implRead(SocketChannelImpl.java:419)
	at java.base/sun.nio.ch.SocketChannelImpl.read(SocketChannelImpl.java:493)
	at bg.sofia.uni.fmi.mjt.uno.server.ClientHandler.readMessageFromClient(ClientHandler.java:55)
	at bg.sofia.uni.fmi.mjt.uno.server.ClientHandler.run(ClientHandler.java:30)
	at java.base/java.lang.Thread.run(Thread.java:1575)
===================================================
Timestamp: 2025-01-29T12:26:56.969776
Client Info: Username: krisi, Address: /127.0.0.1:59883
Log Level: ERROR
Message: Error occurred while handling client: Username: krisi, Address: /127.0.0.1:59883
Stacktrace:
java.net.SocketException: Connection reset
	at java.base/sun.nio.ch.SocketChannelImpl.throwConnectionReset(SocketChannelImpl.java:403)
	at java.base/sun.nio.ch.SocketChannelImpl.implRead(SocketChannelImpl.java:419)
	at java.base/sun.nio.ch.SocketChannelImpl.read(SocketChannelImpl.java:493)
	at bg.sofia.uni.fmi.mjt.uno.server.ClientHandler.readMessageFromClient(ClientHandler.java:55)
	at bg.sofia.uni.fmi.mjt.uno.server.ClientHandler.run(ClientHandler.java:30)
	at java.base/java.lang.Thread.run(Thread.java:1575)
===================================================
Timestamp: 2025-01-29T12:26:57.044450500
Client Info: Username: krisi, Address: /127.0.0.1:59883
Log Level: ERROR
Message: Error occurred while handling client: Username: krisi, Address: /127.0.0.1:59883
Stacktrace:
java.net.SocketException: Connection reset
	at java.base/sun.nio.ch.SocketChannelImpl.throwConnectionReset(SocketChannelImpl.java:403)
	at java.base/sun.nio.ch.SocketChannelImpl.implRead(SocketChannelImpl.java:419)
	at java.base/sun.nio.ch.SocketChannelImpl.read(SocketChannelImpl.java:493)
	at bg.sofia.uni.fmi.mjt.uno.server.ClientHandler.readMessageFromClient(ClientHandler.java:55)
	at bg.sofia.uni.fmi.mjt.uno.server.ClientHandler.run(ClientHandler.java:30)
	at java.base/java.lang.Thread.run(Thread.java:1575)
===================================================
Timestamp: 2025-01-29T12:26:57.027407100
Client Info: Username: krisi, Address: /127.0.0.1:59883
Log Level: ERROR
Message: Error occurred while handling client: Username: krisi, Address: /127.0.0.1:59883
Stacktrace:
java.net.SocketException: Connection reset
	at java.base/sun.nio.ch.SocketChannelImpl.throwConnectionReset(SocketChannelImpl.java:403)
	at java.base/sun.nio.ch.SocketChannelImpl.implRead(SocketChannelImpl.java:419)
	at java.base/sun.nio.ch.SocketChannelImpl.read(SocketChannelImpl.java:493)
	at bg.sofia.uni.fmi.mjt.uno.server.ClientHandler.readMessageFromClient(ClientHandler.java:55)
	at bg.sofia.uni.fmi.mjt.uno.server.ClientHandler.run(ClientHandler.java:30)
	at java.base/java.lang.Thread.run(Thread.java:1575)
===================================================
Timestamp: 2025-01-29T12:26:57.027407100
Client Info: Username: krisi, Address: /127.0.0.1:59883
Log Level: ERROR
Message: Error occurred while handling client: Username: krisi, Address: /127.0.0.1:59883
Stacktrace:
java.net.SocketException: Connection reset
	at java.base/sun.nio.ch.SocketChannelImpl.throwConnectionReset(SocketChannelImpl.java:403)
	at java.base/sun.nio.ch.SocketChannelImpl.implRead(SocketChannelImpl.java:419)
	at java.base/sun.nio.ch.SocketChannelImpl.read(SocketChannelImpl.java:493)
	at bg.sofia.uni.fmi.mjt.uno.server.ClientHandler.readMessageFromClient(ClientHandler.java:55)
	at bg.sofia.uni.fmi.mjt.uno.server.ClientHandler.run(ClientHandler.java:30)
	at java.base/java.lang.Thread.run(Thread.java:1575)
===================================================
Timestamp: 2025-01-29T12:26:56.964776200
Client Info: Username: krisi, Address: /127.0.0.1:59883
Log Level: ERROR
Message: Error occurred while handling client: Username: krisi, Address: /127.0.0.1:59883
Stacktrace:
java.net.SocketException: Connection reset
	at java.base/sun.nio.ch.SocketChannelImpl.throwConnectionReset(SocketChannelImpl.java:403)
	at java.base/sun.nio.ch.SocketChannelImpl.implRead(SocketChannelImpl.java:419)
	at java.base/sun.nio.ch.SocketChannelImpl.read(SocketChannelImpl.java:493)
	at bg.sofia.uni.fmi.mjt.uno.server.ClientHandler.readMessageFromClient(ClientHandler.java:55)
	at bg.sofia.uni.fmi.mjt.uno.server.ClientHandler.run(ClientHandler.java:30)
	at java.base/java.lang.Thread.run(Thread.java:1575)
===================================================
Timestamp: 2025-01-29T12:26:57.032416
Client Info: Username: krisi, Address: /127.0.0.1:59883
Log Level: ERROR
Message: Error occurred while handling client: Username: krisi, Address: /127.0.0.1:59883
Stacktrace:
java.net.SocketException: Connection reset
	at java.base/sun.nio.ch.SocketChannelImpl.throwConnectionReset(SocketChannelImpl.java:403)
	at java.base/sun.nio.ch.SocketChannelImpl.implRead(SocketChannelImpl.java:419)
	at java.base/sun.nio.ch.SocketChannelImpl.read(SocketChannelImpl.java:493)
	at bg.sofia.uni.fmi.mjt.uno.server.ClientHandler.readMessageFromClient(ClientHandler.java:55)
	at bg.sofia.uni.fmi.mjt.uno.server.ClientHandler.run(ClientHandler.java:30)
	at java.base/java.lang.Thread.run(Thread.java:1575)
===================================================
Timestamp: 2025-01-29T12:26:56.952774200
Client Info: Username: krisi, Address: /127.0.0.1:59883
Log Level: ERROR
Message: Error occurred while handling client: Username: krisi, Address: /127.0.0.1:59883
Stacktrace:
java.net.SocketException: Connection reset
	at java.base/sun.nio.ch.SocketChannelImpl.throwConnectionReset(SocketChannelImpl.java:403)
	at java.base/sun.nio.ch.SocketChannelImpl.implRead(SocketChannelImpl.java:419)
	at java.base/sun.nio.ch.SocketChannelImpl.read(SocketChannelImpl.java:493)
	at bg.sofia.uni.fmi.mjt.uno.server.ClientHandler.readMessageFromClient(ClientHandler.java:55)
	at bg.sofia.uni.fmi.mjt.uno.server.ClientHandler.run(ClientHandler.java:30)
	at java.base/java.lang.Thread.run(Thread.java:1575)
===================================================
Timestamp: 2025-01-29T12:26:57.038932400
Client Info: Username: krisi, Address: /127.0.0.1:59883
Log Level: ERROR
Message: Error occurred while handling client: Username: krisi, Address: /127.0.0.1:59883
Stacktrace:
java.net.SocketException: Connection reset
	at java.base/sun.nio.ch.SocketChannelImpl.throwConnectionReset(SocketChannelImpl.java:403)
	at java.base/sun.nio.ch.SocketChannelImpl.implRead(SocketChannelImpl.java:419)
	at java.base/sun.nio.ch.SocketChannelImpl.read(SocketChannelImpl.java:493)
	at bg.sofia.uni.fmi.mjt.uno.server.ClientHandler.readMessageFromClient(ClientHandler.java:55)
	at bg.sofia.uni.fmi.mjt.uno.server.ClientHandler.run(ClientHandler.java:30)
	at java.base/java.lang.Thread.run(Thread.java:1575)
===================================================
Timestamp: 2025-01-29T12:26:56.970775900
Client Info: Username: krisi, Address: /127.0.0.1:59883
Log Level: ERROR
Message: Error occurred while handling client: Username: krisi, Address: /127.0.0.1:59883
Stacktrace:
java.net.SocketException: Connection reset
	at java.base/sun.nio.ch.SocketChannelImpl.throwConnectionReset(SocketChannelImpl.java:403)
	at java.base/sun.nio.ch.SocketChannelImpl.implRead(SocketChannelImpl.java:419)
	at java.base/sun.nio.ch.SocketChannelImpl.read(SocketChannelImpl.java:493)
	at bg.sofia.uni.fmi.mjt.uno.server.ClientHandler.readMessageFromClient(ClientHandler.java:55)
	at bg.sofia.uni.fmi.mjt.uno.server.ClientHandler.run(ClientHandler.java:30)
	at java.base/java.lang.Thread.run(Thread.java:1575)
===================================================
Timestamp: 2025-01-29T12:26:57.044450500
Client Info: Username: krisi, Address: /127.0.0.1:59883
Log Level: ERROR
Message: Error occurred while handling client: Username: krisi, Address: /127.0.0.1:59883
Stacktrace:
java.net.SocketException: Connection reset
	at java.base/sun.nio.ch.SocketChannelImpl.throwConnectionReset(SocketChannelImpl.java:403)
	at java.base/sun.nio.ch.SocketChannelImpl.implRead(SocketChannelImpl.java:419)
	at java.base/sun.nio.ch.SocketChannelImpl.read(SocketChannelImpl.java:493)
	at bg.sofia.uni.fmi.mjt.uno.server.ClientHandler.readMessageFromClient(ClientHandler.java:55)
	at bg.sofia.uni.fmi.mjt.uno.server.ClientHandler.run(ClientHandler.java:30)
	at java.base/java.lang.Thread.run(Thread.java:1575)
===================================================
Timestamp: 2025-01-29T12:26:57.043439700
Client Info: Username: krisi, Address: /127.0.0.1:59883
Log Level: ERROR
Message: Error occurred while handling client: Username: krisi, Address: /127.0.0.1:59883
Stacktrace:
java.net.SocketException: Connection reset
	at java.base/sun.nio.ch.SocketChannelImpl.throwConnectionReset(SocketChannelImpl.java:403)
	at java.base/sun.nio.ch.SocketChannelImpl.implRead(SocketChannelImpl.java:419)
	at java.base/sun.nio.ch.SocketChannelImpl.read(SocketChannelImpl.java:493)
	at bg.sofia.uni.fmi.mjt.uno.server.ClientHandler.readMessageFromClient(ClientHandler.java:55)
	at bg.sofia.uni.fmi.mjt.uno.server.ClientHandler.run(ClientHandler.java:30)
	at java.base/java.lang.Thread.run(Thread.java:1575)
===================================================
Timestamp: 2025-01-29T12:26:56.953774800
Client Info: Username: krisi, Address: /127.0.0.1:59883
Log Level: ERROR
Message: Error occurred while handling client: Username: krisi, Address: /127.0.0.1:59883
Stacktrace:
java.net.SocketException: Connection reset
	at java.base/sun.nio.ch.SocketChannelImpl.throwConnectionReset(SocketChannelImpl.java:403)
	at java.base/sun.nio.ch.SocketChannelImpl.implRead(SocketChannelImpl.java:419)
	at java.base/sun.nio.ch.SocketChannelImpl.read(SocketChannelImpl.java:493)
	at bg.sofia.uni.fmi.mjt.uno.server.ClientHandler.readMessageFromClient(ClientHandler.java:55)
	at bg.sofia.uni.fmi.mjt.uno.server.ClientHandler.run(ClientHandler.java:30)
	at java.base/java.lang.Thread.run(Thread.java:1575)
===================================================
Timestamp: 2025-01-29T12:26:56.972776500
Client Info: Username: krisi, Address: /127.0.0.1:59883
Log Level: ERROR
Message: Error occurred while handling client: Username: krisi, Address: /127.0.0.1:59883
Stacktrace:
java.net.SocketException: Connection reset
	at java.base/sun.nio.ch.SocketChannelImpl.throwConnectionReset(SocketChannelImpl.java:403)
	at java.base/sun.nio.ch.SocketChannelImpl.implRead(SocketChannelImpl.java:419)
	at java.base/sun.nio.ch.SocketChannelImpl.read(SocketChannelImpl.java:493)
	at bg.sofia.uni.fmi.mjt.uno.server.ClientHandler.readMessageFromClient(ClientHandler.java:55)
	at bg.sofia.uni.fmi.mjt.uno.server.ClientHandler.run(ClientHandler.java:30)
	at java.base/java.lang.Thread.run(Thread.java:1575)
===================================================
Timestamp: 2025-01-29T12:26:57.032416
Client Info: Username: krisi, Address: /127.0.0.1:59883
Log Level: ERROR
Message: Error occurred while handling client: Username: krisi, Address: /127.0.0.1:59883
Stacktrace:
java.net.SocketException: Connection reset
	at java.base/sun.nio.ch.SocketChannelImpl.throwConnectionReset(SocketChannelImpl.java:403)
	at java.base/sun.nio.ch.SocketChannelImpl.implRead(SocketChannelImpl.java:419)
	at java.base/sun.nio.ch.SocketChannelImpl.read(SocketChannelImpl.java:493)
	at bg.sofia.uni.fmi.mjt.uno.server.ClientHandler.readMessageFromClient(ClientHandler.java:55)
	at bg.sofia.uni.fmi.mjt.uno.server.ClientHandler.run(ClientHandler.java:30)
	at java.base/java.lang.Thread.run(Thread.java:1575)
===================================================
Timestamp: 2025-01-29T12:26:57.027407100
Client Info: Username: krisi, Address: /127.0.0.1:59883
Log Level: ERROR
Message: Error occurred while handling client: Username: krisi, Address: /127.0.0.1:59883
Stacktrace:
java.net.SocketException: Connection reset
	at java.base/sun.nio.ch.SocketChannelImpl.throwConnectionReset(SocketChannelImpl.java:403)
	at java.base/sun.nio.ch.SocketChannelImpl.implRead(SocketChannelImpl.java:419)
	at java.base/sun.nio.ch.SocketChannelImpl.read(SocketChannelImpl.java:493)
	at bg.sofia.uni.fmi.mjt.uno.server.ClientHandler.readMessageFromClient(ClientHandler.java:55)
	at bg.sofia.uni.fmi.mjt.uno.server.ClientHandler.run(ClientHandler.java:30)
	at java.base/java.lang.Thread.run(Thread.java:1575)
===================================================
Timestamp: 2025-01-29T12:26:56.953774800
Client Info: Username: krisi, Address: /127.0.0.1:59883
Log Level: ERROR
Message: Error occurred while handling client: Username: krisi, Address: /127.0.0.1:59883
Stacktrace:
java.net.SocketException: Connection reset
	at java.base/sun.nio.ch.SocketChannelImpl.throwConnectionReset(SocketChannelImpl.java:403)
	at java.base/sun.nio.ch.SocketChannelImpl.implRead(SocketChannelImpl.java:419)
	at java.base/sun.nio.ch.SocketChannelImpl.read(SocketChannelImpl.java:493)
	at bg.sofia.uni.fmi.mjt.uno.server.ClientHandler.readMessageFromClient(ClientHandler.java:55)
	at bg.sofia.uni.fmi.mjt.uno.server.ClientHandler.run(ClientHandler.java:30)
	at java.base/java.lang.Thread.run(Thread.java:1575)
===================================================
Timestamp: 2025-01-29T12:26:57.039932800
Client Info: Username: krisi, Address: /127.0.0.1:59883
Log Level: ERROR
Message: Error occurred while handling client: Username: krisi, Address: /127.0.0.1:59883
Stacktrace:
java.net.SocketException: Connection reset
	at java.base/sun.nio.ch.SocketChannelImpl.throwConnectionReset(SocketChannelImpl.java:403)
	at java.base/sun.nio.ch.SocketChannelImpl.implRead(SocketChannelImpl.java:419)
	at java.base/sun.nio.ch.SocketChannelImpl.read(SocketChannelImpl.java:493)
	at bg.sofia.uni.fmi.mjt.uno.server.ClientHandler.readMessageFromClient(ClientHandler.java:55)
	at bg.sofia.uni.fmi.mjt.uno.server.ClientHandler.run(ClientHandler.java:30)
	at java.base/java.lang.Thread.run(Thread.java:1575)
===================================================
Timestamp: 2025-01-29T12:26:57.033414200
Client Info: Username: krisi, Address: /127.0.0.1:59883
Log Level: ERROR
Message: Error occurred while handling client: Username: krisi, Address: /127.0.0.1:59883
Stacktrace:
java.net.SocketException: Connection reset
	at java.base/sun.nio.ch.SocketChannelImpl.throwConnectionReset(SocketChannelImpl.java:403)
	at java.base/sun.nio.ch.SocketChannelImpl.implRead(SocketChannelImpl.java:419)
	at java.base/sun.nio.ch.SocketChannelImpl.read(SocketChannelImpl.java:493)
	at bg.sofia.uni.fmi.mjt.uno.server.ClientHandler.readMessageFromClient(ClientHandler.java:55)
	at bg.sofia.uni.fmi.mjt.uno.server.ClientHandler.run(ClientHandler.java:30)
	at java.base/java.lang.Thread.run(Thread.java:1575)
===================================================
Timestamp: 2025-01-29T12:26:57.043439700
Client Info: Username: krisi, Address: /127.0.0.1:59883
Log Level: ERROR
Message: Error occurred while handling client: Username: krisi, Address: /127.0.0.1:59883
Stacktrace:
java.net.SocketException: Connection reset
	at java.base/sun.nio.ch.SocketChannelImpl.throwConnectionReset(SocketChannelImpl.java:403)
	at java.base/sun.nio.ch.SocketChannelImpl.implRead(SocketChannelImpl.java:419)
	at java.base/sun.nio.ch.SocketChannelImpl.read(SocketChannelImpl.java:493)
	at bg.sofia.uni.fmi.mjt.uno.server.ClientHandler.readMessageFromClient(ClientHandler.java:55)
	at bg.sofia.uni.fmi.mjt.uno.server.ClientHandler.run(ClientHandler.java:30)
	at java.base/java.lang.Thread.run(Thread.java:1575)
===================================================
Timestamp: 2025-01-29T12:26:57.044450500
Client Info: Username: krisi, Address: /127.0.0.1:59883
Log Level: ERROR
Message: Error occurred while handling client: Username: krisi, Address: /127.0.0.1:59883
Stacktrace:
java.net.SocketException: Connection reset
	at java.base/sun.nio.ch.SocketChannelImpl.throwConnectionReset(SocketChannelImpl.java:403)
	at java.base/sun.nio.ch.SocketChannelImpl.implRead(SocketChannelImpl.java:419)
	at java.base/sun.nio.ch.SocketChannelImpl.read(SocketChannelImpl.java:493)
	at bg.sofia.uni.fmi.mjt.uno.server.ClientHandler.readMessageFromClient(ClientHandler.java:55)
	at bg.sofia.uni.fmi.mjt.uno.server.ClientHandler.run(ClientHandler.java:30)
	at java.base/java.lang.Thread.run(Thread.java:1575)
===================================================
Timestamp: 2025-01-29T12:26:57.027407100
Client Info: Username: krisi, Address: /127.0.0.1:59883
Log Level: ERROR
Message: Error occurred while handling client: Username: krisi, Address: /127.0.0.1:59883
Stacktrace:
java.net.SocketException: Connection reset
	at java.base/sun.nio.ch.SocketChannelImpl.throwConnectionReset(SocketChannelImpl.java:403)
	at java.base/sun.nio.ch.SocketChannelImpl.implRead(SocketChannelImpl.java:419)
	at java.base/sun.nio.ch.SocketChannelImpl.read(SocketChannelImpl.java:493)
	at bg.sofia.uni.fmi.mjt.uno.server.ClientHandler.readMessageFromClient(ClientHandler.java:55)
	at bg.sofia.uni.fmi.mjt.uno.server.ClientHandler.run(ClientHandler.java:30)
	at java.base/java.lang.Thread.run(Thread.java:1575)
===================================================
Timestamp: 2025-01-29T12:26:57.044450500
Client Info: Username: krisi, Address: /127.0.0.1:59883
Log Level: ERROR
Message: Error occurred while handling client: Username: krisi, Address: /127.0.0.1:59883
Stacktrace:
java.net.SocketException: Connection reset
	at java.base/sun.nio.ch.SocketChannelImpl.throwConnectionReset(SocketChannelImpl.java:403)
	at java.base/sun.nio.ch.SocketChannelImpl.implRead(SocketChannelImpl.java:419)
	at java.base/sun.nio.ch.SocketChannelImpl.read(SocketChannelImpl.java:493)
	at bg.sofia.uni.fmi.mjt.uno.server.ClientHandler.readMessageFromClient(ClientHandler.java:55)
	at bg.sofia.uni.fmi.mjt.uno.server.ClientHandler.run(ClientHandler.java:30)
	at java.base/java.lang.Thread.run(Thread.java:1575)
===================================================
Timestamp: 2025-01-29T12:26:56.953774800
Client Info: Username: krisi, Address: /127.0.0.1:59883
Log Level: ERROR
Message: Error occurred while handling client: Username: krisi, Address: /127.0.0.1:59883
Stacktrace:
java.net.SocketException: Connection reset
	at java.base/sun.nio.ch.SocketChannelImpl.throwConnectionReset(SocketChannelImpl.java:403)
	at java.base/sun.nio.ch.SocketChannelImpl.implRead(SocketChannelImpl.java:419)
	at java.base/sun.nio.ch.SocketChannelImpl.read(SocketChannelImpl.java:493)
	at bg.sofia.uni.fmi.mjt.uno.server.ClientHandler.readMessageFromClient(ClientHandler.java:55)
	at bg.sofia.uni.fmi.mjt.uno.server.ClientHandler.run(ClientHandler.java:30)
	at java.base/java.lang.Thread.run(Thread.java:1575)
===================================================
Timestamp: 2025-01-29T12:26:57.027407100
Client Info: Username: krisi, Address: /127.0.0.1:59883
Log Level: ERROR
Message: Error occurred while handling client: Username: krisi, Address: /127.0.0.1:59883
Stacktrace:
java.net.SocketException: Connection reset
	at java.base/sun.nio.ch.SocketChannelImpl.throwConnectionReset(SocketChannelImpl.java:403)
	at java.base/sun.nio.ch.SocketChannelImpl.implRead(SocketChannelImpl.java:419)
	at java.base/sun.nio.ch.SocketChannelImpl.read(SocketChannelImpl.java:493)
	at bg.sofia.uni.fmi.mjt.uno.server.ClientHandler.readMessageFromClient(ClientHandler.java:55)
	at bg.sofia.uni.fmi.mjt.uno.server.ClientHandler.run(ClientHandler.java:30)
	at java.base/java.lang.Thread.run(Thread.java:1575)
===================================================
Timestamp: 2025-01-29T12:26:56.953774800
Client Info: Username: krisi, Address: /127.0.0.1:59883
Log Level: ERROR
Message: Error occurred while handling client: Username: krisi, Address: /127.0.0.1:59883
Stacktrace:
java.net.SocketException: Connection reset
	at java.base/sun.nio.ch.SocketChannelImpl.throwConnectionReset(SocketChannelImpl.java:403)
	at java.base/sun.nio.ch.SocketChannelImpl.implRead(SocketChannelImpl.java:419)
	at java.base/sun.nio.ch.SocketChannelImpl.read(SocketChannelImpl.java:493)
	at bg.sofia.uni.fmi.mjt.uno.server.ClientHandler.readMessageFromClient(ClientHandler.java:55)
	at bg.sofia.uni.fmi.mjt.uno.server.ClientHandler.run(ClientHandler.java:30)
	at java.base/java.lang.Thread.run(Thread.java:1575)
===================================================
Timestamp: 2025-01-29T12:26:57.044450500
Client Info: Username: krisi, Address: /127.0.0.1:59883
Log Level: ERROR
Message: Error occurred while handling client: Username: krisi, Address: /127.0.0.1:59883
Stacktrace:
java.net.SocketException: Connection reset
	at java.base/sun.nio.ch.SocketChannelImpl.throwConnectionReset(SocketChannelImpl.java:403)
	at java.base/sun.nio.ch.SocketChannelImpl.implRead(SocketChannelImpl.java:419)
	at java.base/sun.nio.ch.SocketChannelImpl.read(SocketChannelImpl.java:493)
	at bg.sofia.uni.fmi.mjt.uno.server.ClientHandler.readMessageFromClient(ClientHandler.java:55)
	at bg.sofia.uni.fmi.mjt.uno.server.ClientHandler.run(ClientHandler.java:30)
	at java.base/java.lang.Thread.run(Thread.java:1575)
===================================================
Timestamp: 2025-01-29T12:26:56.970775900
Client Info: Username: krisi, Address: /127.0.0.1:59883
Log Level: ERROR
Message: Error occurred while handling client: Username: krisi, Address: /127.0.0.1:59883
Stacktrace:
java.net.SocketException: Connection reset
	at java.base/sun.nio.ch.SocketChannelImpl.throwConnectionReset(SocketChannelImpl.java:403)
	at java.base/sun.nio.ch.SocketChannelImpl.implRead(SocketChannelImpl.java:419)
	at java.base/sun.nio.ch.SocketChannelImpl.read(SocketChannelImpl.java:493)
	at bg.sofia.uni.fmi.mjt.uno.server.ClientHandler.readMessageFromClient(ClientHandler.java:55)
	at bg.sofia.uni.fmi.mjt.uno.server.ClientHandler.run(ClientHandler.java:30)
	at java.base/java.lang.Thread.run(Thread.java:1575)
===================================================
Timestamp: 2025-01-29T12:26:57.028414700
Client Info: Username: krisi, Address: /127.0.0.1:59883
Log Level: ERROR
Message: Error occurred while handling client: Username: krisi, Address: /127.0.0.1:59883
Stacktrace:
java.net.SocketException: Connection reset
	at java.base/sun.nio.ch.SocketChannelImpl.throwConnectionReset(SocketChannelImpl.java:403)
	at java.base/sun.nio.ch.SocketChannelImpl.implRead(SocketChannelImpl.java:419)
	at java.base/sun.nio.ch.SocketChannelImpl.read(SocketChannelImpl.java:493)
	at bg.sofia.uni.fmi.mjt.uno.server.ClientHandler.readMessageFromClient(ClientHandler.java:55)
	at bg.sofia.uni.fmi.mjt.uno.server.ClientHandler.run(ClientHandler.java:30)
	at java.base/java.lang.Thread.run(Thread.java:1575)
===================================================
Timestamp: 2025-01-29T12:26:56.978774600
Client Info: Username: krisi, Address: /127.0.0.1:59883
Log Level: ERROR
Message: Error occurred while handling client: Username: krisi, Address: /127.0.0.1:59883
Stacktrace:
java.net.SocketException: Connection reset
	at java.base/sun.nio.ch.SocketChannelImpl.throwConnectionReset(SocketChannelImpl.java:403)
	at java.base/sun.nio.ch.SocketChannelImpl.implRead(SocketChannelImpl.java:419)
	at java.base/sun.nio.ch.SocketChannelImpl.read(SocketChannelImpl.java:493)
	at bg.sofia.uni.fmi.mjt.uno.server.ClientHandler.readMessageFromClient(ClientHandler.java:55)
	at bg.sofia.uni.fmi.mjt.uno.server.ClientHandler.run(ClientHandler.java:30)
	at java.base/java.lang.Thread.run(Thread.java:1575)
===================================================
Timestamp: 2025-01-29T12:26:56.953774800
Client Info: Username: krisi, Address: /127.0.0.1:59883
Log Level: ERROR
Message: Error occurred while handling client: Username: krisi, Address: /127.0.0.1:59883
Stacktrace:
java.net.SocketException: Connection reset
	at java.base/sun.nio.ch.SocketChannelImpl.throwConnectionReset(SocketChannelImpl.java:403)
	at java.base/sun.nio.ch.SocketChannelImpl.implRead(SocketChannelImpl.java:419)
	at java.base/sun.nio.ch.SocketChannelImpl.read(SocketChannelImpl.java:493)
	at bg.sofia.uni.fmi.mjt.uno.server.ClientHandler.readMessageFromClient(ClientHandler.java:55)
	at bg.sofia.uni.fmi.mjt.uno.server.ClientHandler.run(ClientHandler.java:30)
	at java.base/java.lang.Thread.run(Thread.java:1575)
===================================================
Timestamp: 2025-01-29T12:26:56.953774800
Client Info: Username: krisi, Address: /127.0.0.1:59883
Log Level: ERROR
Message: Error occurred while handling client: Username: krisi, Address: /127.0.0.1:59883
Stacktrace:
java.net.SocketException: Connection reset
	at java.base/sun.nio.ch.SocketChannelImpl.throwConnectionReset(SocketChannelImpl.java:403)
	at java.base/sun.nio.ch.SocketChannelImpl.implRead(SocketChannelImpl.java:419)
	at java.base/sun.nio.ch.SocketChannelImpl.read(SocketChannelImpl.java:493)
	at bg.sofia.uni.fmi.mjt.uno.server.ClientHandler.readMessageFromClient(ClientHandler.java:55)
	at bg.sofia.uni.fmi.mjt.uno.server.ClientHandler.run(ClientHandler.java:30)
	at java.base/java.lang.Thread.run(Thread.java:1575)
===================================================
Timestamp: 2025-01-29T12:26:56.967776300
Client Info: Username: krisi, Address: /127.0.0.1:59883
Log Level: ERROR
Message: Error occurred while handling client: Username: krisi, Address: /127.0.0.1:59883
Stacktrace:
java.net.SocketException: Connection reset
	at java.base/sun.nio.ch.SocketChannelImpl.throwConnectionReset(SocketChannelImpl.java:403)
	at java.base/sun.nio.ch.SocketChannelImpl.implRead(SocketChannelImpl.java:419)
	at java.base/sun.nio.ch.SocketChannelImpl.read(SocketChannelImpl.java:493)
	at bg.sofia.uni.fmi.mjt.uno.server.ClientHandler.readMessageFromClient(ClientHandler.java:55)
	at bg.sofia.uni.fmi.mjt.uno.server.ClientHandler.run(ClientHandler.java:30)
	at java.base/java.lang.Thread.run(Thread.java:1575)
===================================================
Timestamp: 2025-01-29T12:26:56.966776100
Client Info: Username: krisi, Address: /127.0.0.1:59883
Log Level: ERROR
Message: Error occurred while handling client: Username: krisi, Address: /127.0.0.1:59883
Stacktrace:
java.net.SocketException: Connection reset
	at java.base/sun.nio.ch.SocketChannelImpl.throwConnectionReset(SocketChannelImpl.java:403)
	at java.base/sun.nio.ch.SocketChannelImpl.implRead(SocketChannelImpl.java:419)
	at java.base/sun.nio.ch.SocketChannelImpl.read(SocketChannelImpl.java:493)
	at bg.sofia.uni.fmi.mjt.uno.server.ClientHandler.readMessageFromClient(ClientHandler.java:55)
	at bg.sofia.uni.fmi.mjt.uno.server.ClientHandler.run(ClientHandler.java:30)
	at java.base/java.lang.Thread.run(Thread.java:1575)
===================================================
Timestamp: 2025-01-29T12:26:56.966776100
Client Info: Username: krisi, Address: /127.0.0.1:59883
Log Level: ERROR
Message: Error occurred while handling client: Username: krisi, Address: /127.0.0.1:59883
Stacktrace:
java.net.SocketException: Connection reset
	at java.base/sun.nio.ch.SocketChannelImpl.throwConnectionReset(SocketChannelImpl.java:403)
	at java.base/sun.nio.ch.SocketChannelImpl.implRead(SocketChannelImpl.java:419)
	at java.base/sun.nio.ch.SocketChannelImpl.read(SocketChannelImpl.java:493)
	at bg.sofia.uni.fmi.mjt.uno.server.ClientHandler.readMessageFromClient(ClientHandler.java:55)
	at bg.sofia.uni.fmi.mjt.uno.server.ClientHandler.run(ClientHandler.java:30)
	at java.base/java.lang.Thread.run(Thread.java:1575)
===================================================
Timestamp: 2025-01-29T12:26:56.951774700
Client Info: Username: krisi, Address: /127.0.0.1:59883
Log Level: ERROR
Message: Error occurred while handling client: Username: krisi, Address: /127.0.0.1:59883
Stacktrace:
java.net.SocketException: Connection reset
	at java.base/sun.nio.ch.SocketChannelImpl.throwConnectionReset(SocketChannelImpl.java:403)
	at java.base/sun.nio.ch.SocketChannelImpl.implRead(SocketChannelImpl.java:419)
	at java.base/sun.nio.ch.SocketChannelImpl.read(SocketChannelImpl.java:493)
	at bg.sofia.uni.fmi.mjt.uno.server.ClientHandler.readMessageFromClient(ClientHandler.java:55)
	at bg.sofia.uni.fmi.mjt.uno.server.ClientHandler.run(ClientHandler.java:30)
	at java.base/java.lang.Thread.run(Thread.java:1575)
===================================================
Timestamp: 2025-01-29T12:26:57.039932800
Client Info: Username: krisi, Address: /127.0.0.1:59883
Log Level: ERROR
Message: Error occurred while handling client: Username: krisi, Address: /127.0.0.1:59883
Stacktrace:
java.net.SocketException: Connection reset
	at java.base/sun.nio.ch.SocketChannelImpl.throwConnectionReset(SocketChannelImpl.java:403)
	at java.base/sun.nio.ch.SocketChannelImpl.implRead(SocketChannelImpl.java:419)
	at java.base/sun.nio.ch.SocketChannelImpl.read(SocketChannelImpl.java:493)
	at bg.sofia.uni.fmi.mjt.uno.server.ClientHandler.readMessageFromClient(ClientHandler.java:55)
	at bg.sofia.uni.fmi.mjt.uno.server.ClientHandler.run(ClientHandler.java:30)
	at java.base/java.lang.Thread.run(Thread.java:1575)
===================================================
Timestamp: 2025-01-29T12:26:56.979775
Client Info: Username: krisi, Address: /127.0.0.1:59883
Log Level: ERROR
Message: Error occurred while handling client: Username: krisi, Address: /127.0.0.1:59883
Stacktrace:
java.net.SocketException: Connection reset
	at java.base/sun.nio.ch.SocketChannelImpl.throwConnectionReset(SocketChannelImpl.java:403)
	at java.base/sun.nio.ch.SocketChannelImpl.implRead(SocketChannelImpl.java:419)
	at java.base/sun.nio.ch.SocketChannelImpl.read(SocketChannelImpl.java:493)
	at bg.sofia.uni.fmi.mjt.uno.server.ClientHandler.readMessageFromClient(ClientHandler.java:55)
	at bg.sofia.uni.fmi.mjt.uno.server.ClientHandler.run(ClientHandler.java:30)
	at java.base/java.lang.Thread.run(Thread.java:1575)
===================================================
Timestamp: 2025-01-29T12:26:57.028414700
Client Info: Username: krisi, Address: /127.0.0.1:59883
Log Level: ERROR
Message: Error occurred while handling client: Username: krisi, Address: /127.0.0.1:59883
Stacktrace:
java.net.SocketException: Connection reset
	at java.base/sun.nio.ch.SocketChannelImpl.throwConnectionReset(SocketChannelImpl.java:403)
	at java.base/sun.nio.ch.SocketChannelImpl.implRead(SocketChannelImpl.java:419)
	at java.base/sun.nio.ch.SocketChannelImpl.read(SocketChannelImpl.java:493)
	at bg.sofia.uni.fmi.mjt.uno.server.ClientHandler.readMessageFromClient(ClientHandler.java:55)
	at bg.sofia.uni.fmi.mjt.uno.server.ClientHandler.run(ClientHandler.java:30)
	at java.base/java.lang.Thread.run(Thread.java:1575)
===================================================
Timestamp: 2025-01-29T12:26:56.953774800
Client Info: Username: krisi, Address: /127.0.0.1:59883
Log Level: ERROR
Message: Error occurred while handling client: Username: krisi, Address: /127.0.0.1:59883
Stacktrace:
java.net.SocketException: Connection reset
	at java.base/sun.nio.ch.SocketChannelImpl.throwConnectionReset(SocketChannelImpl.java:403)
	at java.base/sun.nio.ch.SocketChannelImpl.implRead(SocketChannelImpl.java:419)
	at java.base/sun.nio.ch.SocketChannelImpl.read(SocketChannelImpl.java:493)
	at bg.sofia.uni.fmi.mjt.uno.server.ClientHandler.readMessageFromClient(ClientHandler.java:55)
	at bg.sofia.uni.fmi.mjt.uno.server.ClientHandler.run(ClientHandler.java:30)
	at java.base/java.lang.Thread.run(Thread.java:1575)
===================================================
Timestamp: 2025-01-29T12:26:56.971775900
Client Info: Username: krisi, Address: /127.0.0.1:59883
Log Level: ERROR
Message: Error occurred while handling client: Username: krisi, Address: /127.0.0.1:59883
Stacktrace:
java.net.SocketException: Connection reset
	at java.base/sun.nio.ch.SocketChannelImpl.throwConnectionReset(SocketChannelImpl.java:403)
	at java.base/sun.nio.ch.SocketChannelImpl.implRead(SocketChannelImpl.java:419)
	at java.base/sun.nio.ch.SocketChannelImpl.read(SocketChannelImpl.java:493)
	at bg.sofia.uni.fmi.mjt.uno.server.ClientHandler.readMessageFromClient(ClientHandler.java:55)
	at bg.sofia.uni.fmi.mjt.uno.server.ClientHandler.run(ClientHandler.java:30)
	at java.base/java.lang.Thread.run(Thread.java:1575)
===================================================
Timestamp: 2025-01-29T12:26:56.973776100
Client Info: Username: krisi, Address: /127.0.0.1:59883
Log Level: ERROR
Message: Error occurred while handling client: Username: krisi, Address: /127.0.0.1:59883
Stacktrace:
java.net.SocketException: Connection reset
	at java.base/sun.nio.ch.SocketChannelImpl.throwConnectionReset(SocketChannelImpl.java:403)
	at java.base/sun.nio.ch.SocketChannelImpl.implRead(SocketChannelImpl.java:419)
	at java.base/sun.nio.ch.SocketChannelImpl.read(SocketChannelImpl.java:493)
	at bg.sofia.uni.fmi.mjt.uno.server.ClientHandler.readMessageFromClient(ClientHandler.java:55)
	at bg.sofia.uni.fmi.mjt.uno.server.ClientHandler.run(ClientHandler.java:30)
	at java.base/java.lang.Thread.run(Thread.java:1575)
===================================================
Timestamp: 2025-01-29T12:26:57.044450500
Client Info: Username: krisi, Address: /127.0.0.1:59883
Log Level: ERROR
Message: Error occurred while handling client: Username: krisi, Address: /127.0.0.1:59883
Stacktrace:
java.net.SocketException: Connection reset
	at java.base/sun.nio.ch.SocketChannelImpl.throwConnectionReset(SocketChannelImpl.java:403)
	at java.base/sun.nio.ch.SocketChannelImpl.implRead(SocketChannelImpl.java:419)
	at java.base/sun.nio.ch.SocketChannelImpl.read(SocketChannelImpl.java:493)
	at bg.sofia.uni.fmi.mjt.uno.server.ClientHandler.readMessageFromClient(ClientHandler.java:55)
	at bg.sofia.uni.fmi.mjt.uno.server.ClientHandler.run(ClientHandler.java:30)
	at java.base/java.lang.Thread.run(Thread.java:1575)
===================================================
Timestamp: 2025-01-29T12:26:56.972776500
Client Info: Username: krisi, Address: /127.0.0.1:59883
Log Level: ERROR
Message: Error occurred while handling client: Username: krisi, Address: /127.0.0.1:59883
Stacktrace:
java.net.SocketException: Connection reset
	at java.base/sun.nio.ch.SocketChannelImpl.throwConnectionReset(SocketChannelImpl.java:403)
	at java.base/sun.nio.ch.SocketChannelImpl.implRead(SocketChannelImpl.java:419)
	at java.base/sun.nio.ch.SocketChannelImpl.read(SocketChannelImpl.java:493)
	at bg.sofia.uni.fmi.mjt.uno.server.ClientHandler.readMessageFromClient(ClientHandler.java:55)
	at bg.sofia.uni.fmi.mjt.uno.server.ClientHandler.run(ClientHandler.java:30)
	at java.base/java.lang.Thread.run(Thread.java:1575)
===================================================
Timestamp: 2025-01-29T12:26:56.950774400
Client Info: Username: krisi, Address: /127.0.0.1:59883
Log Level: ERROR
Message: Error occurred while handling client: Username: krisi, Address: /127.0.0.1:59883
Stacktrace:
java.net.SocketException: Connection reset
	at java.base/sun.nio.ch.SocketChannelImpl.throwConnectionReset(SocketChannelImpl.java:403)
	at java.base/sun.nio.ch.SocketChannelImpl.implRead(SocketChannelImpl.java:419)
	at java.base/sun.nio.ch.SocketChannelImpl.read(SocketChannelImpl.java:493)
	at bg.sofia.uni.fmi.mjt.uno.server.ClientHandler.readMessageFromClient(ClientHandler.java:55)
	at bg.sofia.uni.fmi.mjt.uno.server.ClientHandler.run(ClientHandler.java:30)
	at java.base/java.lang.Thread.run(Thread.java:1575)
===================================================
Timestamp: 2025-01-29T12:26:56.960774600
Client Info: Username: krisi, Address: /127.0.0.1:59883
Log Level: ERROR
Message: Error occurred while handling client: Username: krisi, Address: /127.0.0.1:59883
Stacktrace:
java.net.SocketException: Connection reset
	at java.base/sun.nio.ch.SocketChannelImpl.throwConnectionReset(SocketChannelImpl.java:403)
	at java.base/sun.nio.ch.SocketChannelImpl.implRead(SocketChannelImpl.java:419)
	at java.base/sun.nio.ch.SocketChannelImpl.read(SocketChannelImpl.java:493)
	at bg.sofia.uni.fmi.mjt.uno.server.ClientHandler.readMessageFromClient(ClientHandler.java:55)
	at bg.sofia.uni.fmi.mjt.uno.server.ClientHandler.run(ClientHandler.java:30)
	at java.base/java.lang.Thread.run(Thread.java:1575)
===================================================
Timestamp: 2025-01-29T12:26:56.960774600
Client Info: Username: krisi, Address: /127.0.0.1:59883
Log Level: ERROR
Message: Error occurred while handling client: Username: krisi, Address: /127.0.0.1:59883
Stacktrace:
java.net.SocketException: Connection reset
	at java.base/sun.nio.ch.SocketChannelImpl.throwConnectionReset(SocketChannelImpl.java:403)
	at java.base/sun.nio.ch.SocketChannelImpl.implRead(SocketChannelImpl.java:419)
	at java.base/sun.nio.ch.SocketChannelImpl.read(SocketChannelImpl.java:493)
	at bg.sofia.uni.fmi.mjt.uno.server.ClientHandler.readMessageFromClient(ClientHandler.java:55)
	at bg.sofia.uni.fmi.mjt.uno.server.ClientHandler.run(ClientHandler.java:30)
	at java.base/java.lang.Thread.run(Thread.java:1575)
===================================================
Timestamp: 2025-01-29T12:26:56.976776
Client Info: Username: krisi, Address: /127.0.0.1:59883
Log Level: ERROR
Message: Error occurred while handling client: Username: krisi, Address: /127.0.0.1:59883
Stacktrace:
java.net.SocketException: Connection reset
	at java.base/sun.nio.ch.SocketChannelImpl.throwConnectionReset(SocketChannelImpl.java:403)
	at java.base/sun.nio.ch.SocketChannelImpl.implRead(SocketChannelImpl.java:419)
	at java.base/sun.nio.ch.SocketChannelImpl.read(SocketChannelImpl.java:493)
	at bg.sofia.uni.fmi.mjt.uno.server.ClientHandler.readMessageFromClient(ClientHandler.java:55)
	at bg.sofia.uni.fmi.mjt.uno.server.ClientHandler.run(ClientHandler.java:30)
	at java.base/java.lang.Thread.run(Thread.java:1575)
===================================================
Timestamp: 2025-01-29T12:26:56.959774200
Client Info: Username: krisi, Address: /127.0.0.1:59883
Log Level: ERROR
Message: Error occurred while handling client: Username: krisi, Address: /127.0.0.1:59883
Stacktrace:
java.net.SocketException: Connection reset
	at java.base/sun.nio.ch.SocketChannelImpl.throwConnectionReset(SocketChannelImpl.java:403)
	at java.base/sun.nio.ch.SocketChannelImpl.implRead(SocketChannelImpl.java:419)
	at java.base/sun.nio.ch.SocketChannelImpl.read(SocketChannelImpl.java:493)
	at bg.sofia.uni.fmi.mjt.uno.server.ClientHandler.readMessageFromClient(ClientHandler.java:55)
	at bg.sofia.uni.fmi.mjt.uno.server.ClientHandler.run(ClientHandler.java:30)
	at java.base/java.lang.Thread.run(Thread.java:1575)
===================================================
Timestamp: 2025-01-29T12:26:57.028414700
Client Info: Username: krisi, Address: /127.0.0.1:59883
Log Level: ERROR
Message: Error occurred while handling client: Username: krisi, Address: /127.0.0.1:59883
Stacktrace:
java.net.SocketException: Connection reset
	at java.base/sun.nio.ch.SocketChannelImpl.throwConnectionReset(SocketChannelImpl.java:403)
	at java.base/sun.nio.ch.SocketChannelImpl.implRead(SocketChannelImpl.java:419)
	at java.base/sun.nio.ch.SocketChannelImpl.read(SocketChannelImpl.java:493)
	at bg.sofia.uni.fmi.mjt.uno.server.ClientHandler.readMessageFromClient(ClientHandler.java:55)
	at bg.sofia.uni.fmi.mjt.uno.server.ClientHandler.run(ClientHandler.java:30)
	at java.base/java.lang.Thread.run(Thread.java:1575)
===================================================
Timestamp: 2025-01-29T12:26:56.962775
Client Info: Username: krisi, Address: /127.0.0.1:59883
Log Level: ERROR
Message: Error occurred while handling client: Username: krisi, Address: /127.0.0.1:59883
Stacktrace:
java.net.SocketException: Connection reset
	at java.base/sun.nio.ch.SocketChannelImpl.throwConnectionReset(SocketChannelImpl.java:403)
	at java.base/sun.nio.ch.SocketChannelImpl.implRead(SocketChannelImpl.java:419)
	at java.base/sun.nio.ch.SocketChannelImpl.read(SocketChannelImpl.java:493)
	at bg.sofia.uni.fmi.mjt.uno.server.ClientHandler.readMessageFromClient(ClientHandler.java:55)
	at bg.sofia.uni.fmi.mjt.uno.server.ClientHandler.run(ClientHandler.java:30)
	at java.base/java.lang.Thread.run(Thread.java:1575)
===================================================
Timestamp: 2025-01-29T12:26:56.952774200
Client Info: Username: krisi, Address: /127.0.0.1:59883
Log Level: ERROR
Message: Error occurred while handling client: Username: krisi, Address: /127.0.0.1:59883
Stacktrace:
java.net.SocketException: Connection reset
	at java.base/sun.nio.ch.SocketChannelImpl.throwConnectionReset(SocketChannelImpl.java:403)
	at java.base/sun.nio.ch.SocketChannelImpl.implRead(SocketChannelImpl.java:419)
	at java.base/sun.nio.ch.SocketChannelImpl.read(SocketChannelImpl.java:493)
	at bg.sofia.uni.fmi.mjt.uno.server.ClientHandler.readMessageFromClient(ClientHandler.java:55)
	at bg.sofia.uni.fmi.mjt.uno.server.ClientHandler.run(ClientHandler.java:30)
	at java.base/java.lang.Thread.run(Thread.java:1575)
===================================================
Timestamp: 2025-01-29T12:26:56.960774600
Client Info: Username: krisi, Address: /127.0.0.1:59883
Log Level: ERROR
Message: Error occurred while handling client: Username: krisi, Address: /127.0.0.1:59883
Stacktrace:
java.net.SocketException: Connection reset
	at java.base/sun.nio.ch.SocketChannelImpl.throwConnectionReset(SocketChannelImpl.java:403)
	at java.base/sun.nio.ch.SocketChannelImpl.implRead(SocketChannelImpl.java:419)
	at java.base/sun.nio.ch.SocketChannelImpl.read(SocketChannelImpl.java:493)
	at bg.sofia.uni.fmi.mjt.uno.server.ClientHandler.readMessageFromClient(ClientHandler.java:55)
	at bg.sofia.uni.fmi.mjt.uno.server.ClientHandler.run(ClientHandler.java:30)
	at java.base/java.lang.Thread.run(Thread.java:1575)
===================================================
Timestamp: 2025-01-29T12:26:56.960774600
Client Info: Username: krisi, Address: /127.0.0.1:59883
Log Level: ERROR
Message: Error occurred while handling client: Username: krisi, Address: /127.0.0.1:59883
Stacktrace:
java.net.SocketException: Connection reset
	at java.base/sun.nio.ch.SocketChannelImpl.throwConnectionReset(SocketChannelImpl.java:403)
	at java.base/sun.nio.ch.SocketChannelImpl.implRead(SocketChannelImpl.java:419)
	at java.base/sun.nio.ch.SocketChannelImpl.read(SocketChannelImpl.java:493)
	at bg.sofia.uni.fmi.mjt.uno.server.ClientHandler.readMessageFromClient(ClientHandler.java:55)
	at bg.sofia.uni.fmi.mjt.uno.server.ClientHandler.run(ClientHandler.java:30)
	at java.base/java.lang.Thread.run(Thread.java:1575)
===================================================
Timestamp: 2025-01-29T12:26:56.962775
Client Info: Username: krisi, Address: /127.0.0.1:59883
Log Level: ERROR
Message: Error occurred while handling client: Username: krisi, Address: /127.0.0.1:59883
Stacktrace:
java.net.SocketException: Connection reset
	at java.base/sun.nio.ch.SocketChannelImpl.throwConnectionReset(SocketChannelImpl.java:403)
	at java.base/sun.nio.ch.SocketChannelImpl.implRead(SocketChannelImpl.java:419)
	at java.base/sun.nio.ch.SocketChannelImpl.read(SocketChannelImpl.java:493)
	at bg.sofia.uni.fmi.mjt.uno.server.ClientHandler.readMessageFromClient(ClientHandler.java:55)
	at bg.sofia.uni.fmi.mjt.uno.server.ClientHandler.run(ClientHandler.java:30)
	at java.base/java.lang.Thread.run(Thread.java:1575)
===================================================
Timestamp: 2025-01-29T12:26:57.112992100
Client Info: Unknown (error retrieving client info)
Log Level: ERROR
Message: Error occurred while handling client: Unknown (error retrieving client info)
Stacktrace:
java.nio.channels.ClosedChannelException
	at java.base/sun.nio.ch.SocketChannelImpl.ensureOpenAndConnected(SocketChannelImpl.java:224)
	at java.base/sun.nio.ch.SocketChannelImpl.implRead(SocketChannelImpl.java:411)
	at java.base/sun.nio.ch.SocketChannelImpl.read(SocketChannelImpl.java:493)
	at bg.sofia.uni.fmi.mjt.uno.server.ClientHandler.readMessageFromClient(ClientHandler.java:55)
	at bg.sofia.uni.fmi.mjt.uno.server.ClientHandler.run(ClientHandler.java:30)
	at java.base/java.lang.Thread.run(Thread.java:1575)
===================================================
Timestamp: 2025-01-29T12:26:57.113991900
Client Info: Unknown (error retrieving client info)
Log Level: ERROR
Message: Error occurred while handling client: Unknown (error retrieving client info)
Stacktrace:
java.nio.channels.ClosedChannelException
	at java.base/sun.nio.ch.SocketChannelImpl.ensureOpenAndConnected(SocketChannelImpl.java:224)
	at java.base/sun.nio.ch.SocketChannelImpl.implRead(SocketChannelImpl.java:411)
	at java.base/sun.nio.ch.SocketChannelImpl.read(SocketChannelImpl.java:493)
	at bg.sofia.uni.fmi.mjt.uno.server.ClientHandler.readMessageFromClient(ClientHandler.java:55)
	at bg.sofia.uni.fmi.mjt.uno.server.ClientHandler.run(ClientHandler.java:30)
	at java.base/java.lang.Thread.run(Thread.java:1575)
===================================================
Timestamp: 2025-01-29T12:26:57.114992800
Client Info: Unknown (error retrieving client info)
Log Level: ERROR
Message: Error occurred while handling client: Unknown (error retrieving client info)
Stacktrace:
java.nio.channels.ClosedChannelException
	at java.base/sun.nio.ch.SocketChannelImpl.ensureOpenAndConnected(SocketChannelImpl.java:224)
	at java.base/sun.nio.ch.SocketChannelImpl.implRead(SocketChannelImpl.java:411)
	at java.base/sun.nio.ch.SocketChannelImpl.read(SocketChannelImpl.java:493)
	at bg.sofia.uni.fmi.mjt.uno.server.ClientHandler.readMessageFromClient(ClientHandler.java:55)
	at bg.sofia.uni.fmi.mjt.uno.server.ClientHandler.run(ClientHandler.java:30)
	at java.base/java.lang.Thread.run(Thread.java:1575)
===================================================
Timestamp: 2025-01-29T12:26:57.116992700
Client Info: Unknown (error retrieving client info)
Log Level: ERROR
Message: Error occurred while handling client: Unknown (error retrieving client info)
Stacktrace:
java.nio.channels.ClosedChannelException
	at java.base/sun.nio.ch.SocketChannelImpl.ensureOpenAndConnected(SocketChannelImpl.java:224)
	at java.base/sun.nio.ch.SocketChannelImpl.implRead(SocketChannelImpl.java:411)
	at java.base/sun.nio.ch.SocketChannelImpl.read(SocketChannelImpl.java:493)
	at bg.sofia.uni.fmi.mjt.uno.server.ClientHandler.readMessageFromClient(ClientHandler.java:55)
	at bg.sofia.uni.fmi.mjt.uno.server.ClientHandler.run(ClientHandler.java:30)
	at java.base/java.lang.Thread.run(Thread.java:1575)
===================================================
Timestamp: 2025-01-29T12:26:57.118993900
Client Info: Unknown (error retrieving client info)
Log Level: ERROR
Message: Error occurred while handling client: Unknown (error retrieving client info)
Stacktrace:
java.nio.channels.ClosedChannelException
	at java.base/sun.nio.ch.SocketChannelImpl.ensureOpenAndConnected(SocketChannelImpl.java:224)
	at java.base/sun.nio.ch.SocketChannelImpl.implRead(SocketChannelImpl.java:411)
	at java.base/sun.nio.ch.SocketChannelImpl.read(SocketChannelImpl.java:493)
	at bg.sofia.uni.fmi.mjt.uno.server.ClientHandler.readMessageFromClient(ClientHandler.java:55)
	at bg.sofia.uni.fmi.mjt.uno.server.ClientHandler.run(ClientHandler.java:30)
	at java.base/java.lang.Thread.run(Thread.java:1575)
===================================================
Timestamp: 2025-01-29T12:26:57.120992900
Client Info: Unknown (error retrieving client info)
Log Level: ERROR
Message: Error occurred while handling client: Unknown (error retrieving client info)
Stacktrace:
java.nio.channels.ClosedChannelException
	at java.base/sun.nio.ch.SocketChannelImpl.ensureOpenAndConnected(SocketChannelImpl.java:224)
	at java.base/sun.nio.ch.SocketChannelImpl.implRead(SocketChannelImpl.java:411)
	at java.base/sun.nio.ch.SocketChannelImpl.read(SocketChannelImpl.java:493)
	at bg.sofia.uni.fmi.mjt.uno.server.ClientHandler.readMessageFromClient(ClientHandler.java:55)
	at bg.sofia.uni.fmi.mjt.uno.server.ClientHandler.run(ClientHandler.java:30)
	at java.base/java.lang.Thread.run(Thread.java:1575)
===================================================
Timestamp: 2025-01-29T12:26:57.120992900
Client Info: Unknown (error retrieving client info)
Log Level: ERROR
Message: Error occurred while handling client: Unknown (error retrieving client info)
Stacktrace:
java.nio.channels.ClosedChannelException
	at java.base/sun.nio.ch.SocketChannelImpl.ensureOpenAndConnected(SocketChannelImpl.java:224)
	at java.base/sun.nio.ch.SocketChannelImpl.implRead(SocketChannelImpl.java:411)
	at java.base/sun.nio.ch.SocketChannelImpl.read(SocketChannelImpl.java:493)
	at bg.sofia.uni.fmi.mjt.uno.server.ClientHandler.readMessageFromClient(ClientHandler.java:55)
	at bg.sofia.uni.fmi.mjt.uno.server.ClientHandler.run(ClientHandler.java:30)
	at java.base/java.lang.Thread.run(Thread.java:1575)
===================================================
Timestamp: 2025-01-29T12:26:57.120992900
Client Info: Unknown (error retrieving client info)
Log Level: ERROR
Message: Error occurred while handling client: Unknown (error retrieving client info)
Stacktrace:
java.nio.channels.ClosedChannelException
	at java.base/sun.nio.ch.SocketChannelImpl.ensureOpenAndConnected(SocketChannelImpl.java:224)
	at java.base/sun.nio.ch.SocketChannelImpl.implRead(SocketChannelImpl.java:411)
	at java.base/sun.nio.ch.SocketChannelImpl.read(SocketChannelImpl.java:493)
	at bg.sofia.uni.fmi.mjt.uno.server.ClientHandler.readMessageFromClient(ClientHandler.java:55)
	at bg.sofia.uni.fmi.mjt.uno.server.ClientHandler.run(ClientHandler.java:30)
	at java.base/java.lang.Thread.run(Thread.java:1575)
===================================================
Timestamp: 2025-01-29T12:26:57.121992200
Client Info: Unknown (error retrieving client info)
Log Level: ERROR
Message: Error occurred while handling client: Unknown (error retrieving client info)
Stacktrace:
java.nio.channels.ClosedChannelException
	at java.base/sun.nio.ch.SocketChannelImpl.ensureOpenAndConnected(SocketChannelImpl.java:224)
	at java.base/sun.nio.ch.SocketChannelImpl.implRead(SocketChannelImpl.java:411)
	at java.base/sun.nio.ch.SocketChannelImpl.read(SocketChannelImpl.java:493)
	at bg.sofia.uni.fmi.mjt.uno.server.ClientHandler.readMessageFromClient(ClientHandler.java:55)
	at bg.sofia.uni.fmi.mjt.uno.server.ClientHandler.run(ClientHandler.java:30)
	at java.base/java.lang.Thread.run(Thread.java:1575)
===================================================
Timestamp: 2025-01-29T12:26:57.121992200
Client Info: Unknown (error retrieving client info)
Log Level: ERROR
Message: Error occurred while handling client: Unknown (error retrieving client info)
Stacktrace:
java.nio.channels.ClosedChannelException
	at java.base/sun.nio.ch.SocketChannelImpl.ensureOpenAndConnected(SocketChannelImpl.java:224)
	at java.base/sun.nio.ch.SocketChannelImpl.implRead(SocketChannelImpl.java:411)
	at java.base/sun.nio.ch.SocketChannelImpl.read(SocketChannelImpl.java:493)
	at bg.sofia.uni.fmi.mjt.uno.server.ClientHandler.readMessageFromClient(ClientHandler.java:55)
	at bg.sofia.uni.fmi.mjt.uno.server.ClientHandler.run(ClientHandler.java:30)
	at java.base/java.lang.Thread.run(Thread.java:1575)
===================================================
Timestamp: 2025-01-29T12:26:57.122991800
Client Info: Unknown (error retrieving client info)
Log Level: ERROR
Message: Error occurred while handling client: Unknown (error retrieving client info)
Stacktrace:
java.nio.channels.ClosedChannelException
	at java.base/sun.nio.ch.SocketChannelImpl.ensureOpenAndConnected(SocketChannelImpl.java:224)
	at java.base/sun.nio.ch.SocketChannelImpl.implRead(SocketChannelImpl.java:411)
	at java.base/sun.nio.ch.SocketChannelImpl.read(SocketChannelImpl.java:493)
	at bg.sofia.uni.fmi.mjt.uno.server.ClientHandler.readMessageFromClient(ClientHandler.java:55)
	at bg.sofia.uni.fmi.mjt.uno.server.ClientHandler.run(ClientHandler.java:30)
	at java.base/java.lang.Thread.run(Thread.java:1575)
